County_Name,personal_income_per_capita
Autauga,41618
Baldwin,45596
Barbour,35199
Bibb,30254
Blount,34976
Bullock,28797
Butler,36450
Calhoun,37120
Chambers,33859
Cherokee,35505
Chilton,34798
Choctaw,39280
Clarke,36361
Clay,33530
Cleburne,36159
Coffee,43094
Colbert,38378
Conecuh,32656
Coosa,31328
Covington,35651
Crenshaw,36645
Cullman,39607
Dale,36613
Dallas,36026
DeKalb,31916
Elmore,42269
Escambia,32996
Etowah,36918
Fayette,34966
Franklin,34318
Geneva,35192
Greene,32359
Hale,36585
Henry,40360
Houston,42398
Jackson,36567
Jefferson,54730
Lamar,33496
Lauderdale,37151
Lawrence,34125
Lee,38036
Limestone,42546
Lowndes,38991
Macon,32919
Madison,51445
Marengo,39801
Marion,33264
Marshall,36044
Mobile,38243
Monroe,33456
Montgomery,43688
Morgan,39991
Perry,30535
Pickens,32551
Pike,37359
Randolph,32411
Russell,33104
St. Clair,38569
Shelby,54369
Sumter,31664
Talladega,34718
Tallapoosa,40696
Tuscaloosa,38822
Walker,40197
Washington,36323
Wilcox,32215
Winston,35430
Aleutians East,56676
Aleutians West,54385
Anchorage,66510
Bethel,43500
Bristol Bay,143575
Denali,82919
Dillingham,59621
Fairbanks North Star,56606
Haines,67059
Hoonah-Angoon,61752
Juneau,68145
Kenai Peninsula,52015
Ketchikan Gateway,67602
Kodiak Island,63938
Kusilvak,30099
Lake and Peninsula,65414
Matanuska-Susitna,45897
Nome,51378
North Slope,83489
Northwest Arctic,47854
Petersburg,69995
Prince of Wales-Hyder,43707
Sitka,71972
Skagway,81471
Southeast Fairbanks,49398
Valdez-Cordova,62307
Wrangell,47658
Yakutat,58937
Yukon-Koyukuk,59010
Apache,34355
Cochise,40308
Coconino,48129
Gila,40267
Graham,31597
Greenlee,39855
La Paz,30948
Maricopa,47694
Mohave,33148
Navajo,32165
Pima,44028
Pinal,30644
Santa Cruz,39057
Yavapai,40312
Yuma,35682
Arkansas,45290
Ashley,34813
Baxter,37106
Benton,88890
Boone,36089
Bradley,39491
Calhoun,34426
Carroll,33690
Chicot,36293
Clark,36314
Clay,34149
Cleburne,38307
Cleveland,40344
Columbia,38749
Conway,38191
Craighead,37531
Crawford,32952
Crittenden,36978
Cross,35949
Dallas,34645
Desha,37828
Drew,37148
Faulkner,37598
Franklin,34275
Fulton,28994
Garland,40004
Grant,38201
Greene,34895
Hempstead,32515
Hot Spring,30580
Howard,35292
Independence,35086
Izard,30608
Jackson,35880
Jefferson,35356
Johnson,28970
Lafayette,36292
Lawrence,35126
Lee,27619
Lincoln,27002
Little River,34086
Logan,34490
Lonoke,38764
Madison,35496
Marion,30743
Miller,33401
Mississippi,31428
Monroe,32651
Montgomery,30834
Nevada,34180
Newton,28808
Ouachita,36907
Perry,34877
Phillips,31128
Pike,33113
Poinsett,32315
Polk,30751
Pope,35261
Prairie,35935
Pulaski,51185
Randolph,33486
St. Francis,27948
Saline,41397
Scott,31401
Searcy,28511
Sebastian,42110
Sevier,31436
Sharp,32012
Stone,31086
Union,46474
Van Buren,31176
Washington,40247
White,35445
Woodruff,37545
Yell,33320
Alameda,76644
Alpine,73307
Amador,44793
Butte,44346
Calaveras,49893
Colusa,49094
Contra Costa,82506
Del Norte,37268
El Dorado,67464
Fresno,43084
Glenn,48613
Humboldt,48739
Imperial,36974
Inyo,61358
Kern,39703
Kings,35306
Lake,43185
Lassen,37844
Los Angeles,62224
Madera,39897
Marin,134275
Mariposa,53143
Mendocino,50150
Merced,38519
Modoc,44822
Mono,51325
Monterey,56193
Napa,74984
Nevada,61799
Orange,69268
Placer,66700
Plumas,53599
Riverside,40637
Sacramento,52544
San Benito,53822
San Bernardino,40316
San Diego,61386
San Francisco,130696
San Joaquin,44995
San Luis Obispo,58491
San Mateo,126392
Santa Barbara,62690
Santa Clara,107877
Santa Cruz,69355
Shasta,46582
Sierra,46615
Siskiyou,45065
Solano,51664
Sonoma,64501
Stanislaus,44120
Sutter,44535
Tehama,42483
Trinity,40640
Tulare,40420
Tuolumne,47838
Ventura,61712
Yolo,54118
Yuba,40929
Adams,43315
Alamosa,37351
Arapahoe,60180
Archuleta,41947
Baca,40968
Bent,27574
Boulder,73394
Broomfield,66410
Chaffee,46998
Cheyenne,56699
Clear Creek,61300
Conejos,36894
Costilla,34282
Crowley,19141
Custer,41681
Delta,38855
Denver,79849
Dolores,34935
Douglas,73662
Eagle,78152
Elbert,57334
El Paso,48467
Fremont,35435
Garfield,59653
Gilpin,48128
Grand,49845
Gunnison,47149
Hinsdale,50698
Huerfano,42459
Jackson,49723
Jefferson,63536
Kiowa,50117
Kit Carson,37274
Lake,37106
La Plata,55807
Larimer,54188
Las Animas,40765
Lincoln,28828
Logan,48161
Mesa,44935
Mineral,71095
Moffat,42130
Montezuma,42998
Montrose,39930
Morgan,45685
Otero,38190
Ouray,59639
Park,45113
Phillips,44399
Pitkin,149207
Prowers,42259
Pueblo,39511
Rio Blanco,46809
Rio Grande,46717
Routt,83702
Saguache,30172
San Juan,44029
San Miguel,85432
Sedgwick,49004
Summit,67763
Teller,49197
Washington,44687
Weld,46172
Yuma,50364
Fairfield,120630
Hartford,64853
Litchfield,64949
Middlesex,68673
New Haven,56650
New London,59264
Tolland,56614
Windham,47264
Kent,42023
New Castle,56745
Sussex,50333
Alachua,44390
Baker,32313
Bay,43231
Bradford,33557
Brevard,45425
Broward,50269
Calhoun,26873
Charlotte,41564
Citrus,37920
Clay,42909
Collier,92686
Columbia,35074
DeSoto,23610
Dixie,27956
Duval,46174
Escambia,42537
Flagler,46220
Franklin,35988
Gadsden,35139
Gilchrist,33774
Glades,24467
Gulf,35701
Hamilton,26016
Hardee,28285
Hendry,31071
Hernando,36878
Highlands,33453
Hillsborough,47000
Holmes,30468
Indian River,76059
Jackson,32106
Jefferson,40736
Lafayette,24148
Lake,42190
Lee,51266
Leon,44482
Levy,35204
Liberty,23582
Madison,31675
Manatee,47378
Marion,36997
Martin,83873
Miami-Dade,50022
Monroe,92119
Nassau,57877
Okaloosa,48875
Okeechobee,30661
Orange,44647
Osceola,33346
Palm Beach,79760
Pasco,40313
Pinellas,53455
Polk,35463
Putnam,31773
St. Johns,68149
St. Lucie,39374
Santa Rosa,44527
Sarasota,64868
Seminole,49049
Sumter,46100
Suwannee,33068
Taylor,30346
Union,22227
Volusia,42374
Wakulla,37026
Walton,59728
Washington,29414
Appling,33268
Atkinson,30511
Bacon,33080
Baker,38666
Baldwin,33203
Banks,36276
Barrow,36898
Bartow,38298
Ben Hill,31436
Berrien,31535
Bibb,41709
Bleckley,33672
Brantley,27413
Brooks,34944
Bryan,52456
Bulloch,32382
Burke,35524
Butts,34297
Calhoun,24638
Camden,36113
Candler,31385
Carroll,38571
Catoosa,35158
Charlton,24976
Chatham,47563
Chattahoochee,31115
Chattooga,30946
Cherokee,51137
Clarke,33970
Clay,31520
Clayton,28020
Clinch,37548
Cobb,57162
Coffee,32644
Colquitt,32526
Columbia,49473
Cook,32524
Coweta,46438
Crawford,33784
Crisp,32540
Dade,35640
Dawson,45201
Decatur,36150
DeKalb,50871
Dodge,30682
Dooly,28297
Dougherty,34744
Douglas,35230
Early,38945
Echols,27880
Effingham,41942
Elbert,35448
Emanuel,32187
Evans,35212
Fannin,35727
Fayette,63515
Floyd,38524
Forsyth,62580
Franklin,36672
Fulton,84386
Gilmer,35419
Glascock,33931
Glynn,46073
Gordon,36947
Grady,34899
Greene,55396
Gwinnett,41458
Habersham,33925
Hall,43701
Hancock,29917
Haralson,36508
Harris,47469
Hart,38125
Heard,31144
Henry,39184
Houston,42625
Irwin,32824
Jackson,42211
Jasper,40606
Jeff Davis,29943
Jefferson,34034
Jenkins,29250
Johnson,26195
Jones,37618
Lamar,33079
Lanier,27561
Laurens,37372
Lee,47258
Liberty,35805
Lincoln,37333
Long,27071
Lowndes,37443
Lumpkin,37427
McDuffie,36982
McIntosh,29519
Macon,31028
Madison,36557
Marion,29333
Meriwether,34847
Miller,40826
Mitchell,35069
Monroe,44790
Montgomery,29408
Morgan,50541
Murray,29968
Muscogee,44149
Newton,33750
Oconee,66740
Oglethorpe,37709
Paulding,37727
Peach,38066
Pickens,47887
Pierce,36065
Pike,39851
Polk,32368
Pulaski,30358
Putnam,41839
Quitman,30902
Rabun,41128
Randolph,33238
Richmond,38196
Rockdale,35244
Schley,30931
Screven,35010
Seminole,40217
Spalding,34772
Stephens,38915
Stewart,22771
Sumter,35847
Talbot,34504
Taliaferro,33927
Tattnall,28406
Taylor,30141
Telfair,20923
Terrell,40325
Thomas,44355
Tift,37805
Toombs,35517
Towns,37858
Treutlen,30119
Troup,36476
Turner,34396
Twiggs,39530
Union,36581
Upson,35133
Walker,32826
Walton,40458
Ware,33906
Warren,34598
Washington,35296
Wayne,31954
Webster,33109
Wheeler,19631
White,34961
Whitfield,38752
Wilcox,26712
Wilkes,39472
Wilkinson,35204
Worth,34380
Hawaii,42449
Honolulu,59608
Kalawao,
Kauai,49416
Maui,49040
Ada,52958
Adams,37452
Bannock,38160
Bear Lake,38493
Benewah,37383
Bingham,36335
Blaine,113780
Boise,43392
Bonner,41209
Bonneville,48287
Boundary,36934
Butte,38961
Camas,38600
Canyon,32680
Caribou,39146
Cassia,45220
Clark,39408
Clearwater,34506
Custer,43185
Elmore,36855
Franklin,36064
Fremont,36908
Gem,37796
Gooding,52875
Idaho,35122
Jefferson,34900
Jerome,38184
Kootenai,44987
Latah,41341
Lemhi,41565
Lewis,47267
Lincoln,34821
Madison,26407
Minidoka,38159
Nez Perce,44397
Oneida,35234
Owyhee,33372
Payette,38933
Power,36667
Shoshone,35537
Teton,39858
Twin Falls,39623
Valley,49630
Washington,36225
Adams,46886
Alexander,34713
Bond,37653
Boone,47437
Brown,35166
Bureau,43931
Calhoun,42511
Carroll,42399
Cass,42649
Champaign,45328
Christian,41724
Clark,43012
Clay,40351
Clinton,48253
Coles,40995
Cook,62205
Crawford,48332
Cumberland,43778
DeKalb,40929
De Witt,47205
Douglas,51537
DuPage,72889
Edgar,42184
Edwards,40331
Effingham,50599
Fayette,35456
Ford,52879
Franklin,37355
Fulton,38361
Gallatin,44602
Greene,36912
Grundy,51657
Hamilton,43349
Hancock,46081
Hardin,37155
Henderson,41951
Henry,45072
Iroquois,43258
Jackson,37284
Jasper,45961
Jefferson,39581
Jersey,41522
Jo Daviess,49061
Johnson,35956
Kane,51333
Kankakee,41290
Kendall,49033
Knox,39471
Lake,78559
LaSalle,44632
Lawrence,29911
Lee,41788
Livingston,44775
Logan,38339
McDonough,38692
McHenry,55720
McLean,49180
Macon,48214
Macoupin,41607
Madison,46890
Marion,43059
Marshall,46015
Mason,42510
Massac,38360
Menard,47233
Mercer,45046
Monroe,58686
Montgomery,37717
Morgan,41359
Moultrie,62718
Ogle,46755
Peoria,51135
Perry,38369
Piatt,54258
Pike,42768
Pope,30306
Pulaski,36146
Putnam,58869
Randolph,36905
Richland,42555
Rock Island,44802
St. Clair,45061
Saline,39687
Sangamon,48891
Schuyler,44200
Scott,42720
Shelby,41512
Stark,42877
Stephenson,42722
Tazewell,47862
Union,42760
Vermilion,39481
Wabash,43571
Warren,41274
Washington,51144
Wayne,41164
White,49605
Whiteside,44016
Will,52953
Williamson,44509
Winnebago,43742
Woodford,52928
Adams,39167
Allen,46288
Bartholomew,49922
Benton,42775
Blackford,37677
Boone,73531
Brown,46785
Carroll,44201
Cass,38788
Clark,43763
Clay,38615
Clinton,39172
Crawford,33483
Daviess,42064
Dearborn,47454
Decatur,42733
DeKalb,44069
Delaware,37201
Dubois,56488
Elkhart,46816
Fayette,40939
Floyd,55480
Fountain,41010
Franklin,46629
Fulton,41437
Gibson,45385
Grant,40444
Greene,39840
Hamilton,74717
Hancock,50422
Harrison,41862
Hendricks,49641
Henry,38336
Howard,41842
Huntington,42292
Jackson,42722
Jasper,43293
Jay,39321
Jefferson,41981
Jennings,38959
Johnson,48332
Knox,44626
Kosciusko,47799
LaGrange,42146
Lake,45172
LaPorte,42527
Lawrence,40614
Madison,38172
Marion,51940
Marshall,41329
Martin,39941
Miami,35039
Monroe,42212
Montgomery,40056
Morgan,44183
Newton,39818
Noble,39798
Ohio,40714
Orange,38124
Owen,40081
Parke,36345
Perry,37851
Pike,40714
Porter,53130
Posey,48180
Pulaski,43522
Putnam,37479
Randolph,38491
Ripley,41817
Rush,46945
St. Joseph,47673
Scott,37475
Shelby,43854
Spencer,43971
Starke,35347
Steuben,43231
Sullivan,35181
Switzerland,30827
Tippecanoe,39169
Tipton,46610
Union,38998
Vanderburgh,45893
Vermillion,39411
Vigo,38970
Wabash,43820
Warren,45419
Warrick,56476
Washington,38123
Wayne,41505
Wells,42730
White,43852
Whitley,44528
Adair,51989
Adams,66319
Allamakee,45745
Appanoose,38478
Audubon,48279
Benton,53994
Black Hawk,44764
Boone,49606
Bremer,49405
Buchanan,46491
Buena Vista,50000
Butler,49863
Calhoun,51217
Carroll,54456
Cass,48327
Cedar,53356
Cerro Gordo,53342
Cherokee,62827
Chickasaw,58354
Clarke,43888
Clay,51876
Clayton,50371
Clinton,44244
Crawford,41765
Dallas,66128
Davis,36921
Decatur,35908
Delaware,51998
Des Moines,50515
Dickinson,58592
Dubuque,49085
Emmet,43501
Fayette,44263
Floyd,46560
Franklin,51971
Fremont,45399
Greene,48356
Grundy,53270
Guthrie,52694
Hamilton,53071
Hancock,54791
Hardin,52677
Harrison,44895
Henry,43223
Howard,48232
Humboldt,50201
Ida,52758
Iowa,55204
Jackson,45167
Jasper,43551
Jefferson,42320
Johnson,52672
Jones,43652
Keokuk,44509
Kossuth,52992
Lee,42174
Linn,52743
Louisa,41038
Lucas,42126
Lyon,60892
Madison,49505
Mahaska,43914
Marion,48956
Marshall,43652
Mills,56647
Mitchell,63318
Monona,48118
Monroe,43833
Montgomery,42280
Muscatine,47553
O'Brien,59835
Osceola,57164
Page,41629
Palo Alto,53056
Plymouth,57589
Pocahontas,52699
Polk,53215
Pottawattamie,45604
Poweshiek,46950
Ringgold,45714
Sac,56931
Scott,54323
Shelby,50834
Sioux,56029
Story,41885
Tama,46483
Taylor,41585
Union,40494
Van Buren,41378
Wapello,39002
Warren,50698
Washington,57438
Wayne,43981
Webster,45496
Winnebago,44528
Winneshiek,50175
Woodbury,43988
Worth,42321
Wright,56451
Allen,40218
Anderson,38539
Atchison,37436
Barber,42497
Barton,48036
Bourbon,42697
Brown,43023
Butler,46157
Chase,46385
Chautauqua,40661
Cherokee,39645
Cheyenne,47268
Clark,62654
Clay,42069
Cloud,38144
Coffey,54074
Comanche,45954
Cowley,38707
Crawford,37921
Decatur,46614
Dickinson,40582
Doniphan,37405
Douglas,43642
Edwards,52165
Elk,40899
Ellis,46465
Ellsworth,43316
Finney,43172
Ford,38962
Franklin,42383
Geary,48907
Gove,58539
Graham,49624
Grant,46591
Gray,66429
Greeley,59191
Greenwood,42708
Hamilton,63834
Harper,47024
Harvey,42057
Haskell,52783
Hodgeman,49176
Jackson,41686
Jefferson,44480
Jewell,48428
Johnson,74010
Kearny,56466
Kingman,42572
Kiowa,44262
Labette,42127
Lane,93628
Leavenworth,42851
Lincoln,41574
Linn,37267
Logan,47852
Lyon,38297
McPherson,51016
Marion,41410
Marshall,45766
Meade,64262
Miami,48748
Mitchell,54694
Montgomery,37576
Morris,42424
Morton,43644
Nemaha,54111
Neosho,39485
Ness,57310
Norton,42080
Osage,40102
Osborne,46018
Ottawa,41201
Pawnee,39223
Phillips,51320
Pottawatomie,52564
Pratt,47327
Rawlins,55821
Reno,41111
Republic,44273
Rice,42788
Riley,42566
Rooks,42363
Rush,44302
Russell,44443
Saline,49983
Scott,69254
Sedgwick,53776
Seward,38621
Shawnee,46861
Sheridan,50706
Sherman,45156
Smith,45484
Stafford,44534
Stanton,63897
Stevens,38970
Sumner,40027
Thomas,45671
Trego,50889
Wabaunsee,50534
Wallace,56954
Washington,45181
Wichita,70142
Wilson,43433
Woodson,35561
Wyandotte,33315
Adair,31288
Allen,32643
Anderson,39321
Ballard,37939
Barren,36633
Bath,30496
Bell,29612
Boone,48004
Bourbon,44388
Boyd,39746
Boyle,37780
Bracken,36758
Breathitt,33753
Breckinridge,34461
Bullitt,40935
Butler,34420
Caldwell,35066
Calloway,35722
Campbell,49015
Carlisle,43860
Carroll,36349
Carter,30847
Casey,31205
Christian,37742
Clark,39848
Clay,30566
Clinton,31308
Crittenden,35325
Cumberland,35549
Daviess,41754
Edmonson,32253
Elliott,22481
Estill,31555
Fayette,50180
Fleming,33537
Floyd,36976
Franklin,41760
Fulton,33715
Gallatin,32065
Garrard,34363
Grant,36093
Graves,38130
Grayson,33580
Green,34570
Greenup,40933
Hancock,36929
Hardin,43424
Harlan,30877
Harrison,34889
Hart,32133
Henderson,39891
Henry,37981
Hickman,44912
Hopkins,39236
Jackson,28352
Jefferson,51937
Jessamine,43470
Johnson,32986
Kenton,57982
Knott,30118
Knox,29431
Larue,36525
Laurel,33921
Lawrence,31654
Lee,30157
Leslie,32724
Letcher,30852
Lewis,31156
Lincoln,31399
Livingston,37792
Logan,36005
Lyon,36652
McCracken,48383
McCreary,25835
McLean,41603
Madison,35397
Magoffin,30537
Marion,36083
Marshall,41625
Martin,29840
Mason,40541
Meade,40026
Menifee,30305
Mercer,37146
Metcalfe,31512
Monroe,36385
Montgomery,34751
Morgan,26831
Muhlenberg,33892
Nelson,42442
Nicholas,33999
Ohio,33262
Oldham,63039
Owen,33940
Owsley,31486
Pendleton,43757
Perry,38523
Pike,36319
Powell,31498
Pulaski,37024
Robertson,32815
Rockcastle,31176
Rowan,30777
Russell,34343
Scott,43409
Shelby,45392
Simpson,38189
Spencer,43960
Taylor,35020
Todd,38508
Trigg,36495
Trimble,36565
Union,33736
Warren,38045
Washington,37824
Wayne,28484
Webster,39188
Whitley,33447
Wolfe,31083
Woodford,51753
Acadia,37304
Allen,33381
Ascension,49829
Assumption,46788
Avoyelles,37911
Beauregard,42782
Bienville,38493
Bossier,44149
Caddo,48413
Calcasieu,48968
Caldwell,33950
Cameron,50280
Catahoula,33655
Claiborne,35240
Concordia,32942
De Soto,40584
East Baton Rouge,51386
East Carroll,36010
East Feliciana,42771
Evangeline,33671
Franklin,31928
Grant,31828
Iberia,39270
Iberville,41423
Jackson,34116
Jefferson,51005
Jefferson Davis,42334
Lafayette,50273
Lafourche,47096
La Salle,32413
Lincoln,40410
Livingston,40658
Madison,32437
Morehouse,38495
Natchitoches,39860
Orleans,52004
Ouachita,41053
Plaquemines,49376
Pointe Coupee,44366
Rapides,46090
Red River,42201
Richland,37330
Sabine,34558
St. Bernard,32130
St. Charles,49353
St. Helena,41592
St. James,48484
St. John the Baptist,40573
St. Landry,41191
St. Martin,37645
St. Mary,39280
St. Tammany,62366
Tangipahoa,38974
Tensas,36630
Terrebonne,41504
Union,38794
Vermilion,39042
Vernon,40729
Washington,33480
Webster,40175
West Baton Rouge,46976
West Carroll,36633
West Feliciana,38655
Winn,36698
Androscoggin,41528
Aroostook,41241
Cumberland,62523
Franklin,38544
Hancock,51259
Kennebec,44940
Knox,52358
Lincoln,50922
Oxford,37999
Penobscot,42053
Piscataquis,38427
Sagadahoc,51325
Somerset,38142
Waldo,40912
Washington,40378
York,52068
Allegany,40517
Anne Arundel,67363
Baltimore,61556
Calvert,62591
Caroline,45906
Carroll,63039
Cecil,47695
Charles,57051
Dorchester,46562
Frederick,61869
Garrett,45595
Harford,58841
Howard,78416
Kent,61497
Montgomery,89690
Prince George's,49420
Queen Anne's,64810
St. Mary's,56820
Somerset,31562
Talbot,73232
Washington,47092
Wicomico,42054
Worcester,60007
Baltimore City,51357
Barnstable,74756
Berkshire,56503
Bristol,54089
Dukes,93726
Essex,67507
Franklin,54689
Hampden,51187
Hampshire,52984
Middlesex,83795
Nantucket,124168
Norfolk,92285
Plymouth,67505
Suffolk,81152
Worcester,57003
Alcona,38375
Alger,33767
Allegan,45182
Alpena,40985
Antrim,47070
Arenac,37369
Baraga,33519
Barry,44919
Bay,41722
Benzie,43557
Berrien,47430
Branch,37622
Calhoun,40276
Cass,44994
Charlevoix,52885
Cheboygan,40080
Chippewa,34269
Clare,34120
Clinton,46518
Crawford,34648
Delta,40551
Dickinson,49397
Eaton,42693
Emmet,57115
Genesee,41068
Gladwin,36874
Gogebic,39945
Grand Traverse,50639
Gratiot,37834
Hillsdale,36598
Houghton,37674
Huron,45425
Ingham,40761
Ionia,35273
Iosco,37970
Iron,44959
Isabella,35501
Jackson,39832
Kalamazoo,48723
Kalkaska,34623
Kent,53935
Keweenaw,47618
Lake,31813
Lapeer,43679
Leelanau,67320
Lenawee,39600
Livingston,58326
Luce,31827
Mackinac,44457
Macomb,46530
Manistee,38814
Marquette,40036
Mason,41667
Mecosta,34252
Menominee,43594
Midland,60467
Missaukee,34972
Monroe,47496
Montcalm,34972
Montmorency,37363
Muskegon,39072
Newaygo,38037
Oakland,72741
Oceana,37950
Ogemaw,35396
Ontonagon,40129
Osceola,36023
Oscoda,33896
Otsego,40589
Ottawa,49418
Presque Isle,39004
Roscommon,37141
Saginaw,38754
St. Clair,44316
St. Joseph,38866
Sanilac,38004
Schoolcraft,39948
Shiawassee,39435
Tuscola,37979
Van Buren,41123
Washtenaw,59363
Wayne,42942
Wexford,36454
Aitkin,39780
Anoka,51258
Becker,47272
Beltrami,41565
Benton,43830
Big Stone,57221
Blue Earth,44383
Brown,52995
Carlton,43098
Carver,71350
Cass,47443
Chippewa,49836
Chisago,48750
Clay,43180
Clearwater,44001
Cook,55319
Cottonwood,47982
Crow Wing,45610
Dakota,60651
Dodge,47984
Douglas,53665
Faribault,43343
Fillmore,45378
Freeborn,45808
Goodhue,53549
Grant,52556
Hennepin,74698
Houston,52354
Hubbard,43235
Isanti,44049
Itasca,43685
Jackson,53276
Kanabec,42509
Kandiyohi,54667
Kittson,55597
Koochiching,41890
Lac qui Parle,55688
Lake,48132
Lake of the Woods,57357
Le Sueur,48799
Lincoln,48520
Lyon,49455
McLeod,49136
Mahnomen,36950
Marshall,51509
Martin,50083
Meeker,43944
Mille Lacs,41582
Morrison,42568
Mower,48423
Murray,54825
Nicollet,49605
Nobles,45100
Norman,44254
Olmsted,58554
Otter Tail,48275
Pennington,55399
Pine,37067
Pipestone,58004
Polk,48820
Pope,52091
Ramsey,54934
Red Lake,51750
Redwood,49732
Renville,51432
Rice,44096
Rock,51956
Roseau,51307
St. Louis,47417
Scott,59687
Sherburne,47031
Sibley,46632
Stearns,47196
Steele,47604
Stevens,49913
Swift,51320
Todd,42005
Traverse,61255
Wabasha,48724
Wadena,39746
Waseca,44556
Washington,67928
Watonwan,42979
Wilkin,59516
Winona,50036
Wright,50181
Yellow Medicine,57186
Adams,33880
Alcorn,36003
Amite,33460
Attala,33809
Benton,30285
Bolivar,38213
Calhoun,33043
Carroll,37615
Chickasaw,34805
Choctaw,33646
Claiborne,31494
Clarke,36431
Clay,39191
Coahoma,33915
Copiah,33203
Covington,35748
DeSoto,40702
Forrest,38880
Franklin,33970
George,32529
Greene,28716
Grenada,35632
Hancock,35262
Harrison,37303
Hinds,39311
Holmes,28371
Humphreys,31864
Issaquena,18541
Itawamba,34734
Jackson,37499
Jasper,37281
Jefferson,33098
Jefferson Davis,30097
Jones,38122
Kemper,29287
Lafayette,42110
Lamar,40529
Lauderdale,37959
Lawrence,34616
Leake,31436
Lee,41934
Leflore,36399
Lincoln,38682
Lowndes,38498
Madison,64033
Marion,34526
Marshall,32341
Monroe,34664
Montgomery,34180
Neshoba,36604
Newton,34645
Noxubee,32805
Oktibbeha,34367
Panola,32496
Pearl River,36230
Perry,31934
Pike,31048
Pontotoc,32996
Prentiss,30743
Quitman,27088
Rankin,44661
Scott,32095
Sharkey,32070
Simpson,37036
Smith,35791
Stone,31516
Sunflower,30859
Tallahatchie,27757
Tate,35182
Tippah,33919
Tishomingo,33559
Tunica,32425
Union,32242
Walthall,31757
Warren,39580
Washington,37568
Wayne,34775
Webster,38464
Wilkinson,29413
Winston,35742
Yalobusha,36729
Yazoo,27275
Adair,33578
Andrew,45118
Atchison,42633
Audrain,40111
Barry,34540
Barton,35884
Bates,38864
Benton,35973
Bollinger,32454
Boone,47687
Buchanan,39810
Butler,35302
Caldwell,37301
Callaway,38686
Camden,38794
Cape Girardeau,46314
Carroll,45110
Carter,32045
Cass,47151
Cedar,31664
Chariton,42227
Christian,40301
Clark,34516
Clay,48381
Clinton,42988
Cole,47790
Cooper,38916
Crawford,36090
Dade,34181
Dallas,33184
Daviess,34491
DeKalb,28294
Dent,33231
Douglas,28305
Dunklin,34129
Franklin,45719
Gasconade,40316
Gentry,41470
Greene,44837
Grundy,34723
Harrison,38274
Henry,43018
Hickory,27787
Holt,45259
Howard,38796
Howell,34055
Iron,34164
Jackson,47054
Jasper,39973
Jefferson,42780
Johnson,36777
Knox,32711
Laclede,36558
Lafayette,42119
Lawrence,34301
Lewis,35249
Lincoln,40788
Linn,40356
Livingston,39805
McDonald,28018
Macon,42414
Madison,36865
Maries,33348
Marion,41068
Mercer,32388
Miller,35547
Mississippi,32216
Moniteau,37533
Monroe,42672
Montgomery,40396
Morgan,42873
New Madrid,33869
Newton,39334
Nodaway,31013
Oregon,28722
Osage,45582
Ozark,30043
Pemiscot,32811
Perry,41321
Pettis,37763
Phelps,39132
Pike,34828
Platte,58878
Polk,33703
Pulaski,40512
Putnam,33945
Ralls,40698
Randolph,39903
Ray,42305
Reynolds,35034
Ripley,30437
St. Charles,53745
St. Clair,29830
Ste. Genevieve,41822
St. Francois,34485
St. Louis,71360
Saline,38580
Schuyler,29013
Scotland,33262
Scott,40221
Shannon,30503
Shelby,40356
Stoddard,37020
Stone,38900
Sullivan,37649
Taney,35956
Texas,28169
Vernon,35930
Warren,41674
Washington,29606
Wayne,29581
Webster,32589
Worth,35573
Wright,32178
St. Louis City,47643
Beaverhead,44664
Big Horn,30533
Blaine,31263
Broadwater,39306
Carbon,47442
Carter,44358
Cascade,47518
Chouteau,37340
Custer,44689
Daniels,48086
Dawson,45295
Deer Lodge,39063
Fallon,49509
Fergus,43808
Flathead,47331
Gallatin,54734
Garfield,36291
Glacier,34458
Golden Valley,49137
Granite,43791
Hill,45017
Jefferson,47960
Judith Basin,50492
Lake,39365
Lewis and Clark,48562
Liberty,40956
Lincoln,35432
McCone,42209
Madison,49115
Meagher,46128
Mineral,39957
Missoula,49492
Musselshell,43133
Park,48114
Petroleum,35772
Phillips,39172
Pondera,42363
Powder River,32479
Powell,39771
Prairie,44739
Ravalli,44602
Richland,61217
Roosevelt,34794
Rosebud,42250
Sanders,34896
Sheridan,52541
Silver Bow,48939
Stillwater,51773
Sweet Grass,44455
Teton,44369
Toole,45481
Treasure,48415
Valley,46911
Wheatland,35934
Wibaux,50940
Yellowstone,52340
Adams,49139
Antelope,46981
Arthur,46901
Banner,58252
Blaine,45788
Boone,54024
Box Butte,47359
Boyd,55795
Brown,51496
Buffalo,54052
Burt,50268
Butler,47286
Cass,53602
Cedar,52839
Chase,49267
Cherry,45124
Cheyenne,48263
Clay,47220
Colfax,43106
Cuming,58610
Custer,44290
Dakota,41831
Dawes,37092
Dawson,43055
Deuel,44289
Dixon,44185
Dodge,47330
Douglas,63435
Dundy,53144
Fillmore,57068
Franklin,47132
Frontier,44469
Furnas,49008
Gage,49863
Garden,40892
Garfield,43905
Gosper,52671
Grant,42545
Greeley,45109
Hall,43625
Hamilton,54782
Harlan,48143
Hayes,45409
Hitchcock,37990
Holt,51404
Hooker,52667
Howard,41377
Jefferson,48757
Johnson,37179
Kearney,56309
Keith,45896
Keya Paha,58784
Kimball,44069
Knox,48268
Lancaster,49889
Lincoln,46623
Logan,37603
Loup,45361
McPherson,45530
Madison,50630
Merrick,47386
Morrill,49071
Nance,38000
Nemaha,48807
Nuckolls,50836
Otoe,53850
Pawnee,48851
Perkins,55692
Phelps,52792
Pierce,57141
Platte,49386
Polk,51004
Red Willow,46270
Richardson,48195
Rock,49241
Saline,43763
Sarpy,50333
Saunders,52193
Scotts Bluff,44171
Seward,49832
Sheridan,47076
Sherman,44953
Sioux,42404
Stanton,48167
Thayer,57523
Thomas,53979
Thurston,41468
Valley,45713
Washington,56640
Wayne,44622
Webster,48607
Wheeler,72878
York,49892
Churchill,43661
Clark,47090
Douglas,75159
Elko,46808
Esmeralda,40113
Eureka,39903
Humboldt,46927
Lander,63923
Lincoln,36604
Lyon,38713
Mineral,38074
Nye,37835
Pershing,32592
Storey,59651
Washoe,59639
White Pine,44736
Carson City,50754
Belknap,61091
Carroll,58949
Cheshire,51969
Coos,43098
Grafton,60426
Hillsborough,61147
Merrimack,57924
Rockingham,73819
Strafford,50574
Sullivan,51682
Atlantic,48668
Bergen,85951
Burlington,62120
Camden,54103
Cape May,60877
Cumberland,40289
Essex,67459
Gloucester,54745
Hudson,65139
Hunterdon,89610
Mercer,69344
Middlesex,61065
Monmouth,79978
Morris,98842
Ocean,52008
Passaic,50570
Salem,48496
Somerset,106194
Sussex,61757
Union,68262
Warren,56058
Bernalillo,44057
Catron,32010
Chaves,40322
Cibola,28130
Colfax,39826
Curry,44161
De Baca,39634
Dona Ana,36570
Eddy,54122
Grant,41026
Guadalupe,32994
Harding,38716
Hidalgo,41555
Lea,44437
Lincoln,41793
Los Alamos,70600
Luna,31140
McKinley,27771
Mora,35534
Otero,34636
Quay,38223
Rio Arriba,34582
Roosevelt,39446
Sandoval,41547
San Juan,35453
San Miguel,34579
Santa Fe,58510
Sierra,38984
Socorro,34699
Taos,38455
Torrance,30245
Union,32620
Valencia,33424
Albany,61201
Allegany,34880
Bronx,37376
Broome,44540
Cattaraugus,39995
Cayuga,42231
Chautauqua,40759
Chemung,44373
Chenango,41840
Clinton,44081
Columbia,55810
Cortland,40691
Delaware,39632
Dutchess,56365
Erie,51539
Essex,45996
Franklin,37644
Fulton,43112
Genesee,43582
Greene,47008
Hamilton,54086
Herkimer,41581
Jefferson,46924
Kings,52192
Lewis,43971
Livingston,45908
Madison,44502
Monroe,52951
Montgomery,41628
Nassau,89839
New York,193940
Niagara,45501
Oneida,44697
Onondaga,52886
Ontario,53498
Orange,51848
Orleans,38963
Oswego,40538
Otsego,43522
Putnam,65833
Queens,49777
Rensselaer,49156
Richmond,56749
Rockland,60464
St. Lawrence,37940
Saratoga,67618
Schenectady,50533
Schoharie,40791
Schuyler,42063
Seneca,38593
Steuben,45194
Suffolk,68617
Sullivan,46303
Tioga,45910
Tompkins,45282
Ulster,50462
Warren,52475
Washington,40043
Wayne,46048
Westchester,108976
Wyoming,39801
Yates,39402
Alamance,39342
Alexander,37438
Alleghany,37549
Anson,34616
Ashe,36300
Avery,36574
Beaufort,41643
Bertie,34766
Bladen,34306
Brunswick,42749
Buncombe,48592
Burke,35265
Cabarrus,45220
Caldwell,35374
Camden,45335
Carteret,49360
Caswell,35591
Catawba,45342
Chatham,63041
Cherokee,32266
Chowan,40817
Clay,34057
Cleveland,37661
Columbus,32397
Craven,43665
Cumberland,38780
Currituck,45435
Dare,56314
Davidson,39087
Davie,47630
Duplin,33619
Durham,50698
Edgecombe,34946
Forsyth,48804
Franklin,36238
Gaston,41379
Gates,36060
Graham,33075
Granville,38652
Greene,32569
Guilford,45875
Halifax,36013
Harnett,34604
Haywood,40290
Henderson,43276
Hertford,32702
Hoke,31148
Hyde,43490
Iredell,50065
Jackson,32844
Johnston,39922
Jones,38536
Lee,40098
Lenoir,40922
Lincoln,45791
McDowell,34077
Macon,40057
Madison,34036
Martin,34647
Mecklenburg,61137
Mitchell,35932
Montgomery,35611
Moore,51307
Nash,42016
New Hanover,45290
Northampton,34185
Onslow,46142
Orange,67385
Pamlico,43532
Pasquotank,39417
Pender,35914
Perquimans,40781
Person,38202
Pitt,41191
Polk,45291
Randolph,37017
Richmond,35148
Robeson,29438
Rockingham,37137
Rowan,38089
Rutherford,32764
Sampson,35900
Scotland,33229
Stanly,39047
Stokes,36850
Surry,38522
Swain,38429
Transylvania,42070
Tyrrell,30000
Union,51326
Vance,35105
Wake,59014
Warren,30397
Washington,36073
Watauga,36684
Wayne,38472
Wilkes,36576
Wilson,40501
Yadkin,37027
Yancey,36715
Adams,59197
Barnes,55784
Benson,34482
Billings,74682
Bottineau,58823
Bowman,60829
Burke,63721
Burleigh,58173
Cass,56070
Cavalier,68040
Dickey,52437
Divide,48574
Dunn,60338
Eddy,54013
Emmons,49489
Foster,62928
Golden Valley,43871
Grand Forks,51494
Grant,38371
Griggs,55349
Hettinger,51130
Kidder,50285
LaMoure,56134
Logan,60543
McHenry,52233
McIntosh,59596
McKenzie,62549
McLean,54518
Mercer,57839
Morton,52153
Mountrail,58955
Nelson,60817
Oliver,48290
Pembina,50088
Pierce,52070
Ramsey,47425
Ransom,55912
Renville,60976
Richland,53007
Rolette,36647
Sargent,65448
Sheridan,35497
Sioux,27662
Slope,49476
Stark,61032
Steele,63327
Stutsman,54491
Towner,53786
Traill,51103
Walsh,48945
Ward,55214
Wells,55328
Williams,68874
Adams,34632
Allen,42816
Ashland,38441
Ashtabula,38461
Athens,33274
Auglaize,49578
Belmont,42429
Brown,37259
Butler,47408
Carroll,39698
Champaign,41055
Clark,40769
Clermont,53770
Clinton,45728
Columbiana,38013
Coshocton,34856
Crawford,38704
Cuyahoga,54739
Darke,42793
Defiance,41540
Delaware,74093
Erie,62591
Fairfield,46113
Fayette,38449
Franklin,50443
Fulton,45594
Gallia,39864
Geauga,69129
Greene,50291
Guernsey,39878
Hamilton,59561
Hancock,51623
Hardin,33482
Harrison,38573
Henry,45884
Highland,36326
Hocking,38047
Holmes,45211
Huron,40323
Jackson,35783
Jefferson,39311
Knox,42162
Lake,50729
Lawrence,38673
Licking,46059
Logan,42914
Lorain,46147
Lucas,46290
Madison,41751
Mahoning,43097
Marion,38252
Medina,55691
Meigs,34067
Mercer,51562
Miami,47552
Monroe,34665
Montgomery,46891
Morgan,33180
Morrow,38666
Muskingum,40614
Noble,27211
Ottawa,51637
Paulding,41032
Perry,37187
Pickaway,41131
Pike,37443
Portage,44055
Preble,40607
Putnam,50059
Richland,39234
Ross,36941
Sandusky,41624
Scioto,39080
Seneca,39681
Shelby,46188
Stark,45136
Summit,51036
Trumbull,41363
Tuscarawas,43358
Union,55470
Van Wert,42638
Vinton,33120
Warren,59799
Washington,43396
Wayne,44039
Williams,41712
Wood,47694
Wyandot,45588
Adair,28862
Alfalfa,40624
Atoka,32379
Beaver,49106
Beckham,37948
Blaine,41493
Bryan,34575
Caddo,35239
Canadian,44878
Carter,43079
Cherokee,32290
Choctaw,31885
Cimarron,60706
Cleveland,45094
Coal,33783
Comanche,41497
Cotton,41766
Craig,35718
Creek,40791
Custer,41652
Delaware,31188
Dewey,44529
Ellis,51570
Garfield,44465
Garvin,38135
Grady,39675
Grant,45182
Greer,26344
Harmon,35642
Harper,46436
Haskell,32365
Hughes,31833
Jackson,38527
Jefferson,32083
Johnston,36611
Kay,40881
Kingfisher,49257
Kiowa,32546
Latimer,32707
Le Flore,32677
Lincoln,35653
Logan,43169
Love,37547
McClain,45143
McCurtain,31648
McIntosh,33267
Major,43762
Marshall,32681
Mayes,35197
Murray,42289
Muskogee,36759
Noble,41401
Nowata,36165
Okfuskee,30092
Oklahoma,52168
Okmulgee,33971
Osage,34971
Ottawa,35746
Pawnee,35836
Payne,37159
Pittsburg,38551
Pontotoc,43148
Pottawatomie,37456
Pushmataha,31395
Roger Mills,48554
Rogers,45815
Seminole,34054
Sequoyah,33420
Stephens,41413
Texas,46597
Tillman,39961
Tulsa,62756
Wagoner,39550
Washington,64481
Washita,36490
Woods,42890
Woodward,43906
Baker,40699
Benton,47019
Clackamas,58608
Clatsop,45069
Columbia,44312
Coos,43620
Crook,40945
Curry,42657
Deschutes,55143
Douglas,40408
Gilliam,48448
Grant,41939
Harney,39122
Hood River,56624
Jackson,46603
Jefferson,32962
Josephine,40977
Klamath,39891
Lake,39797
Lane,45919
Lincoln,44119
Linn,42891
Malheur,30992
Marion,43042
Morrow,39095
Multnomah,57850
Polk,41379
Sherman,52296
Tillamook,44492
Umatilla,39684
Union,40547
Wallowa,45099
Wasco,43658
Washington,60971
Wheeler,37142
Yamhill,45478
Adams,49173
Allegheny,62958
Armstrong,45510
Beaver,48763
Bedford,42889
Berks,49945
Blair,46743
Bradford,41331
Bucks,73447
Butler,58927
Cambria,43420
Cameron,48651
Carbon,50322
Centre,46193
Chester,82846
Clarion,41732
Clearfield,44421
Clinton,39716
Columbia,42211
Crawford,40969
Cumberland,55141
Dauphin,51100
Delaware,66617
Elk,48886
Erie,44903
Fayette,42649
Forest,22787
Franklin,46403
Fulton,45522
Greene,44751
Huntingdon,38558
Indiana,39923
Jefferson,44136
Juniata,45277
Lackawanna,47730
Lancaster,52664
Lawrence,43929
Lebanon,48352
Lehigh,53614
Luzerne,45219
Lycoming,43823
McKean,45261
Mercer,43024
Mifflin,39738
Monroe,42722
Montgomery,80606
Montour,57426
Northampton,54859
Northumberland,41712
Perry,44693
Philadelphia,55747
Pike,47864
Potter,42819
Schuylkill,42862
Snyder,42449
Somerset,42179
Sullivan,46097
Susquehanna,45336
Tioga,41039
Union,41246
Venango,42223
Warren,42875
Washington,59568
Wayne,43996
Westmoreland,52200
Wyoming,45285
York,50113
Bristol,78805
Kent,59665
Newport,68679
Providence,48137
Washington,64158
Abbeville,34108
Aiken,42511
Allendale,33237
Anderson,39710
Bamberg,32858
Barnwell,33363
Beaufort,56711
Berkeley,40415
Calhoun,38451
Charleston,61477
Cherokee,33197
Chester,34014
Chesterfield,31012
Clarendon,33197
Colleton,35697
Darlington,37475
Dillon,27718
Dorchester,38892
Edgefield,36436
Fairfield,36758
Florence,41833
Georgetown,47071
Greenville,48644
Greenwood,37424
Hampton,32473
Horry,37091
Jasper,29242
Kershaw,41227
Lancaster,49127
Laurens,34622
Lee,32708
Lexington,46513
McCormick,38513
Marion,31492
Marlboro,31562
Newberry,37793
Oconee,43312
Orangeburg,33818
Pickens,38344
Richland,45529
Saluda,34455
Spartanburg,43148
Sumter,38603
Union,32745
Williamsburg,32726
York,46667
Aurora,45253
Beadle,49246
Bennett,29462
Bon Homme,38851
Brookings,46302
Brown,52652
Brule,46570
Buffalo,23341
Butte,38639
Campbell,50232
Charles Mix,44877
Clark,48261
Clay,39485
Codington,49518
Corson,29927
Custer,48334
Davison,50794
Day,47352
Deuel,51766
Dewey,35720
Douglas,57808
Edmunds,52029
Fall River,46885
Faulk,42762
Grant,57069
Gregory,48209
Haakon,49880
Hamlin,44209
Hand,55673
Hanson,66614
Harding,51036
Hughes,52986
Hutchinson,53179
Hyde,52133
Jackson,26835
Jerauld,54425
Jones,60001
Kingsbury,50975
Lake,52401
Lawrence,50232
Lincoln,67364
Lyman,47431
McCook,52453
McPherson,38625
Marshall,48721
Meade,43015
Mellette,28152
Miner,52938
Minnehaha,57223
Moody,49690
Oglala Lakota,25047
Pennington,51369
Perkins,42195
Potter,70768
Roberts,36929
Sanborn,48731
Spink,52479
Stanley,73776
Sully,76036
Todd,25157
Tripp,49835
Turner,62019
Union,107497
Walworth,45924
Yankton,50275
Ziebach,20571
Anderson,41853
Bedford,37266
Benton,33661
Bledsoe,26281
Blount,42991
Bradley,39099
Campbell,33967
Cannon,36113
Carroll,35900
Carter,34579
Cheatham,43932
Chester,33642
Claiborne,35384
Clay,31013
Cocke,31942
Coffee,38656
Crockett,36560
Cumberland,36613
Davidson,66060
Decatur,42639
DeKalb,40132
Dickson,40556
Dyer,40642
Fayette,55364
Fentress,32232
Franklin,38880
Gibson,38654
Giles,38766
Grainger,33490
Greene,39971
Grundy,31011
Hamblen,36636
Hamilton,51743
Hancock,27042
Hardeman,29430
Hardin,39387
Hawkins,34188
Haywood,32023
Henderson,35748
Henry,41989
Hickman,32780
Houston,32822
Humphreys,38665
Jackson,31189
Jefferson,35866
Johnson,32249
Knox,49738
Lake,23230
Lauderdale,29187
Lawrence,35252
Lewis,34432
Lincoln,41388
Loudon,48491
McMinn,35897
McNairy,32573
Macon,33297
Madison,42720
Marion,38450
Marshall,37550
Maury,42696
Meigs,33526
Monroe,33338
Montgomery,41031
Moore,41276
Morgan,29380
Obion,40666
Overton,33701
Perry,34268
Pickett,39686
Polk,33772
Putnam,39509
Rhea,34147
Roane,40980
Robertson,42104
Rutherford,41031
Scott,29758
Sequatchie,38003
Sevier,39474
Shelby,49465
Smith,37742
Stewart,39853
Sullivan,42606
Sumner,48656
Tipton,38547
Trousdale,30090
Unicoi,37423
Union,31693
Van Buren,30770
Warren,33970
Washington,43299
Wayne,28962
Weakley,37316
White,32477
Williamson,94872
Wilson,49092
Anderson,34242
Andrews,50011
Angelina,38897
Aransas,48389
Archer,50310
Armstrong,47995
Atascosa,36660
Austin,50702
Bailey,42507
Bandera,43459
Bastrop,36561
Baylor,41704
Bee,28457
Bell,42773
Bexar,46058
Blanco,51968
Borden,63756
Bosque,41592
Bowie,40010
Brazoria,47239
Brazos,39216
Brewster,45652
Briscoe,35243
Brooks,33861
Brown,38830
Burleson,42629
Burnet,46516
Caldwell,33668
Calhoun,38668
Callahan,39392
Cameron,28756
Camp,38660
Carson,46373
Cass,36905
Castro,42786
Chambers,53673
Cherokee,34468
Childress,30084
Clay,42335
Cochran,38312
Coke,41895
Coleman,40669
Collin,65874
Collingsworth,33039
Colorado,46821
Comal,58067
Comanche,42465
Concho,19801
Cooke,54174
Coryell,33996
Cottle,57288
Crane,47758
Crockett,41472
Crosby,30773
Culberson,54180
Dallam,52148
Dallas,58993
Dawson,37111
Deaf Smith,40470
Delta,34803
Denton,55933
DeWitt,54549
Dickens,31586
Dimmit,36639
Donley,45736
Duval,36418
Eastland,71142
Ector,47271
Edwards,35182
Ellis,44313
El Paso,35856
Erath,39572
Falls,34619
Fannin,37605
Fayette,53564
Fisher,46444
Floyd,37367
Foard,42954
Fort Bend,57540
Franklin,39730
Freestone,37066
Frio,27545
Gaines,36009
Galveston,51785
Garza,30072
Gillespie,60561
Glasscock,102145
Goliad,43858
Gonzales,43342
Gray,44002
Grayson,42195
Gregg,45401
Grimes,35450
Guadalupe,44809
Hale,32263
Hall,30180
Hamilton,60744
Hansford,62998
Hardeman,38212
Hardin,45982
Harris,56474
Harrison,41917
Hartley,62463
Haskell,34530
Hays,43719
Hemphill,58484
Henderson,39627
Hidalgo,26410
Hill,39205
Hockley,38975
Hood,50741
Hopkins,39120
Houston,38081
Howard,40255
Hudspeth,32472
Hunt,38029
Hutchinson,41550
Irion,68327
Jack,44061
Jackson,41770
Jasper,40803
Jeff Davis,42947
Jefferson,44065
Jim Hogg,30696
Jim Wells,40570
Johnson,41697
Jones,30559
Karnes,49593
Kaufman,42837
Kendall,84270
Kenedy,43561
Kent,54858
Kerr,50150
Kimble,43309
King,55661
Kinney,30431
Kleberg,38997
Knox,38457
Lamar,40763
Lamb,38247
Lampasas,49457
La Salle,35809
Lavaca,50919
Lee,46713
Leon,40388
Liberty,37237
Limestone,35771
Lipscomb,64757
Live Oak,35636
Llano,47476
Loving,56730
Lubbock,42569
Lynn,33119
McCulloch,37927
McLennan,41254
McMullen,72150
Madison,30435
Marion,38063
Martin,56021
Mason,44601
Matagorda,40596
Maverick,30505
Medina,39403
Menard,35311
Midland,124455
Milam,36135
Mills,37153
Mitchell,31913
Montague,42074
Montgomery,63605
Moore,41275
Morris,43421
Motley,28938
Nacogdoches,37755
Navarro,37922
Newton,33350
Nolan,43087
Nueces,44378
Ochiltree,57287
Oldham,49120
Orange,44938
Palo Pinto,39125
Panola,43508
Parker,53289
Parmer,44981
Pecos,36584
Polk,39438
Potter,43945
Presidio,42848
Rains,33602
Randall,47966
Reagan,48253
Real,34687
Red River,40648
Reeves,39418
Refugio,42606
Roberts,41971
Robertson,40394
Rockwall,61003
Runnels,39816
Rusk,36485
Sabine,34631
San Augustine,39879
San Jacinto,34514
San Patricio,43945
San Saba,41233
Schleicher,40136
Scurry,42095
Shackelford,130461
Shelby,41666
Sherman,49508
Smith,55229
Somervell,45756
Starr,26316
Stephens,39289
Sterling,58174
Stonewall,53416
Sutton,61478
Swisher,41977
Tarrant,51239
Taylor,45333
Terrell,48024
Terry,32062
Throckmorton,35941
Titus,34718
Tom Green,45993
Travis,67504
Trinity,34514
Tyler,32081
Upshur,36645
Upton,44545
Uvalde,39458
Val Verde,36554
Van Zandt,38200
Victoria,46142
Walker,28016
Waller,39995
Ward,49916
Washington,52265
Webb,31635
Wharton,41473
Wheeler,41801
Wichita,43170
Wilbarger,42041
Willacy,28593
Williamson,50776
Wilson,44255
Winkler,57584
Wise,43752
Wood,38152
Yoakum,41112
Young,50231
Zapata,28294
Zavala,29202
Beaver,33739
Box Elder,37390
Cache,38974
Carbon,38499
Daggett,41157
Davis,46286
Duchesne,36709
Emery,33145
Garfield,36688
Grand,54010
Iron,32197
Juab,36087
Kane,40257
Millard,35196
Morgan,52426
Piute,33716
Rich,35436
Salt Lake,52639
San Juan,26638
Sanpete,29209
Sevier,34117
Summit,131606
Tooele,36836
Uintah,31563
Utah,40919
Wasatch,53285
Washington,38847
Wayne,39096
Weber,41853
Addison,51805
Bennington,54458
Caledonia,41246
Chittenden,60914
Essex,36008
Franklin,46220
Grand Isle,59204
Lamoille,53953
Orange,47170
Orleans,43542
Rutland,52343
Washington,60255
Windham,50925
Windsor,58116
Accomack,42764
Albemarle,
Alleghany,
Amelia,44774
Amherst,37160
Appomattox,38302
Arlington,95198
Augusta,
Bath,61628
Bedford,46707
Bland,37321
Botetourt,50274
Brunswick,32682
Buchanan,36229
Buckingham,30704
Campbell,
Caroline,41781
Carroll,
Charles City,45824
Charlotte,35970
Chesterfield,53695
Clarke,67111
Craig,38185
Culpeper,46510
Cumberland,38698
Dickenson,32354
Dinwiddie,
Essex,42334
Fairfax,
Fauquier,70787
Floyd,38903
Fluvanna,44693
Franklin,40781
Frederick,
Giles,40117
Gloucester,50502
Goochland,100545
Grayson,33013
Greene,44383
Greensville,
Halifax,37329
Hanover,60259
Henrico,66836
Henry,
Highland,46113
Isle of Wight,55308
James City,
King and Queen,43361
King George,53000
King William,46612
Lancaster,60152
Lee,30303
Loudoun,78070
Louisa,42476
Lunenburg,33755
Madison,48822
Mathews,56088
Mecklenburg,37240
Middlesex,51213
Montgomery,
Nelson,50717
New Kent,70743
Northampton,49313
Northumberland,52946
Nottoway,34897
Orange,49010
Page,39109
Patrick,34070
Pittsylvania,
Powhatan,56607
Prince Edward,31890
Prince George,
Prince William,
Pulaski,40443
Rappahannock,65538
Richmond,36799
Roanoke,
Rockbridge,
Rockingham,
Russell,33498
Scott,33769
Shenandoah,45387
Smyth,36955
Southampton,
Spotsylvania,
Stafford,55076
Surry,46413
Sussex,31378
Tazewell,38888
Warren,46743
Washington,
Westmoreland,43166
Wise,
Wythe,35608
York,
Alexandria City,
Bristol City,
Buena Vista City,
Charlottesville City,
Chesapeake City,
Colonial Heights City,
Covington City,
Danville City,
Emporia City,
Fairfax City,
Falls Church City,
Franklin City,
Fredericksburg City,
Galax City,
Hampton City,
Harrisonburg City,
Hopewell City,
Lexington City,
Lynchburg City,
Manassas City,
Manassas Park City,
Martinsville City,
Newport News City,
Norfolk City,
Norton City,
Petersburg City,
Poquoson City,
Portsmouth City,
Radford City,
Richmond City,
Roanoke City,
Salem City,
Staunton City,
Suffolk City,
Virginia Beach City,
Waynesboro City,
Williamsburg City,
Winchester City,
Adams,42800
Asotin,47104
Benton,47465
Chelan,54763
Clallam,46120
Clark,53423
Columbia,50073
Cowlitz,44990
Douglas,41508
Ferry,36071
Franklin,37390
Garfield,44510
Grant,39789
Grays Harbor,40429
Island,55724
Jefferson,52580
King,90438
Kitsap,56244
Kittitas,42603
Klickitat,48654
Lewis,43453
Lincoln,46312
Mason,42767
Okanogan,42462
Pacific,41740
Pend Oreille,41664
Pierce,52114
San Juan,76749
Skagit,53060
Skamania,45802
Snohomish,55888
Spokane,46466
Stevens,39505
Thurston,51684
Wahkiakum,42423
Walla Walla,46144
Whatcom,48792
Whitman,40935
Yakima,43379
Barbour,32290
Berkeley,41201
Boone,33592
Braxton,31594
Brooke,41740
Cabell,42939
Calhoun,30155
Clay,30925
Doddridge,28862
Fayette,34577
Gilmer,28917
Grant,36691
Greenbrier,38098
Hampshire,35068
Hancock,42128
Hardy,34150
Harrison,48226
Jackson,38147
Jefferson,49926
Kanawha,48435
Lewis,40653
Lincoln,30549
Logan,36525
McDowell,30451
Marion,41980
Marshall,41028
Mason,33318
Mercer,37452
Mineral,38815
Mingo,32051
Monongalia,44679
Monroe,30359
Morgan,34533
Nicholas,34102
Ohio,65100
Pendleton,35140
Pleasants,43883
Pocahontas,38172
Preston,35686
Putnam,46941
Raleigh,41115
Randolph,36533
Ritchie,37177
Roane,34770
Summers,32879
Taylor,40675
Tucker,41322
Tyler,37336
Upshur,33261
Wayne,33637
Webster,27816
Wetzel,36791
Wirt,32156
Wood,42669
Wyoming,30510
Adams,38736
Ashland,41106
Barron,49431
Bayfield,48542
Brown,52821
Buffalo,44756
Burnett,42706
Calumet,50776
Chippewa,46162
Clark,40228
Columbia,51147
Crawford,41485
Dane,61304
Dodge,44799
Door,63178
Douglas,43004
Dunn,39948
Eau Claire,48240
Florence,54346
Fond du Lac,48126
Forest,41517
Grant,43310
Green,51026
Green Lake,46152
Iowa,48073
Iron,51471
Jackson,46528
Jefferson,46241
Juneau,37898
Kenosha,46874
Kewaunee,46197
La Crosse,50107
Lafayette,43042
Langlade,43223
Lincoln,45766
Manitowoc,47675
Marathon,50111
Marinette,44014
Marquette,41182
Menominee,30371
Milwaukee,47589
Monroe,41779
Oconto,45609
Oneida,51715
Outagamie,51230
Ozaukee,83992
Pepin,47961
Pierce,45936
Polk,46514
Portage,45886
Price,45320
Racine,49749
Richland,43233
Rock,44204
Rusk,44199
St. Croix,55543
Sauk,48365
Sawyer,45915
Shawano,42290
Sheboygan,52851
Taylor,39051
Trempealeau,44698
Vernon,40356
Vilas,53983
Walworth,50023
Washburn,47218
Washington,58601
Waukesha,72650
Waupaca,45629
Waushara,41204
Winnebago,48101
Wood,46743
Albany,40444
Big Horn,36903
Campbell,52824
Carbon,58372
Converse,55011
Crook,46081
Fremont,43633
Goshen,43348
Hot Springs,55232
Johnson,51314
Laramie,52039
Lincoln,43049
Natrona,69379
Niobrara,51357
Park,54308
Platte,48442
Sheridan,58223
Sublette,51361
Sweetwater,53145
Teton,251728
Uinta,40280
Washakie,48184
Weston,44737
