County_Name,County_GDP_PCT_Change_in_2018
Autauga,4.3
Baldwin,4.5
Barbour,5.6
Bibb,2.9
Blount,4.3
Bullock,4.6
Butler,2.9
Calhoun,2.3
Chambers,0.2
Cherokee,8
Chilton,3.9
Choctaw,8.5
Clarke,1.7
Clay,4.8
Cleburne,3.2
Coffee,4.3
Colbert,1.7
Conecuh,-1.5
Coosa,5.9
Covington,1.1
Crenshaw,1.2
Cullman,2.3
Dale,1.9
Dallas,1.6
DeKalb,4.8
Elmore,2.5
Escambia,0.8
Etowah,2.1
Fayette,1.4
Franklin,4.3
Geneva,4.7
Greene,4.7
Hale,-2
Henry,2.2
Houston,2.6
Jackson,1.4
Jefferson,3
Lamar,2.3
Lauderdale,3
Lawrence,8.9
Lee,2
Limestone,0.1
Lowndes,-0.4
Macon,2.3
Madison,4.2
Marengo,1.1
Marion,4
Marshall,4
Mobile,1.4
Monroe,1.3
Montgomery,1.4
Morgan,3.2
Perry,-4.4
Pickens,0.4
Pike,-0.5
Randolph,2.2
Russell,3.2
St. Clair,2.7
Shelby,3.9
Sumter,-2.7
Talladega,3.4
Tallapoosa,3.5
Tuscaloosa,3
Walker,6
Washington,3.1
Wilcox,1.3
Winston,2.6
Aleutians East,0
Aleutians West,1.7
Anchorage,1.7
Bethel,2.8
Bristol Bay,14.1
Denali,1.1
Dillingham,2.4
Fairbanks North Star,1.3
Haines,3.1
Hoonah-Angoon,1.6
Juneau,0.1
Kenai Peninsula,0.7
Ketchikan Gateway,1.1
Kodiak Island,0.5
Kusilvak,2
Lake and Peninsula,4.7
Matanuska-Susitna,2.6
Nome,1
North Slope,-6.8
Northwest Arctic,2.3
Petersburg,-2.1
Prince of Wales-Hyder,-1.3
Sitka,3.2
Skagway,-0.4
Southeast Fairbanks,-0.4
Valdez-Cordova,7.3
Wrangell,1.4
Yakutat,5
Yukon-Koyukuk,5.9
Apache,3
Cochise,3.4
Coconino,0.3
Gila,0.3
Graham,7.2
Greenlee,0.4
La Paz,3.4
Maricopa,4.5
Mohave,3.4
Navajo,4.6
Pima,3.6
Pinal,5.6
Santa Cruz,5
Yavapai,3.5
Yuma,1.2
Arkansas,1.7
Ashley,1.3
Baxter,2.6
Benton,3.1
Boone,3
Bradley,2
Calhoun,5.8
Carroll,0.4
Chicot,-4.1
Clark,0.5
Clay,-2.7
Cleburne,-9.4
Cleveland,4
Columbia,-0.4
Conway,-6.1
Craighead,2.8
Crawford,1.6
Crittenden,-0.1
Cross,0.4
Dallas,-1.7
Desha,0.6
Drew,0.6
Faulkner,1.6
Franklin,1.8
Fulton,4.1
Garland,1.6
Grant,3.2
Greene,2.1
Hempstead,-0.7
Hot Spring,-1.2
Howard,0.7
Independence,5.6
Izard,2
Jackson,1.4
Jefferson,-0.5
Johnson,-0.7
Lafayette,-4.3
Lawrence,5.8
Lee,4.3
Lincoln,4.3
Little River,-1.5
Logan,-2.3
Lonoke,1.2
Madison,1.5
Marion,1.6
Miller,2.5
Mississippi,5.7
Monroe,-3
Montgomery,1.4
Nevada,3.2
Newton,1.6
Ouachita,1.6
Perry,-0.4
Phillips,3.1
Pike,3.4
Poinsett,2.8
Polk,2.5
Pope,0.3
Prairie,0.8
Pulaski,2.1
Randolph,5.6
St. Francis,-0.8
Saline,3.1
Scott,1.8
Searcy,1.9
Sebastian,1.4
Sevier,3
Sharp,-1.6
Stone,3.8
Union,3
Van Buren,-12.9
Washington,1.6
White,-1.1
Woodruff,3
Yell,2.4
Alameda,3.9
Alpine,9
Amador,3.9
Butte,2.4
Calaveras,-0.8
Colusa,13.7
Contra Costa,2.6
Del Norte,3.8
El Dorado,3.1
Fresno,4.4
Glenn,13.4
Humboldt,2.8
Imperial,-1.8
Inyo,0.8
Kern,-0.7
Kings,3.1
Lake,3.4
Lassen,1.3
Los Angeles,3.2
Madera,6.6
Marin,4.6
Mariposa,1.8
Mendocino,3.1
Merced,-0.7
Modoc,3.6
Mono,-3.5
Monterey,2.7
Napa,5.2
Nevada,2.9
Orange,2.8
Placer,4.7
Plumas,-5.2
Riverside,3.5
Sacramento,3.3
San Benito,0.5
San Bernardino,3.2
San Diego,4.1
San Francisco,7.4
San Joaquin,4.4
San Luis Obispo,2.5
San Mateo,5.2
Santa Barbara,3.7
Santa Clara,10.2
Santa Cruz,1.8
Shasta,0.3
Sierra,12.4
Siskiyou,-2
Solano,2
Sonoma,4.2
Stanislaus,5.3
Sutter,4.8
Tehama,5.2
Trinity,2.8
Tulare,3.6
Tuolumne,-4.9
Ventura,1.3
Yolo,3
Yuba,1.2
Adams,4.3
Alamosa,2.6
Arapahoe,3.2
Archuleta,0.8
Baca,7.9
Bent,1.2
Boulder,2.9
Broomfield,-3.8
Chaffee,4.5
Cheyenne,-6.5
Clear Creek,-1.8
Conejos,9.8
Costilla,2.8
Crowley,-17.6
Custer,1.5
Delta,4.8
Denver,4.5
Dolores,-16.7
Douglas,3.4
Eagle,2
Elbert,7.2
El Paso,3.4
Fremont,2.3
Garfield,-1.3
Gilpin,-4.9
Grand,4.3
Gunnison,1.6
Hinsdale,0.8
Huerfano,0.9
Jackson,20.2
Jefferson,3.6
Kiowa,-18.6
Kit Carson,18
Lake,4.2
La Plata,-3.7
Larimer,4.2
Las Animas,-1.7
Lincoln,-1.3
Logan,-2.6
Mesa,4.7
Mineral,5.5
Moffat,-3.7
Montezuma,-11.1
Montrose,4
Morgan,2.1
Otero,2.6
Ouray,1.9
Park,4.5
Phillips,5.4
Pitkin,1.6
Prowers,8
Pueblo,2.5
Rio Blanco,-2.4
Rio Grande,2.6
Routt,1.7
Saguache,2.8
San Juan,0.2
San Miguel,3.8
Sedgwick,-1.7
Summit,2.1
Teller,-2.6
Washington,20.8
Weld,9.4
Yuma,-13.9
Fairfield,0.4
Hartford,-0.5
Litchfield,2.9
Middlesex,-0.6
New Haven,1.7
New London,1
Tolland,1.4
Windham,1.2
Kent,1.2
New Castle,-0.5
Sussex,1.1
Alachua,3.5
Baker,3.5
Bay,1.9
Bradford,3.6
Brevard,4.3
Broward,2.8
Calhoun,4.3
Charlotte,3.4
Citrus,2.8
Clay,4
Collier,4.1
Columbia,1.9
DeSoto,-7.7
Dixie,1.5
Duval,2.5
Escambia,2.8
Flagler,2.5
Franklin,2.2
Gadsden,2.1
Gilchrist,4
Glades,1.3
Gulf,0.3
Hamilton,3.8
Hardee,-5.6
Hendry,-2.5
Hernando,4.7
Highlands,-0.3
Hillsborough,3.4
Holmes,-3.4
Indian River,4.2
Jackson,3.2
Jefferson,-1.6
Lafayette,1.6
Lake,4.5
Lee,3.2
Leon,3
Levy,-9.5
Liberty,3.4
Madison,2.7
Manatee,3.7
Marion,3.5
Martin,3.3
Miami-Dade,3.2
Monroe,1.6
Nassau,3.7
Okaloosa,3.3
Okeechobee,-9.7
Orange,4
Osceola,2.8
Palm Beach,2.4
Pasco,3.1
Pinellas,3.8
Polk,3.1
Putnam,1.1
St. Johns,4.7
St. Lucie,2.4
Santa Rosa,4.1
Sarasota,4.7
Seminole,5.1
Sumter,3.6
Suwannee,2.8
Taylor,-0.4
Union,-2.2
Volusia,2.9
Wakulla,1.9
Walton,3.1
Washington,3.1
Appling,-0.7
Atkinson,5.3
Bacon,-1
Baker,7
Baldwin,0.9
Banks,2.2
Barrow,5.1
Bartow,2.7
Ben Hill,0.4
Berrien,4.1
Bibb,3
Bleckley,2.6
Brantley,3.3
Brooks,3.6
Bryan,5.5
Bulloch,1.1
Burke,3
Butts,2.5
Calhoun,-7.5
Camden,1.8
Candler,3.4
Carroll,3.4
Catoosa,2.6
Charlton,-2.4
Chatham,3.2
Chattahoochee,-0.4
Chattooga,2.2
Cherokee,3.5
Clarke,2.1
Clay,14.3
Clayton,-1.5
Clinch,1.8
Cobb,2.6
Coffee,3.9
Colquitt,2.5
Columbia,3.8
Cook,7.2
Coweta,6.3
Crawford,-5.4
Crisp,0.7
Dade,8.9
Dawson,3.9
Decatur,-1.3
DeKalb,3.4
Dodge,0.5
Dooly,1.4
Dougherty,2
Douglas,6
Early,1.6
Echols,0.8
Effingham,2.6
Elbert,2.5
Emanuel,-2.9
Evans,2.7
Fannin,4.9
Fayette,4.2
Floyd,0.3
Forsyth,2.8
Franklin,3.4
Fulton,2.4
Gilmer,3.5
Glascock,0.8
Glynn,3.6
Gordon,2.7
Grady,2.5
Greene,2.3
Gwinnett,2.4
Habersham,3.6
Hall,3.8
Hancock,1.1
Haralson,2.9
Harris,3.8
Hart,9.9
Heard,-11.4
Henry,4.1
Houston,2.5
Irwin,4.2
Jackson,4.2
Jasper,2.2
Jeff Davis,2.8
Jefferson,-0.2
Jenkins,3.8
Johnson,2.8
Jones,-6.3
Lamar,2.9
Lanier,-1.2
Laurens,-0.5
Lee,0.9
Liberty,0.2
Lincoln,0.8
Long,3.7
Lowndes,2.4
Lumpkin,3.2
McDuffie,2.2
McIntosh,2
Macon,0.1
Madison,5.1
Marion,-0.1
Meriwether,3.5
Miller,1.2
Mitchell,0.2
Monroe,6.4
Montgomery,2.6
Morgan,3.6
Murray,-3.3
Muscogee,1.6
Newton,-0.3
Oconee,4.4
Oglethorpe,2.5
Paulding,3.5
Peach,3.9
Pickens,3.5
Pierce,2.9
Pike,2.7
Polk,3.9
Pulaski,4.1
Putnam,0.9
Quitman,5.5
Rabun,2.6
Randolph,0.4
Richmond,1.1
Rockdale,1.3
Schley,3
Screven,5.1
Seminole,-1.1
Spalding,1.6
Stephens,1.1
Stewart,6.9
Sumter,0.9
Talbot,12.9
Taliaferro,5.8
Tattnall,0.3
Taylor,-2.5
Telfair,2.2
Terrell,1.1
Thomas,1.4
Tift,3
Toombs,1.6
Towns,4.9
Treutlen,2
Troup,0.5
Turner,0.3
Twiggs,17.4
Union,3.3
Upson,2.6
Walker,2.3
Walton,2.8
Ware,0.6
Warren,13.9
Washington,1.3
Wayne,2.1
Webster,3.5
Wheeler,2.8
White,2.9
Whitfield,1.4
Wilcox,-1
Wilkes,0.2
Wilkinson,4.9
Worth,2.4
Hawaii,3.3
Honolulu,2
Kalawao,
Kauai,6.1
Maui,3
Ada,4.9
Adams,6.3
Bannock,1.7
Bear Lake,1.7
Benewah,1.3
Bingham,3.5
Blaine,2.5
Boise,31.2
Bonner,3.9
Bonneville,4.2
Boundary,1.4
Butte,1.9
Camas,0.3
Canyon,3.8
Caribou,1.2
Cassia,10.4
Clark,-2.6
Clearwater,1.8
Custer,11
Elmore,2.4
Franklin,-0.4
Fremont,2.5
Gem,3
Gooding,-6.4
Idaho,11.2
Jefferson,2.5
Jerome,7.5
Kootenai,4.3
Latah,3.5
Lemhi,4.4
Lewis,14.3
Lincoln,9.5
Madison,2.4
Minidoka,6.8
Nez Perce,1.4
Oneida,8.2
Owyhee,1
Payette,-6.4
Power,12.6
Shoshone,3.3
Teton,11.1
Twin Falls,2.8
Valley,0.9
Washington,-2.6
Adams,4.6
Alexander,2.6
Bond,9
Boone,14.2
Brown,0
Bureau,0.3
Calhoun,8.3
Carroll,-12.6
Cass,2.6
Champaign,3.5
Christian,0.1
Clark,9.1
Clay,0.3
Clinton,3.2
Coles,1.9
Cook,2.1
Crawford,3.8
Cumberland,3.7
DeKalb,2.6
De Witt,2.3
Douglas,5.4
DuPage,1
Edgar,1.6
Edwards,-2.9
Effingham,4.1
Fayette,4.8
Ford,5
Franklin,10.5
Fulton,4.5
Gallatin,-6.6
Greene,8.3
Grundy,-1.1
Hamilton,1.3
Hancock,6.5
Hardin,-0.4
Henderson,-10
Henry,-4.3
Iroquois,-1.9
Jackson,5.4
Jasper,4.7
Jefferson,0.9
Jersey,1.8
Jo Daviess,0.8
Johnson,0.6
Kane,1.8
Kankakee,0.1
Kendall,1.1
Knox,-0.7
Lake,2.4
LaSalle,0.7
Lawrence,-1
Lee,4.3
Livingston,-0.6
Logan,5.2
McDonough,0
McHenry,0.7
McLean,-0.2
Macon,4.6
Macoupin,6.1
Madison,4.6
Marion,6.6
Marshall,-3.2
Mason,-0.3
Massac,0.8
Menard,15.3
Mercer,-4
Monroe,4.6
Montgomery,4
Morgan,5.9
Moultrie,11.1
Ogle,0.8
Peoria,7.6
Perry,9.2
Piatt,11.9
Pike,1.7
Pope,-3.2
Pulaski,-8.7
Putnam,-2.9
Randolph,3.3
Richland,4
Rock Island,0.9
St. Clair,0.6
Saline,-4.5
Sangamon,4.4
Schuyler,-0.2
Scott,14.2
Shelby,14.9
Stark,-9.7
Stephenson,1.4
Tazewell,0.3
Union,-1.4
Vermilion,2.8
Wabash,0.7
Warren,4.6
Washington,12.8
Wayne,7.2
White,-4.1
Whiteside,0.6
Will,1.9
Williamson,3.5
Winnebago,2.5
Woodford,-0.1
Adams,4.9
Allen,3.2
Bartholomew,4.9
Benton,3.8
Blackford,-1.6
Boone,4.3
Brown,2.2
Carroll,6.9
Cass,3.1
Clark,0.6
Clay,3.7
Clinton,7
Crawford,0
Daviess,3.9
Dearborn,-2.4
Decatur,4.2
DeKalb,2
Delaware,1.2
Dubois,1.7
Elkhart,0.5
Fayette,4.8
Floyd,2.8
Fountain,7.2
Franklin,1.8
Fulton,-2.5
Gibson,-4.8
Grant,11.7
Greene,9.7
Hamilton,1.5
Hancock,3.5
Harrison,1.2
Hendricks,4.6
Henry,6.9
Howard,-0.3
Huntington,1.3
Jackson,-0.1
Jasper,-5.1
Jay,8.3
Jefferson,-0.9
Jennings,2.5
Johnson,4.9
Knox,-2.6
Kosciusko,3.8
LaGrange,1.7
Lake,1
LaPorte,2.4
Lawrence,3.9
Madison,4.1
Marion,1.6
Marshall,-0.2
Martin,4.2
Miami,0.2
Monroe,2
Montgomery,0.1
Morgan,7.1
Newton,4
Noble,2.8
Ohio,-4.6
Orange,0.8
Owen,1.7
Parke,-3.3
Perry,-0.1
Pike,-15.3
Porter,1.2
Posey,-3.6
Pulaski,-4
Putnam,1.1
Randolph,2.3
Ripley,-2.8
Rush,3.1
St. Joseph,3.8
Scott,3.9
Shelby,1.1
Spencer,-5.9
Starke,-0.8
Steuben,3.4
Sullivan,-3.1
Switzerland,0.2
Tippecanoe,4.9
Tipton,15
Union,4.4
Vanderburgh,1.1
Vermillion,2.1
Vigo,-0.6
Wabash,3.6
Warren,14.7
Warrick,2.6
Washington,7.3
Wayne,3
Wells,6.3
White,4.2
Whitley,1.9
Adair,1.6
Adams,5.7
Allamakee,-0.6
Appanoose,-3
Audubon,-0.1
Benton,8.8
Black Hawk,3.2
Boone,9.3
Bremer,-1.3
Buchanan,-1.7
Buena Vista,4.3
Butler,-6.7
Calhoun,15.6
Carroll,0.8
Cass,1.3
Cedar,8.2
Cerro Gordo,2.9
Cherokee,2.9
Chickasaw,3.9
Clarke,4.3
Clay,4.6
Clayton,-1
Clinton,0.5
Crawford,3.8
Dallas,1.8
Davis,0.1
Decatur,3.4
Delaware,3
Des Moines,1.4
Dickinson,-2.8
Dubuque,1.4
Emmet,-13.1
Fayette,-4.4
Floyd,-2
Franklin,-3.3
Fremont,-4.6
Greene,3.8
Grundy,-8.8
Guthrie,7
Hamilton,18.7
Hancock,0.4
Hardin,-0.3
Harrison,1.1
Henry,6.3
Howard,6.5
Humboldt,0.1
Ida,0
Iowa,4.1
Jackson,6.1
Jasper,8.4
Jefferson,11.6
Johnson,1.3
Jones,1.5
Keokuk,13.1
Kossuth,-1.1
Lee,1.9
Linn,2.5
Louisa,13.3
Lucas,7.2
Lyon,-10.7
Madison,6.2
Mahaska,11.3
Marion,4.4
Marshall,7.7
Mills,2.5
Mitchell,8
Monona,-9.6
Monroe,9.1
Montgomery,-0.6
Muscatine,1.5
O'Brien,-4.1
Osceola,-2.5
Page,6
Palo Alto,-4.8
Plymouth,-0.7
Pocahontas,7.4
Polk,1.5
Pottawattamie,4.3
Poweshiek,3.3
Ringgold,-1.9
Sac,13.6
Scott,2.5
Shelby,0.3
Sioux,-0.3
Story,1.5
Tama,8.3
Taylor,0.7
Union,2.7
Van Buren,8.5
Wapello,1.9
Warren,2.5
Washington,6.2
Wayne,4.6
Webster,1.1
Winnebago,-1.2
Winneshiek,3.6
Woodbury,3.3
Worth,5.3
Wright,5.4
Allen,1.5
Anderson,6
Atchison,2
Barber,-5.7
Barton,2.8
Bourbon,0.9
Brown,3.9
Butler,3.1
Chase,0.2
Chautauqua,1
Cherokee,8.9
Cheyenne,22.3
Clark,8.1
Clay,-4.6
Cloud,-7.5
Coffey,-4.1
Comanche,5.3
Cowley,0.2
Crawford,1.1
Decatur,5.5
Dickinson,-2.8
Doniphan,6.6
Douglas,1.2
Edwards,18.4
Elk,-0.2
Ellis,2
Ellsworth,-0.3
Finney,3.6
Ford,4.2
Franklin,-0.8
Geary,-1.7
Gove,-0.3
Graham,3
Grant,-15.6
Gray,-6.5
Greeley,36.3
Greenwood,0.9
Hamilton,19.3
Harper,0.8
Harvey,2.7
Haskell,-12.1
Hodgeman,22.7
Jackson,1.2
Jefferson,0.1
Jewell,11.1
Johnson,1.7
Kearny,2.1
Kingman,1.9
Kiowa,9.3
Labette,2.4
Lane,9.4
Leavenworth,1.4
Lincoln,-2.7
Linn,7.5
Logan,9.3
Lyon,4.4
McPherson,5.7
Marion,1
Marshall,-1.3
Meade,4.5
Miami,2.6
Mitchell,-4.5
Montgomery,5.6
Morris,-14.4
Morton,-7
Nemaha,-1.3
Neosho,2.5
Ness,10.5
Norton,0.5
Osage,1.6
Osborne,0.7
Ottawa,3.8
Pawnee,-5
Phillips,-2
Pottawatomie,-1.3
Pratt,1.8
Rawlins,10.4
Reno,0.9
Republic,-0.4
Rice,10.8
Riley,0.6
Rooks,1.9
Rush,14.3
Russell,0.5
Saline,0.8
Scott,-10.8
Sedgwick,3.6
Seward,5.4
Shawnee,2.3
Sheridan,4.2
Sherman,20.4
Smith,5.5
Stafford,14.1
Stanton,30.9
Stevens,5.4
Sumner,-5.1
Thomas,-0.1
Trego,20
Wabaunsee,2.5
Wallace,15
Washington,-0.4
Wichita,12.4
Wilson,1.8
Woodson,-0.3
Wyandotte,0.9
Adair,2.4
Allen,3.8
Anderson,2.6
Ballard,-5.5
Barren,0.4
Bath,1.9
Bell,-0.6
Boone,3.5
Bourbon,1.9
Boyd,6.6
Boyle,2
Bracken,-1.5
Breathitt,-0.8
Breckinridge,-0.4
Bullitt,3
Butler,-2.3
Caldwell,6
Calloway,0.4
Campbell,1.5
Carlisle,0
Carroll,0.7
Carter,1.1
Casey,1.5
Christian,-1.1
Clark,2.3
Clay,-0.9
Clinton,3.2
Crittenden,-0.1
Cumberland,7
Daviess,1.7
Edmonson,0.5
Elliott,-1.2
Estill,-1.3
Fayette,0.9
Fleming,2.2
Floyd,-2
Franklin,2.8
Fulton,-3.3
Gallatin,-0.4
Garrard,2.5
Grant,-0.2
Graves,-1.1
Grayson,-0.9
Green,-3
Greenup,2.8
Hancock,-1.1
Hardin,0.8
Harlan,-0.1
Harrison,1.7
Hart,1.5
Henderson,-0.5
Henry,2
Hickman,2.4
Hopkins,-4
Jackson,1
Jefferson,1.7
Jessamine,1.4
Johnson,-1.2
Kenton,5.1
Knott,0.2
Knox,-1.2
Larue,-0.3
Laurel,1.6
Lawrence,4.2
Lee,6.1
Leslie,-0.3
Letcher,4.4
Lewis,0.2
Lincoln,-0.3
Livingston,-5.2
Logan,-1.3
Lyon,-3.3
McCracken,1.6
McCreary,0
McLean,4
Madison,2
Magoffin,3.6
Marion,3.7
Marshall,0.6
Martin,-6.1
Mason,4
Meade,1.2
Menifee,1.5
Mercer,2.7
Metcalfe,0.5
Monroe,1.2
Montgomery,0.4
Morgan,0
Muhlenberg,2.5
Nelson,3.7
Nicholas,0.5
Ohio,0.7
Oldham,1.5
Owen,-5.2
Owsley,1.2
Pendleton,-1.6
Perry,-2
Pike,-1.2
Powell,0.3
Pulaski,2.4
Robertson,0.8
Rockcastle,1.5
Rowan,1.1
Russell,4.6
Scott,1.1
Shelby,1.5
Simpson,-0.7
Spencer,-0.8
Taylor,-3.5
Todd,6.1
Trigg,-1.9
Trimble,-0.3
Union,-4.3
Warren,1.6
Washington,0.5
Wayne,1
Webster,0.8
Whitley,-0.1
Wolfe,0
Woodford,0.8
Acadia,0.6
Allen,0.2
Ascension,3.5
Assumption,3.5
Avoyelles,-0.8
Beauregard,2.2
Bienville,5.5
Bossier,3.9
Caddo,1.6
Calcasieu,3.8
Caldwell,1.1
Cameron,-3.4
Catahoula,-11.4
Claiborne,0
Concordia,3.8
De Soto,2
East Baton Rouge,5.5
East Carroll,-8.4
East Feliciana,4.1
Evangeline,0
Franklin,14.9
Grant,-0.1
Iberia,0.4
Iberville,-0.5
Jackson,-1.1
Jefferson,1.9
Jefferson Davis,-0.3
Lafayette,2.8
Lafourche,4.1
La Salle,3.4
Lincoln,-1.6
Livingston,2.2
Madison,1.5
Morehouse,-4.1
Natchitoches,1.1
Orleans,2.5
Ouachita,1.3
Plaquemines,4.1
Pointe Coupee,-7.1
Rapides,1.2
Red River,16.2
Richland,0.2
Sabine,11.1
St. Bernard,-0.6
St. Charles,4.6
St. Helena,2.7
St. James,3.8
St. John the Baptist,-7.6
St. Landry,2.1
St. Martin,1.3
St. Mary,2.9
St. Tammany,1.8
Tangipahoa,0.8
Tensas,-7.5
Terrebonne,2.9
Union,6.1
Vermilion,0.2
Vernon,-0.1
Washington,0.6
Webster,4.3
West Baton Rouge,1.2
West Carroll,6.6
West Feliciana,-0.9
Winn,-0.1
Androscoggin,2.9
Aroostook,1.3
Cumberland,2.4
Franklin,2.6
Hancock,3.5
Kennebec,1.1
Knox,1.4
Lincoln,3.5
Oxford,1.1
Penobscot,2.8
Piscataquis,4
Sagadahoc,-0.1
Somerset,-1.1
Waldo,0.7
Washington,-1.7
York,3.9
Allegany,-0.9
Anne Arundel,3.2
Baltimore,2.8
Calvert,-12.3
Caroline,0.7
Carroll,0.6
Cecil,11.3
Charles,-1.4
Dorchester,0.7
Frederick,2.4
Garrett,0.9
Harford,2
Howard,3.5
Kent,1.8
Montgomery,2.8
Prince George's,3
Queen Anne's,3
St. Mary's,3.3
Somerset,1.1
Talbot,2.2
Washington,2.6
Wicomico,1.4
Worcester,1.7
Baltimore City,1.8
Barnstable,2.2
Berkshire,1.5
Bristol,1.1
Dukes,3
Essex,2.4
Franklin,2.1
Hampden,1.5
Hampshire,1.3
Middlesex,4.3
Nantucket,4
Norfolk,2.4
Plymouth,2.2
Suffolk,3.6
Worcester,2.4
Alcona,2.5
Alger,3.7
Allegan,10
Alpena,1.1
Antrim,4.4
Arenac,2.8
Baraga,1.4
Barry,-0.3
Bay,0.4
Benzie,3.4
Berrien,0.7
Branch,4.3
Calhoun,2.8
Cass,1.9
Charlevoix,1.7
Cheboygan,3.8
Chippewa,2.3
Clare,5.4
Clinton,0.6
Crawford,5.4
Delta,3
Dickinson,3
Eaton,2
Emmet,2.3
Genesee,2.2
Gladwin,4.1
Gogebic,3.1
Grand Traverse,1.4
Gratiot,6.5
Hillsdale,1.1
Houghton,2.5
Huron,2
Ingham,2.2
Ionia,8.5
Iosco,4.8
Iron,2.5
Isabella,1.6
Jackson,2.5
Kalamazoo,3.7
Kalkaska,5.6
Kent,3.2
Keweenaw,2.3
Lake,2
Lapeer,2.7
Leelanau,2.8
Lenawee,5.1
Livingston,2.6
Luce,0.3
Mackinac,1.2
Macomb,2.7
Manistee,1.9
Marquette,0.1
Mason,3.9
Mecosta,-1.8
Menominee,1.9
Midland,0.7
Missaukee,-3.5
Monroe,0.8
Montcalm,3.1
Montmorency,3.8
Muskegon,1.4
Newaygo,4
Oakland,2.4
Oceana,4.5
Ogemaw,3.8
Ontonagon,0.3
Osceola,4.6
Oscoda,3.1
Otsego,3.9
Ottawa,4.1
Presque Isle,0.5
Roscommon,3.3
Saginaw,2.2
St. Clair,3.4
St. Joseph,-1.3
Sanilac,0.8
Schoolcraft,0.4
Shiawassee,1.8
Tuscola,0.7
Van Buren,-0.5
Washtenaw,3
Wayne,2
Wexford,2.7
Aitkin,3.5
Anoka,3.1
Becker,1.3
Beltrami,3
Benton,-1
Big Stone,11.6
Blue Earth,-0.8
Brown,4.3
Carlton,-0.8
Carver,1.1
Cass,4.1
Chippewa,4
Chisago,2.2
Clay,3.2
Clearwater,1.9
Cook,1.8
Cottonwood,8.2
Crow Wing,2.5
Dakota,4
Dodge,12.1
Douglas,3.9
Faribault,-2.7
Fillmore,-2.8
Freeborn,2.6
Goodhue,2.7
Grant,16.4
Hennepin,2.7
Houston,0.4
Hubbard,4
Isanti,3.9
Itasca,4.7
Jackson,0.9
Kanabec,-6.3
Kandiyohi,1.7
Kittson,12.7
Koochiching,3.3
Lac qui Parle,29.1
Lake,7.1
Lake of the Woods,4.4
Le Sueur,-3.4
Lincoln,23.7
Lyon,2.8
McLeod,-6.7
Mahnomen,-2.5
Marshall,0.2
Martin,-11.3
Meeker,2.3
Mille Lacs,1.1
Morrison,1.7
Mower,6.1
Murray,3
Nicollet,-1.8
Nobles,1.2
Norman,22.3
Olmsted,5.4
Otter Tail,1.8
Pennington,5.2
Pine,-5.8
Pipestone,0.5
Polk,8.2
Pope,6.1
Ramsey,1.4
Red Lake,4.4
Redwood,8.5
Renville,-7.7
Rice,4
Rock,0.4
Roseau,5.6
St. Louis,5.7
Scott,2.5
Sherburne,3.4
Sibley,-18.3
Stearns,0.8
Steele,4.5
Stevens,7.2
Swift,5.4
Todd,-0.4
Traverse,47.8
Wabasha,-0.2
Wadena,-0.1
Waseca,-0.2
Washington,2.6
Watonwan,-3.2
Wilkin,11.2
Winona,1.2
Wright,1.8
Yellow Medicine,6.3
Adams,-6.3
Alcorn,3.4
Amite,1.1
Attala,-1.5
Benton,2.5
Bolivar,2.1
Calhoun,-2.5
Carroll,1
Chickasaw,0.4
Choctaw,7.7
Claiborne,-2.5
Clarke,6.3
Clay,1.3
Coahoma,-1
Copiah,-3.9
Covington,1
DeSoto,2.5
Forrest,1.4
Franklin,1.2
George,2.1
Greene,1
Grenada,1.3
Hancock,3
Harrison,1
Hinds,0.8
Holmes,0.7
Humphreys,3
Issaquena,2.9
Itawamba,-0.2
Jackson,2.5
Jasper,12.9
Jefferson,9.3
Jefferson Davis,-0.4
Jones,-5.9
Kemper,-8.3
Lafayette,0.8
Lamar,4.3
Lauderdale,0.2
Lawrence,1.7
Leake,4.3
Lee,0.9
Leflore,0.1
Lincoln,1.3
Lowndes,-0.9
Madison,1.7
Marion,0.4
Marshall,6.8
Monroe,1.5
Montgomery,-1.4
Neshoba,-0.8
Newton,0.6
Noxubee,-0.8
Oktibbeha,2.1
Panola,0.5
Pearl River,4.5
Perry,0.2
Pike,1.2
Pontotoc,1.8
Prentiss,1.6
Quitman,0.9
Rankin,3
Scott,3.6
Sharkey,0.8
Simpson,1.1
Smith,2
Stone,1.3
Sunflower,3.1
Tallahatchie,-0.8
Tate,3.8
Tippah,2.2
Tishomingo,3
Tunica,-2.3
Union,1.5
Walthall,-1.4
Warren,1.6
Washington,1.2
Wayne,6.5
Webster,4.5
Wilkinson,0.4
Winston,2.9
Yalobusha,-0.5
Yazoo,6.1
Adair,5.3
Andrew,0.6
Atchison,-14.6
Audrain,3.2
Barry,5.4
Barton,-3
Bates,-2.1
Benton,3.3
Bollinger,-0.5
Boone,1.7
Buchanan,0.2
Butler,0.7
Caldwell,15.4
Callaway,9.1
Camden,3.6
Cape Girardeau,2.7
Carroll,-8.6
Carter,2.5
Cass,1.9
Cedar,1.9
Chariton,-13.8
Christian,3.1
Clark,13.5
Clay,1.4
Clinton,-6.1
Cole,1.1
Cooper,1.3
Crawford,4.3
Dade,-3.2
Dallas,2.9
Daviess,-3.8
DeKalb,-3.8
Dent,3.3
Douglas,5.3
Dunklin,6.4
Franklin,1.6
Gasconade,0.7
Gentry,-19
Greene,1.9
Grundy,1.4
Harrison,-0.3
Henry,5.3
Hickory,5.5
Holt,-12.9
Howard,5.3
Howell,4.2
Iron,8.8
Jackson,3
Jasper,-0.7
Jefferson,2.1
Johnson,0.7
Knox,6.8
Laclede,3.5
Lafayette,-4.6
Lawrence,5
Lewis,5
Lincoln,-0.8
Linn,9.5
Livingston,0.2
McDonald,4.4
Macon,4.4
Madison,0.1
Maries,3.7
Marion,3.5
Mercer,-31
Miller,1.3
Mississippi,-13.5
Moniteau,4.2
Monroe,19
Montgomery,-14
Morgan,-0.5
New Madrid,4
Newton,1.2
Nodaway,5.2
Oregon,7.3
Osage,4.3
Ozark,6.7
Pemiscot,5.6
Perry,3.1
Pettis,1.7
Phelps,2.1
Pike,-6.3
Platte,1.3
Polk,4.3
Pulaski,-0.6
Putnam,-3.2
Ralls,-7.4
Randolph,0.6
Ray,-0.4
Reynolds,6.7
Ripley,3.8
St. Charles,4.5
St. Clair,0.1
Ste. Genevieve,6.2
St. Francois,6.8
St. Louis,2.7
Saline,-6
Schuyler,2.2
Scotland,-7
Scott,3.1
Shannon,1.3
Shelby,5
Stoddard,6.6
Stone,1.2
Sullivan,-16
Taney,3
Texas,1.9
Vernon,-6.5
Warren,3.6
Washington,3
Wayne,-0.5
Webster,8.3
Worth,-12.8
Wright,2.6
St. Louis City,3.6
Beaverhead,-14.2
Big Horn,6.5
Blaine,19.6
Broadwater,-3.3
Carbon,-2.6
Carter,-21.3
Cascade,3.8
Chouteau,61
Custer,-4.6
Daniels,-25.5
Dawson,1.8
Deer Lodge,1.9
Fallon,-9.5
Fergus,0.9
Flathead,2
Gallatin,5.2
Garfield,-10.7
Glacier,17.4
Golden Valley,-11
Granite,0.9
Hill,6.8
Jefferson,0.9
Judith Basin,7.2
Lake,2.2
Lewis and Clark,1.3
Liberty,34.4
Lincoln,1.5
McCone,2.9
Madison,12.1
Meagher,6.3
Mineral,2.5
Missoula,3.3
Musselshell,5.9
Park,3.2
Petroleum,-7.1
Phillips,-2.8
Pondera,-11.9
Powder River,2.6
Powell,0.1
Prairie,10
Ravalli,2.8
Richland,4.1
Roosevelt,4.3
Rosebud,-8
Sanders,-1.7
Sheridan,-18
Silver Bow,0.8
Stillwater,4.8
Sweet Grass,-1.9
Teton,19.7
Toole,7.1
Treasure,8.9
Valley,-0.8
Wheatland,26.4
Wibaux,7
Yellowstone,1.9
Adams,-0.9
Antelope,-0.2
Arthur,61.9
Banner,64.5
Blaine,-43.1
Boone,-5.3
Box Butte,-1.5
Boyd,30.4
Brown,5.1
Buffalo,1.1
Burt,-3.4
Butler,5.4
Cass,6.2
Cedar,-0.8
Chase,-4.8
Cherry,-14.7
Cheyenne,-15.4
Clay,-4
Colfax,18.9
Cuming,-9.4
Custer,-11.4
Dakota,-0.6
Dawes,-2.2
Dawson,3.8
Deuel,-14.4
Dixon,2.1
Dodge,-0.5
Douglas,0.6
Dundy,-0.7
Fillmore,-1.1
Franklin,-17.1
Frontier,6.6
Furnas,9.3
Gage,2
Garden,-6.4
Garfield,1.6
Gosper,19.2
Grant,14.4
Greeley,2.4
Hall,2.5
Hamilton,-1
Harlan,71.2
Hayes,-5.6
Hitchcock,1
Holt,7
Hooker,-8.2
Howard,-8.7
Jefferson,5.1
Johnson,-7.4
Kearney,-0.6
Keith,7.5
Keya Paha,-7.1
Kimball,5.5
Knox,21.5
Lancaster,1.4
Lincoln,1.8
Logan,-6.4
Loup,-32.7
McPherson,-24.9
Madison,0.6
Merrick,-6.3
Morrill,-1.5
Nance,-0.8
Nemaha,-13.7
Nuckolls,12.9
Otoe,1.1
Pawnee,18.1
Perkins,12.4
Phelps,-5.3
Pierce,21.4
Platte,4.3
Polk,2.8
Red Willow,5
Richardson,-3.9
Rock,-42
Saline,7.2
Sarpy,0.7
Saunders,1.3
Scotts Bluff,2.2
Seward,-2.6
Sheridan,10.4
Sherman,47.8
Sioux,-24.2
Stanton,1.8
Thayer,26.9
Thomas,-9.7
Thurston,-6.9
Valley,3.4
Washington,-1.9
Wayne,-1.2
Webster,16.6
Wheeler,13
York,-0.9
Churchill,8
Clark,6.1
Douglas,6.4
Elko,1
Esmeralda,-6.6
Eureka,-9.2
Humboldt,-3.4
Lander,-6.8
Lincoln,5.6
Lyon,5
Mineral,5
Nye,2.5
Pershing,-6.2
Storey,28.4
Washoe,-3
White Pine,-2.7
Carson City,2.7
Belknap,3
Carroll,2
Cheshire,0.6
Coos,0.7
Grafton,2.8
Hillsborough,3
Merrimack,3.1
Rockingham,1.6
Strafford,1.7
Sullivan,0.3
Atlantic,3.5
Bergen,2.6
Burlington,2
Camden,2.5
Cape May,2
Cumberland,1.6
Essex,1.4
Gloucester,1.3
Hudson,2
Hunterdon,-0.4
Mercer,2.3
Middlesex,2.9
Monmouth,3
Morris,1.7
Ocean,1.8
Passaic,1.5
Salem,1.9
Somerset,3.6
Sussex,2.5
Union,2.5
Warren,0.4
Bernalillo,1.9
Catron,0.9
Chaves,-1.9
Cibola,-1.4
Colfax,-4.7
Curry,-0.6
De Baca,-0.2
Dona Ana,0.7
Eddy,12.3
Grant,-3.1
Guadalupe,0.8
Harding,-17.3
Hidalgo,4
Lea,17.6
Lincoln,3.4
Los Alamos,0.7
Luna,1.6
McKinley,1.9
Mora,3.5
Otero,2.2
Quay,1.3
Rio Arriba,-4.5
Roosevelt,-3.5
Sandoval,1.9
San Juan,-6.1
San Miguel,0.1
Santa Fe,1.3
Sierra,-7.5
Socorro,2.9
Taos,0.4
Torrance,7.4
Union,-8.5
Valencia,5.3
Albany,-0.1
Allegany,0.6
Bronx,7.2
Broome,1.3
Cattaraugus,-0.8
Cayuga,-0.7
Chautauqua,-1.1
Chemung,1.4
Chenango,-0.6
Clinton,-0.3
Columbia,0
Cortland,-0.1
Delaware,-1.2
Dutchess,1.2
Erie,1
Essex,1.3
Franklin,-1.6
Fulton,-2.5
Genesee,-0.6
Greene,-1.7
Hamilton,1.6
Herkimer,0.8
Jefferson,-0.3
Kings,7.2
Lewis,-1.2
Livingston,1.9
Madison,-0.3
Monroe,0.5
Montgomery,-0.7
Nassau,-0.1
New York,-0.2
Niagara,0.6
Oneida,0.9
Onondaga,1.4
Ontario,0.7
Orange,2.3
Orleans,1.3
Oswego,-1.2
Otsego,0.3
Putnam,0.6
Queens,5.9
Rensselaer,0.5
Richmond,7.8
Rockland,0.7
St. Lawrence,-1.3
Saratoga,2.6
Schenectady,-0.6
Schoharie,2.4
Schuyler,0.5
Seneca,-0.3
Steuben,2.4
Suffolk,0.1
Sullivan,3.7
Tioga,-0.3
Tompkins,1.1
Ulster,0.8
Warren,0
Washington,-0.8
Wayne,-3
Westchester,0.8
Wyoming,-2.6
Yates,0.4
Alamance,3.1
Alexander,1.2
Alleghany,-2.9
Anson,3.5
Ashe,1.4
Avery,1.7
Beaufort,-0.2
Bertie,-2.5
Bladen,-2.2
Brunswick,0.7
Buncombe,3.8
Burke,1.6
Cabarrus,-1
Caldwell,6
Camden,0.2
Carteret,2.8
Caswell,0.6
Catawba,1.6
Chatham,0.7
Cherokee,3.5
Chowan,2.1
Clay,3.8
Cleveland,3.6
Columbus,-0.3
Craven,1.9
Cumberland,1.7
Currituck,5.4
Dare,0.9
Davidson,-0.5
Davie,0.1
Duplin,-5
Durham,3.6
Edgecombe,1.1
Forsyth,0.6
Franklin,3.4
Gaston,4.2
Gates,1.1
Graham,7.6
Granville,-1
Greene,-3.7
Guilford,1.6
Halifax,2.4
Harnett,2.1
Haywood,3.5
Henderson,3.9
Hertford,-1.1
Hoke,-1.8
Hyde,4
Iredell,2.3
Jackson,0.3
Johnston,2.9
Jones,-7.5
Lee,2.8
Lenoir,1.2
Lincoln,3.3
McDowell,0.6
Macon,3.1
Madison,1.3
Martin,-0.7
Mecklenburg,1.9
Mitchell,5.9
Montgomery,2.2
Moore,3.4
Nash,-1.3
New Hanover,3.6
Northampton,1.3
Onslow,1.9
Orange,4.5
Pamlico,2
Pasquotank,0.1
Pender,1.3
Perquimans,0.7
Person,0.2
Pitt,0.8
Polk,1.3
Randolph,1.1
Richmond,5.5
Robeson,0.6
Rockingham,1.2
Rowan,3
Rutherford,3.5
Sampson,-3.9
Scotland,2.4
Stanly,2
Stokes,-5.3
Surry,2.4
Swain,3.8
Transylvania,3.4
Tyrrell,-5.9
Union,1.9
Vance,-0.4
Wake,6.2
Warren,0.1
Washington,0.6
Watauga,2
Wayne,0.2
Wilkes,-1.4
Wilson,1.6
Yadkin,-2.3
Yancey,13.2
Adams,-22.6
Barnes,3.6
Benson,21
Billings,-0.8
Bottineau,24.2
Bowman,-14.4
Burke,-12.9
Burleigh,1
Cass,2.9
Cavalier,30.8
Dickey,27.6
Divide,-10
Dunn,3.2
Eddy,1.8
Emmons,-2
Foster,-10
Golden Valley,0.7
Grand Forks,1.3
Grant,-44
Griggs,-8.5
Hettinger,-8.1
Kidder,9.1
LaMoure,50.9
Logan,0.5
McHenry,23.7
McIntosh,-11.9
McKenzie,14.3
McLean,12.4
Mercer,-9.5
Morton,0.7
Mountrail,2.4
Nelson,-19.1
Oliver,-2.1
Pembina,0.8
Pierce,19.1
Ramsey,-6.2
Ransom,7.2
Renville,36.9
Richland,2.8
Rolette,0.2
Sargent,8.2
Sheridan,-14.4
Sioux,-15.7
Slope,14.7
Stark,4.6
Steele,3
Stutsman,8.7
Towner,29.1
Traill,-8.9
Walsh,-12.8
Ward,5
Wells,-17.1
Williams,10.5
Adams,-35
Allen,4.3
Ashland,1.9
Ashtabula,2.3
Athens,-3.2
Auglaize,7.7
Belmont,-4.6
Brown,-0.2
Butler,3.3
Carroll,-2.3
Champaign,-2.9
Clark,1.4
Clermont,2
Clinton,5.8
Columbiana,0.2
Coshocton,0.2
Crawford,-1.2
Cuyahoga,2
Darke,-3.3
Defiance,3.4
Delaware,0.9
Erie,1.8
Fairfield,-1
Fayette,4.7
Franklin,2.1
Fulton,1
Gallia,-1
Geauga,2
Greene,2.8
Guernsey,12.4
Hamilton,0.6
Hancock,0.3
Hardin,15.6
Harrison,-19.5
Henry,5.3
Highland,-0.1
Hocking,-1
Holmes,0.4
Huron,-0.2
Jackson,0.9
Jefferson,11
Knox,1.3
Lake,1.4
Lawrence,4.1
Licking,4.9
Logan,4.5
Lorain,1.4
Lucas,2.7
Madison,-3.3
Mahoning,0.8
Marion,4.2
Medina,1.8
Meigs,2.3
Mercer,14.4
Miami,1.7
Monroe,26.7
Montgomery,1.7
Morgan,1.5
Morrow,4.9
Muskingum,2.5
Noble,-10.4
Ottawa,-1.9
Paulding,8.8
Perry,4.7
Pickaway,-0.8
Pike,6.5
Portage,1.5
Preble,5.9
Putnam,12.8
Richland,1.6
Ross,2.7
Sandusky,0.3
Scioto,-1.1
Seneca,3.5
Shelby,3.1
Stark,1.9
Summit,1.7
Trumbull,2.7
Tuscarawas,-3.2
Union,1.7
Van Wert,10.8
Vinton,9.5
Warren,3.8
Washington,2.1
Wayne,1.9
Williams,3.3
Wood,2.9
Wyandot,10.4
Adair,-2.6
Alfalfa,-4.9
Atoka,0.3
Beaver,-2.1
Beckham,3.1
Blaine,1.5
Bryan,4.2
Caddo,6
Canadian,21
Carter,1.2
Cherokee,0.5
Choctaw,-4.9
Cimarron,2.1
Cleveland,2.2
Coal,2.1
Comanche,1.7
Cotton,16.3
Craig,2.8
Creek,3.3
Custer,3
Delaware,-2.8
Dewey,6.3
Ellis,-6.4
Garfield,1.4
Garvin,0.2
Grady,4
Grant,-4.5
Greer,2.2
Harmon,-6.3
Harper,4
Haskell,-1
Hughes,3.2
Jackson,4.1
Jefferson,-5.9
Johnston,7
Kay,1.5
Kingfisher,20
Kiowa,-4.3
Latimer,-6.1
Le Flore,-0.9
Lincoln,2.3
Logan,1.2
Love,2
McClain,4.8
McCurtain,-1.6
McIntosh,3.6
Major,3.4
Marshall,8.4
Mayes,13
Murray,2.1
Muskogee,-1.4
Noble,9.6
Nowata,5.6
Okfuskee,7.9
Oklahoma,2
Okmulgee,2.2
Osage,-7.5
Ottawa,1.5
Pawnee,3.7
Payne,2.5
Pittsburg,6.2
Pontotoc,0.9
Pottawatomie,-0.4
Pushmataha,-1.6
Roger Mills,-3.6
Rogers,4.7
Seminole,5
Sequoyah,0.4
Stephens,3
Texas,-1
Tillman,-9.1
Tulsa,3.2
Wagoner,3.6
Washington,-0.5
Washita,4
Woods,-3.4
Woodward,-2.7
Baker,2.6
Benton,4.9
Clackamas,3.6
Clatsop,2.6
Columbia,3
Coos,2.4
Crook,7.4
Curry,0.9
Deschutes,3.9
Douglas,1
Gilliam,7
Grant,3.3
Harney,-0.5
Hood River,8.7
Jackson,3.3
Jefferson,2.8
Josephine,4.1
Klamath,3.1
Lake,-2.6
Lane,2.6
Lincoln,3.4
Linn,4.9
Malheur,6.4
Marion,2.8
Morrow,-3.2
Multnomah,4.2
Polk,5.1
Sherman,-10.9
Tillamook,1
Umatilla,4.2
Union,4.9
Wallowa,-4
Wasco,-3.2
Washington,5
Wheeler,8.6
Yamhill,1.7
Adams,0.3
Allegheny,3.2
Armstrong,0.6
Beaver,6
Bedford,0.5
Berks,3
Blair,1.8
Bradford,-5.3
Bucks,2.5
Butler,2.1
Cambria,2.1
Cameron,-4.3
Carbon,4.2
Centre,0
Chester,1.8
Clarion,1.9
Clearfield,1.1
Clinton,-2.3
Columbia,2.8
Crawford,2.7
Cumberland,2.5
Dauphin,2.6
Delaware,2.5
Elk,1.7
Erie,3.1
Fayette,1.9
Forest,-0.9
Franklin,3.1
Fulton,9.8
Greene,0.2
Huntingdon,2.1
Indiana,0.6
Jefferson,2
Juniata,3.4
Lackawanna,3.5
Lancaster,2.6
Lawrence,3.3
Lebanon,3.4
Lehigh,2.7
Luzerne,3.1
Lycoming,-0.6
McKean,2.2
Mercer,0.8
Mifflin,1.7
Monroe,2.6
Montgomery,3.4
Montour,0.4
Northampton,2.2
Northumberland,-2.1
Perry,0.1
Philadelphia,3.6
Pike,3
Potter,6.7
Schuylkill,2.5
Snyder,11.6
Somerset,3.5
Sullivan,-12.1
Susquehanna,-6.8
Tioga,3.5
Union,1.8
Venango,2.1
Warren,2.7
Washington,2.5
Wayne,2.7
Westmoreland,2.5
Wyoming,-8.8
York,2
Bristol,1.2
Kent,2.1
Newport,1.8
Providence,0.1
Washington,5.3
Abbeville,1.5
Aiken,1.7
Allendale,0.7
Anderson,4.5
Bamberg,-0.4
Barnwell,6.3
Beaufort,2.9
Berkeley,5.1
Calhoun,1.6
Charleston,3.2
Cherokee,11.9
Chester,6.3
Chesterfield,3
Clarendon,-0.6
Colleton,1.9
Darlington,1.6
Dillon,4.8
Dorchester,4
Edgefield,-0.6
Fairfield,-24
Florence,2.4
Georgetown,2.8
Greenville,2.8
Greenwood,0.7
Hampton,2.5
Horry,2.3
Jasper,-1
Kershaw,2.7
Lancaster,6
Laurens,5
Lee,-1.8
Lexington,1.9
McCormick,2.3
Marion,4.2
Marlboro,2.4
Newberry,9
Oconee,-0.2
Orangeburg,1.4
Pickens,2.8
Richland,2.4
Saluda,0.8
Spartanburg,2.7
Sumter,2.1
Union,6.6
Williamsburg,1.5
York,2.3
Aurora,6.1
Beadle,10.3
Bennett,0.4
Bon Homme,13.9
Brookings,5.3
Brown,0.7
Brule,3.4
Buffalo,1.6
Butte,2.7
Campbell,10.8
Charles Mix,7.7
Clark,37.4
Clay,4.3
Codington,0.6
Corson,26.6
Custer,-0.6
Davison,3.5
Day,16.4
Deuel,3
Dewey,-7.5
Douglas,-2.5
Edmunds,6.6
Fall River,-1.1
Faulk,14
Grant,-1.3
Gregory,-5.5
Haakon,4.7
Hamlin,10.9
Hand,11.8
Hanson,-3.1
Harding,-14.9
Hughes,0.7
Hutchinson,13.8
Hyde,-23.6
Jackson,13.3
Jerauld,0.2
Jones,48
Kingsbury,2.2
Lake,8.3
Lawrence,1.4
Lincoln,4.7
Lyman,25.4
McCook,3.3
McPherson,17.3
Marshall,16.1
Meade,-1.7
Mellette,0.1
Miner,10.9
Minnehaha,-0.5
Moody,6.5
Oglala Lakota,4.7
Pennington,1.3
Perkins,-21.4
Potter,-13.6
Roberts,17.5
Sanborn,-2.7
Spink,-4.7
Stanley,18.1
Sully,21.3
Todd,0.2
Tripp,19.8
Turner,-5.2
Union,-1.5
Walworth,7.6
Yankton,1.8
Ziebach,-9.6
Anderson,-0.5
Bedford,2.7
Benton,4
Bledsoe,6.9
Blount,3.1
Bradley,0.3
Campbell,2.5
Cannon,2.7
Carroll,1.5
Carter,3
Cheatham,2.3
Chester,1.6
Claiborne,1.9
Clay,-3.7
Cocke,4.9
Coffee,2.2
Crockett,1.1
Cumberland,0.2
Davidson,4.6
Decatur,4.6
DeKalb,4.1
Dickson,2.6
Dyer,2.1
Fayette,-1.2
Fentress,2
Franklin,3
Gibson,5.8
Giles,1.9
Grainger,2.4
Greene,2.2
Grundy,3.7
Hamblen,3.8
Hamilton,2.5
Hancock,4.3
Hardeman,3.1
Hardin,5.1
Hawkins,-0.6
Haywood,1.9
Henderson,3.5
Henry,-1.7
Hickman,3.7
Houston,3.1
Humphreys,-10.2
Jackson,4.4
Jefferson,2.3
Johnson,-0.5
Knox,3.8
Lake,3.5
Lauderdale,2.8
Lawrence,3.6
Lewis,3.1
Lincoln,2.1
Loudon,5.8
McMinn,2
McNairy,0.9
Macon,-5.7
Madison,1.9
Marion,1.4
Marshall,3.9
Maury,2.8
Meigs,3.5
Monroe,3.2
Montgomery,3.3
Moore,8.8
Morgan,4.5
Obion,-0.2
Overton,3.2
Perry,2.8
Pickett,2.5
Polk,5.6
Putnam,3
Rhea,11.2
Roane,-3.1
Robertson,-0.4
Rutherford,3.9
Scott,4
Sequatchie,0.4
Sevier,4.3
Shelby,2.4
Smith,13.7
Stewart,6
Sullivan,3.2
Sumner,1.3
Tipton,2.1
Trousdale,13.4
Unicoi,5.2
Union,2.4
Van Buren,4.9
Warren,0.7
Washington,2.3
Wayne,4.3
Weakley,1.8
White,1.4
Williamson,4.8
Wilson,3.9
Anderson,3.7
Andrews,6.5
Angelina,5.2
Aransas,0.2
Archer,5.4
Armstrong,5
Atascosa,2.7
Austin,0.9
Bailey,-8
Bandera,3.2
Bastrop,5.6
Baylor,6.5
Bee,-0.2
Bell,2
Bexar,4.3
Blanco,1
Borden,29.4
Bosque,0.5
Bowie,1
Brazoria,4.9
Brazos,3.6
Brewster,6
Briscoe,5.7
Brooks,-3.4
Brown,0.8
Burleson,19.7
Burnet,2.6
Caldwell,5.9
Calhoun,5.1
Callahan,9.4
Cameron,2.8
Camp,6.8
Carson,7.1
Cass,3.7
Castro,-37.8
Chambers,1.1
Cherokee,0.9
Childress,4.1
Clay,3.1
Cochran,-12.1
Coke,0.4
Coleman,0.1
Collin,6.8
Collingsworth,10
Colorado,-3.1
Comal,4.6
Comanche,2.1
Concho,1.7
Cooke,4.4
Coryell,0.9
Cottle,-15
Crane,-4.8
Crockett,-14.9
Crosby,1.1
Culberson,12.4
Dallam,-12.9
Dallas,3.3
Dawson,-3.8
Deaf Smith,-5.3
Delta,2.1
Denton,3.5
DeWitt,-4.5
Dickens,0.2
Dimmit,2.7
Donley,2.6
Duval,2.7
Eastland,19.8
Ector,9.6
Edwards,-1.4
Ellis,6.5
El Paso,3.2
Erath,6.3
Falls,3.6
Fannin,5.3
Fayette,-1.6
Fisher,15.4
Floyd,-1.1
Foard,5.6
Fort Bend,5.4
Franklin,6
Freestone,-24.5
Frio,8.8
Gaines,-1.3
Galveston,1.7
Garza,-2.1
Gillespie,3
Glasscock,30
Goliad,0.8
Gonzales,2.8
Gray,-1.7
Grayson,4.8
Gregg,4.6
Grimes,2.9
Guadalupe,7.9
Hale,4.4
Hall,0.9
Hamilton,3.4
Hansford,7.4
Hardeman,-5.1
Hardin,4.8
Harris,2.7
Harrison,2
Hartley,0.5
Haskell,15.8
Hays,5.4
Hemphill,-12.9
Henderson,2.3
Hidalgo,3.1
Hill,1.6
Hockley,2.2
Hood,6.6
Hopkins,3.8
Houston,3
Howard,32.7
Hudspeth,9.3
Hunt,2.5
Hutchinson,-10.2
Irion,-7
Jack,6
Jackson,10.3
Jasper,1.5
Jeff Davis,0.8
Jefferson,-0.1
Jim Hogg,-0.5
Jim Wells,9.8
Johnson,0.4
Jones,-3.7
Karnes,4.4
Kaufman,4
Kendall,7.1
Kenedy,-3.2
Kent,-0.8
Kerr,4.1
Kimble,1.8
King,-5
Kinney,-0.1
Kleberg,0.4
Knox,8.5
Lamar,3.6
Lamb,-5.3
Lampasas,3.1
La Salle,5.2
Lavaca,8.5
Lee,-0.1
Leon,2.3
Liberty,6.5
Limestone,6
Lipscomb,-10
Live Oak,-3.4
Llano,-0.9
Loving,45.1
Lubbock,3
Lynn,12.3
McCulloch,6.6
McLennan,3.6
McMullen,-3.5
Madison,-10.7
Marion,4.7
Martin,39.9
Mason,0.6
Matagorda,-2.8
Maverick,3.3
Medina,2.4
Menard,1.8
Midland,18.5
Milam,-32.8
Mills,20.6
Mitchell,-4.9
Montague,-9.2
Montgomery,4.8
Moore,-4.7
Morris,7.5
Motley,4
Nacogdoches,3.3
Navarro,5.8
Newton,8.2
Nolan,-0.1
Nueces,1.1
Ochiltree,-1.9
Oldham,6.9
Orange,4
Palo Pinto,4.4
Panola,1.3
Parker,3.1
Parmer,1.9
Pecos,21
Polk,2.3
Potter,3.1
Presidio,2.7
Rains,6.1
Randall,3.9
Reagan,12.7
Real,4.2
Red River,-0.6
Reeves,48.4
Refugio,-0.1
Roberts,-17.1
Robertson,-9.7
Rockwall,4.3
Runnels,3.1
Rusk,3.3
Sabine,3.1
San Augustine,13.3
San Jacinto,0.1
San Patricio,0.2
San Saba,10.6
Schleicher,-3.2
Scurry,0.2
Shackelford,5.4
Shelby,6.9
Sherman,-33.3
Smith,2.8
Somervell,12
Starr,-1.1
Stephens,-3.2
Sterling,-2.5
Stonewall,-6.4
Sutton,-4.1
Swisher,-4.7
Tarrant,4
Taylor,4.8
Terrell,-20.4
Terry,-2.1
Throckmorton,3.1
Titus,-15.2
Tom Green,4.9
Travis,6
Trinity,2.8
Tyler,-2.2
Upshur,2.9
Upton,9
Uvalde,1.1
Val Verde,4.4
Van Zandt,2.6
Victoria,4.7
Walker,2
Waller,4.9
Ward,29.3
Washington,6.6
Webb,-3
Wharton,6
Wheeler,-12.7
Wichita,2.4
Wilbarger,11.3
Willacy,-2.4
Williamson,3.7
Wilson,7.5
Winkler,42.1
Wise,0.8
Wood,-0.8
Yoakum,6.5
Young,0.7
Zapata,-7.1
Zavala,-4.7
Beaver,9.3
Box Elder,3.3
Cache,2.9
Carbon,2.4
Daggett,-3.5
Davis,3.9
Duchesne,-1
Emery,-5.4
Garfield,-2
Grand,2.2
Iron,4
Juab,11.8
Kane,0.9
Millard,-7
Morgan,11.2
Piute,13.1
Rich,1.2
Salt Lake,3.6
San Juan,0.8
Sanpete,2.5
Sevier,0.1
Summit,2.2
Tooele,-2.1
Uintah,-2
Utah,7
Wasatch,3.4
Washington,4.5
Wayne,-2.8
Weber,2.2
Addison,0.2
Bennington,2.5
Caledonia,1.1
Chittenden,2
Essex,1
Franklin,1.1
Grand Isle,0.8
Lamoille,3.8
Orange,2.9
Orleans,1.9
Rutland,-0.4
Washington,-0.5
Windham,0.4
Windsor,0
Accomack,4.6
Albemarle,
Alleghany,
Amelia,2.7
Amherst,0.8
Appomattox,2.7
Arlington,3.4
Augusta,
Bath,-2.8
Bedford,2.4
Bland,4
Botetourt,6.7
Brunswick,1.1
Buchanan,-3.2
Buckingham,9.5
Campbell,
Caroline,2.8
Carroll,
Charles City,1.8
Charlotte,-0.1
Chesterfield,2
Clarke,1.7
Craig,2.8
Culpeper,2.4
Cumberland,-0.9
Dickenson,-4
Dinwiddie,
Essex,2.1
Fairfax,
Fauquier,4.2
Floyd,7.1
Fluvanna,-0.7
Franklin,1.4
Frederick,
Giles,3.2
Gloucester,1.8
Goochland,-2.4
Grayson,2.5
Greene,1
Greensville,
Halifax,-1.1
Hanover,3.6
Henrico,1.4
Henry,
Highland,5.7
Isle of Wight,6.9
James City,
King and Queen,2.8
King George,3.2
King William,2.7
Lancaster,1.4
Lee,0.7
Loudoun,6.2
Louisa,3.8
Lunenburg,1.8
Madison,1.1
Mathews,4
Mecklenburg,1.2
Middlesex,1.8
Montgomery,
Nelson,4
New Kent,3.9
Northampton,-0.1
Northumberland,4.6
Nottoway,2.3
Orange,2.8
Page,2.3
Patrick,0.2
Pittsylvania,
Powhatan,0.7
Prince Edward,2.2
Prince George,
Prince William,
Pulaski,9.4
Rappahannock,-10
Richmond,3.5
Roanoke,
Rockbridge,
Rockingham,
Russell,3.3
Scott,4.1
Shenandoah,3.6
Smyth,2.7
Southampton,
Spotsylvania,
Stafford,3.6
Surry,-3.7
Sussex,0.2
Tazewell,-0.5
Warren,0.7
Washington,
Westmoreland,3.8
Wise,
Wythe,2.9
York,
Alexandria City,
Bristol City,
Buena Vista City,
Charlottesville City,
Chesapeake City,
Colonial Heights City,
Covington City,
Danville City,
Emporia City,
Fairfax City,
Falls Church City,
Franklin City,
Fredericksburg City,
Galax City,
Hampton City,
Harrisonburg City,
Hopewell City,
Lexington City,
Lynchburg City,
Manassas City,
Manassas Park City,
Martinsville City,
Newport News City,
Norfolk City,
Norton City,
Petersburg City,
Poquoson City,
Portsmouth City,
Radford City,
Richmond City,
Roanoke City,
Salem City,
Staunton City,
Suffolk City,
Virginia Beach City,
Waynesboro City,
Williamsburg City,
Winchester City,
Adams,0
Asotin,4.9
Benton,2.1
Chelan,1.5
Clallam,3.4
Clark,5.3
Columbia,-1.3
Cowlitz,3.7
Douglas,-1.3
Ferry,-1.5
Franklin,4
Garfield,7.9
Grant,-2.6
Grays Harbor,1.9
Island,3
Jefferson,2.9
King,7.6
Kitsap,4.3
Kittitas,4.4
Klickitat,1.6
Lewis,1.3
Lincoln,1.2
Mason,3.8
Okanogan,-1.3
Pacific,2.5
Pend Oreille,3.9
Pierce,4
San Juan,3.9
Skagit,4.9
Skamania,-3.2
Snohomish,4.5
Spokane,4.4
Stevens,4.2
Thurston,5.6
Wahkiakum,4.7
Walla Walla,2.5
Whatcom,1.6
Whitman,6.6
Yakima,2.8
Barbour,-1
Berkeley,2.2
Boone,0.5
Braxton,0
Brooke,0.1
Cabell,2.1
Calhoun,2
Clay,-5.3
Doddridge,-7.8
Fayette,0.9
Gilmer,-4.3
Grant,-4.7
Greenbrier,2.1
Hampshire,1.8
Hancock,1.6
Hardy,0.9
Harrison,5.2
Jackson,86.5
Jefferson,1.5
Kanawha,-0.1
Lewis,9.3
Lincoln,-10.1
Logan,4.6
McDowell,-2
Marion,-1.8
Marshall,9.1
Mason,-1.6
Mercer,0.5
Mineral,5
Mingo,1.5
Monongalia,0.9
Monroe,2.1
Morgan,5.3
Nicholas,4.9
Ohio,-0.1
Pendleton,-9.8
Pleasants,0.3
Pocahontas,0.9
Preston,0
Putnam,5.6
Raleigh,2.4
Randolph,4.1
Ritchie,-3.3
Roane,3
Summers,-0.4
Taylor,-2
Tucker,-1.8
Tyler,-6.5
Upshur,2.4
Wayne,1.3
Webster,5.5
Wetzel,-6
Wirt,4.5
Wood,1.5
Wyoming,0.9
Adams,3
Ashland,-0.4
Barron,7.1
Bayfield,9.4
Brown,2.6
Buffalo,16
Burnett,6.3
Calumet,2.8
Chippewa,0.5
Clark,-4
Columbia,3.2
Crawford,3.8
Dane,2.1
Dodge,1.4
Door,2.1
Douglas,4
Dunn,5
Eau Claire,3.6
Florence,2.6
Fond du Lac,1.2
Forest,2.1
Grant,-0.4
Green,4.4
Green Lake,6
Iowa,2
Iron,0.7
Jackson,14.2
Jefferson,4.5
Juneau,3.9
Kenosha,-0.6
Kewaunee,-4.9
La Crosse,2.8
Lafayette,1.8
Langlade,-3.6
Lincoln,2
Manitowoc,-0.7
Marathon,2.3
Marinette,2.6
Marquette,8.8
Menominee,2.6
Milwaukee,1.9
Monroe,11.7
Oconto,-8.7
Oneida,2
Outagamie,2.1
Ozaukee,1.5
Pepin,14.7
Pierce,7.2
Polk,5.1
Portage,-0.3
Price,-3.7
Racine,3
Richland,0.9
Rock,5.7
Rusk,-4.2
St. Croix,4.7
Sauk,4.1
Sawyer,4
Shawano,-7.3
Sheboygan,1.2
Taylor,0.6
Trempealeau,8.3
Vernon,-1.4
Vilas,1.5
Walworth,3.5
Washburn,-0.5
Washington,2.4
Waukesha,3.2
Waupaca,-1
Waushara,-0.3
Winnebago,1.6
Wood,2.8
Albany,-6
Big Horn,1.6
Campbell,-2.6
Carbon,0.3
Converse,16.3
Crook,14.9
Fremont,-0.8
Goshen,2
Hot Springs,2
Johnson,-5.2
Laramie,0.8
Lincoln,1.6
Natrona,3.2
Niobrara,18.3
Park,1.3
Platte,-4.7
Sheridan,2.6
Sublette,-14.4
Sweetwater,-3.1
Teton,4.2
Uinta,0.2
Washakie,1.2
Weston,3.2
