County_Name,mental_health_provider
Autauga,4277
Baldwin,1038
Barbour,12441
Bibb,4480
Blount,6427
Bullock,5069
Butler,1968
Calhoun,866
Chambers,16808
Cherokee,5206
Chilton,1920
Choctaw,0
Clarke,1407
Clay,6638
Cleburne,2498
Coffee,1527
Colbert,2882
Conecuh,1535
Coosa,10715
Covington,1541
Crenshaw,1728
Cullman,738
Dale,1064
Dallas,1666
DeKalb,3757
Elmore,5849
Escambia,1750
Etowah,827
Fayette,8217
Franklin,10454
Geneva,5263
Greene,8233
Hale,7363
Henry,8605
Houston,694
Jackson,2156
Jefferson,565
Lamar,6922
Lauderdale,646
Lawrence,804
Lee,1163
Limestone,2091
Lowndes,0
Macon,246
Madison,697
Marengo,2724
Marion,9921
Marshall,411
Mobile,1083
Monroe,1170
Montgomery,697
Morgan,692
Perry,3047
Pickens,6646
Pike,2084
Randolph,3788
Russell,2408
St. Clair,4927
Shelby,1254
Sumter,6346
Talladega,5322
Tallapoosa,3375
Tuscaloosa,757
Walker,2197
Washington,4095
Wilcox,10627
Winston,11830
Aleutians East,1172
Aleutians West,818
Anchorage,242
Bethel,45
Bristol Bay,36
Denali,0
Dillingham,139
Fairbanks North Star,182
Haines,412
Hoonah-Angoon,359
Juneau,150
Kenai Peninsula,454
Ketchikan Gateway,366
Kodiak Island,310
Kusilvak,830
Lake and Peninsula,794
Matanuska-Susitna,690
Nome,118
North Slope,1410
Northwest Arctic,100
Petersburg,248
Prince of Wales-Hyder,803
Sitka,56
Skagway,1148
Southeast Fairbanks,692
Valdez-Cordova,482
Wrangell,313
Yakutat,302
Yukon-Koyukuk,1065
Apache,1122
Cochise,829
Coconino,484
Gila,1540
Graham,2380
Greenlee,9483
La Paz,1241
Maricopa,741
Mohave,1406
Navajo,1269
Pima,547
Pinal,1411
Santa Cruz,2907
Yavapai,535
Yuma,1768
Arkansas,935
Ashley,1336
Baxter,365
Benton,445
Boone,852
Bradley,3632
Calhoun,0
Carroll,1283
Chicot,168
Clark,394
Clay,1485
Cleburne,1135
Cleveland,0
Columbia,535
Conway,394
Craighead,261
Crawford,1981
Crittenden,469
Cross,1191
Dallas,422
Desha,1645
Drew,165
Faulkner,721
Franklin,17810
Fulton,2045
Garland,381
Grant,1010
Greene,527
Hempstead,988
Hot Spring,511
Howard,1213
Independence,580
Izard,1699
Jackson,1121
Jefferson,454
Johnson,388
Lafayette,1671
Lawrence,498
Lee,8985
Lincoln,669
Little River,6163
Logan,3623
Lonoke,1991
Madison,659
Marion,8361
Miller,440
Mississippi,859
Monroe,6900
Montgomery,4462
Nevada,1189
Newton,3903
Ouachita,590
Perry,0
Phillips,1803
Pike,3558
Poinsett,358
Polk,1179
Pope,444
Prairie,4037
Pulaski,235
Randolph,1122
St. Francis,310
Saline,754
Scott,10319
Searcy,442
Sebastian,304
Sevier,1904
Sharp,469
Stone,1038
Union,551
Van Buren,1384
Washington,276
White,554
Woodruff,1623
Yell,5384
Alameda,163
Alpine,220
Amador,438
Butte,155
Calaveras,608
Colusa,569
Contra Costa,295
Del Norte,246
El Dorado,302
Fresno,288
Glenn,876
Humboldt,221
Imperial,713
Inyo,217
Kern,529
Kings,495
Lake,276
Lassen,328
Los Angeles,293
Madera,614
Marin,132
Mariposa,357
Mendocino,156
Merced,578
Modoc,274
Mono,509
Monterey,278
Napa,182
Nevada,125
Orange,375
Placer,334
Plumas,355
Riverside,487
Sacramento,268
San Benito,918
San Bernardino,441
San Diego,269
San Francisco,111
San Joaquin,421
San Luis Obispo,166
San Mateo,266
Santa Barbara,190
Santa Clara,287
Santa Cruz,131
Shasta,294
Sierra,597
Siskiyou,228
Solano,266
Sonoma,217
Stanislaus,474
Sutter,300
Tehama,551
Trinity,241
Tulare,375
Tuolumne,519
Ventura,268
Yolo,283
Yuba,476
Adams,299
Alamosa,71
Arapahoe,279
Archuleta,655
Baca,3585
Bent,1176
Boulder,143
Broomfield,693
Chaffee,556
Cheyenne,0
Clear Creek,2401
Conejos,4100
Costilla,3828
Crowley,0
Custer,1651
Delta,632
Denver,175
Dolores,2074
Douglas,857
Eagle,579
Elbert,848
El Paso,313
Fremont,314
Garfield,436
Gilpin,1530
Grand,535
Gunnison,442
Hinsdale,406
Huerfano,689
Jackson,233
Jefferson,325
Kiowa,0
Kit Carson,1194
Lake,1956
La Plata,259
Larimer,289
Las Animas,659
Lincoln,468
Logan,295
Mesa,310
Mineral,32
Moffat,573
Montezuma,654
Montrose,402
Morgan,468
Otero,239
Ouray,690
Park,1160
Phillips,1072
Pitkin,272
Prowers,529
Pueblo,195
Rio Blanco,396
Rio Grande,3750
Routt,326
Saguache,1369
San Juan,31
San Miguel,341
Sedgwick,0
Summit,341
Teller,627
Washington,2455
Weld,393
Yuma,1002
Fairfield,327
Hartford,198
Litchfield,399
Middlesex,236
New Haven,229
New London,262
Tolland,428
Windham,302
Kent,567
New Castle,312
Sussex,538
District of Columbia,206
Alachua,161
Baker,1013
Bay,398
Bradford,1387
Brevard,634
Broward,574
Calhoun,7294
Charlotte,885
Citrus,1608
Clay,1114
Collier,999
Columbia,486
DeSoto,735
Dixie,16700
Duval,511
Escambia,523
Flagler,1808
Franklin,1467
Gadsden,850
Gilchrist,1660
Glades,0
Gulf,1155
Hamilton,14310
Hardee,5449
Hendry,2309
Hernando,1281
Highlands,1387
Hillsborough,561
Holmes,1217
Indian River,783
Jackson,805
Jefferson,2858
Lafayette,8732
Lake,1157
Lee,930
Leon,451
Levy,5824
Liberty,604
Madison,2059
Manatee,985
Marion,1043
Martin,565
Miami-Dade,626
Monroe,457
Nassau,802
Okaloosa,615
Okeechobee,1806
Orange,433
Osceola,690
Palm Beach,493
Pasco,1264
Pinellas,504
Polk,1144
Putnam,1648
St. Johns,836
St. Lucie,640
Santa Rosa,1645
Sarasota,578
Seminole,640
Sumter,2575
Suwannee,1841
Taylor,3604
Union,1149
Volusia,728
Wakulla,2319
Walton,1428
Washington,4976
Appling,1322
Atkinson,0
Bacon,11185
Baker,3092
Baldwin,723
Banks,0
Barrow,6734
Bartow,872
Ben Hill,2798
Berrien,6417
Bibb,557
Bleckley,0
Brantley,0
Brooks,3878
Bryan,1270
Bulloch,1104
Burke,1725
Butts,1512
Calhoun,6352
Camden,880
Candler,2167
Carroll,856
Catoosa,853
Charlton,6484
Chatham,689
Chattahoochee,0
Chattooga,3099
Cherokee,1135
Clarke,373
Clay,0
Clayton,1516
Clinch,0
Cobb,590
Coffee,4788
Colquitt,1824
Columbia,1275
Cook,3432
Coweta,1444
Crawford,0
Crisp,2511
Dade,4057
Dawson,784
Decatur,1898
DeKalb,342
Dodge,3451
Dooly,0
Dougherty,748
Douglas,1031
Early,1464
Echols,0
Effingham,2221
Elbert,2731
Emanuel,870
Evans,0
Fannin,1367
Fayette,540
Floyd,796
Forsyth,1727
Franklin,1354
Fulton,424
Gilmer,1340
Glascock,0
Glynn,754
Gordon,1923
Grady,6187
Greene,3540
Gwinnett,926
Habersham,2522
Hall,1210
Hancock,4174
Haralson,1846
Harris,4925
Hart,4350
Heard,3960
Henry,698
Houston,707
Irwin,4699
Jackson,2134
Jasper,2808
Jeff Davis,15029
Jefferson,0
Jenkins,8683
Johnson,9708
Jones,3577
Lamar,1357
Lanier,10340
Laurens,473
Lee,4961
Liberty,245
Lincoln,2638
Long,4750
Lowndes,600
Lumpkin,1318
McDuffie,1538
McIntosh,623
Macon,6572
Madison,9883
Marion,0
Meriwether,1317
Miller,5686
Mitchell,229
Monroe,2752
Montgomery,1532
Morgan,3771
Murray,7984
Muscogee,322
Newton,1053
Oconee,491
Oglethorpe,7527
Paulding,2025
Peach,1137
Pickens,1454
Pierce,3878
Pike,2329
Polk,1370
Pulaski,5535
Putnam,2423
Quitman,0
Rabun,767
Randolph,976
Richmond,329
Rockdale,708
Schley,0
Screven,2788
Seminole,4158
Spalding,796
Stephens,1446
Stewart,6199
Sumter,504
Talbot,3136
Taliaferro,0
Tattnall,6348
Taylor,8039
Telfair,0
Terrell,0
Thomas,483
Tift,1268
Toombs,1921
Towns,2963
Treutlen,6809
Troup,796
Turner,7912
Twiggs,0
Union,1412
Upson,3277
Walker,2479
Walton,1417
Ware,673
Warren,2626
Washington,4077
Wayne,4258
Webster,0
Wheeler,0
White,1303
Whitfield,929
Wilcox,8812
Wilkes,4938
Wilkinson,4518
Worth,10150
Hawaii,330
Honolulu,394
Kalawao,3
Kauai,484
Maui,575
Ada,345
Adams,1417
Bannock,252
Bear Lake,1513
Benewah,419
Bingham,746
Blaine,628
Boise,1909
Bonner,476
Bonneville,347
Boundary,747
Butte,2611
Camas,0
Canyon,637
Caribou,2353
Cassia,852
Clark,35
Clearwater,876
Custer,4280
Elmore,717
Franklin,1525
Fremont,2195
Gem,1037
Gooding,800
Idaho,1180
Jefferson,4206
Jerome,4803
Kootenai,523
Latah,647
Lemhi,796
Lewis,1287
Lincoln,5360
Madison,666
Minidoka,3471
Nez Perce,396
Oneida,748
Owyhee,2923
Payette,1071
Power,2589
Shoshone,800
Teton,895
Twin Falls,388
Valley,552
Washington,2540
Adams,382
Alexander,233
Bond,640
Boone,2435
Brown,312
Bureau,1500
Calhoun,0
Carroll,795
Cass,183
Champaign,398
Christian,1719
Clark,3899
Clay,828
Clinton,2214
Coles,305
Cook,369
Crawford,495
Cumberland,2702
DeKalb,412
De Witt,2253
Douglas,6493
DuPage,335
Edgar,914
Edwards,2131
Effingham,570
Fayette,1260
Ford,201
Franklin,152
Fulton,1834
Gallatin,0
Greene,0
Grundy,809
Hamilton,4082
Hancock,661
Hardin,3910
Henderson,3355
Henry,2134
Iroquois,378
Jackson,399
Jasper,267
Jefferson,450
Jersey,1456
Jo Daviess,1257
Johnson,150
Kane,399
Kankakee,696
Kendall,1040
Knox,569
Lake,354
LaSalle,1083
Lawrence,426
Lee,225
Livingston,795
Logan,1315
McDonough,491
McHenry,518
McLean,389
Macon,680
Macoupin,1888
Madison,636
Marion,342
Marshall,0
Mason,3391
Massac,327
Menard,2458
Mercer,7801
Monroe,763
Montgomery,1362
Morgan,971
Moultrie,818
Ogle,717
Peoria,421
Perry,543
Piatt,1640
Pike,1201
Pope,4212
Pulaski,2732
Putnam,0
Randolph,1003
Richland,225
Rock Island,516
St. Clair,831
Saline,569
Sangamon,436
Schuyler,1381
Scott,0
Shelby,3624
Stark,0
Stephenson,492
Tazewell,551
Union,732
Vermilion,340
Wabash,350
Warren,5677
Washington,1000
Wayne,961
White,911
Whiteside,762
Will,884
Williamson,486
Winnebago,524
Woodford,3497
Adams,2545
Allen,546
Bartholomew,667
Benton,4327
Blackford,3977
Boone,985
Brown,1693
Carroll,1438
Cass,426
Clark,460
Clay,2181
Clinton,2481
Crawford,2640
Daviess,1275
Dearborn,799
Decatur,2977
DeKalb,1601
Delaware,356
Dubois,869
Elkhart,732
Fayette,1356
Floyd,694
Fountain,1486
Franklin,3248
Fulton,1116
Gibson,4182
Grant,425
Greene,1524
Hamilton,689
Hancock,1468
Harrison,4035
Hendricks,1025
Henry,1207
Howard,535
Huntington,1250
Jackson,1225
Jasper,2225
Jay,1038
Jefferson,1007
Jennings,1104
Johnson,1149
Knox,615
Kosciusko,606
LaGrange,2314
Lake,567
LaPorte,1134
Lawrence,1522
Madison,776
Marion,350
Marshall,984
Martin,5109
Miami,1778
Monroe,398
Montgomery,959
Morgan,1669
Newton,14011
Noble,1080
Ohio,0
Orange,1949
Owen,1097
Parke,1881
Perry,1364
Pike,2482
Porter,585
Posey,8513
Pulaski,1781
Putnam,1303
Randolph,2761
Ripley,1902
Rush,1041
St. Joseph,436
Scott,2171
Shelby,1037
Spencer,4065
Starke,3276
Steuben,1330
Sullivan,3448
Switzerland,3572
Tippecanoe,705
Tipton,1891
Union,0
Vanderburgh,475
Vermillion,1720
Vigo,635
Wabash,417
Warren,0
Warrick,1955
Washington,2794
Wayne,211
Wells,2015
White,2413
Whitley,1217
Adair,0
Adams,3645
Allamakee,4611
Appanoose,888
Audubon,0
Benton,5128
Black Hawk,605
Boone,1387
Bremer,734
Buchanan,964
Buena Vista,2484
Butler,1615
Calhoun,4850
Carroll,1120
Cass,275
Cedar,2070
Cerro Gordo,365
Cherokee,809
Chickasaw,2393
Clarke,3141
Clay,264
Clayton,8778
Clinton,763
Crawford,1560
Dallas,3006
Davis,9017
Decatur,359
Delaware,1004
Des Moines,495
Dickinson,1906
Dubuque,621
Emmet,441
Fayette,2809
Floyd,7881
Franklin,10124
Fremont,3497
Greene,1497
Grundy,2461
Guthrie,5360
Hamilton,2990
Hancock,10712
Hardin,1874
Harrison,3534
Henry,872
Howard,4594
Humboldt,4774
Ida,6841
Iowa,1467
Jackson,1215
Jasper,1032
Jefferson,836
Johnson,274
Jones,2074
Keokuk,0
Kossuth,2982
Lee,1174
Linn,495
Louisa,2792
Lucas,865
Lyon,11811
Madison,1625
Mahaska,786
Marion,983
Marshall,555
Mills,2152
Mitchell,0
Monona,1447
Monroe,3895
Montgomery,1667
Muscatine,1590
O'Brien,2768
Osceola,0
Page,726
Palo Alto,1276
Plymouth,784
Pocahontas,0
Polk,391
Pottawattamie,538
Poweshiek,935
Ringgold,0
Sac,1388
Scott,737
Shelby,1053
Sioux,831
Story,493
Tama,2817
Taylor,6191
Union,562
Van Buren,3510
Wapello,618
Warren,5106
Washington,1582
Wayne,0
Webster,394
Winnebago,10518
Winneshiek,401
Woodbury,448
Worth,0
Wright,1813
Allen,830
Anderson,2626
Atchison,704
Barber,4472
Barton,443
Bourbon,1832
Brown,291
Butler,845
Chase,0
Chautauqua,0
Cherokee,690
Cheyenne,2660
Clark,0
Clay,1142
Cloud,546
Coffey,686
Comanche,0
Cowley,749
Crawford,465
Decatur,2871
Dickinson,3120
Doniphan,7682
Douglas,335
Edwards,0
Elk,0
Ellis,359
Ellsworth,3098
Finney,832
Ford,1027
Franklin,523
Geary,320
Gove,1306
Graham,0
Grant,1834
Gray,6033
Greeley,0
Greenwood,6055
Hamilton,0
Harper,5506
Harvey,263
Haskell,3997
Hodgeman,0
Jackson,1897
Jefferson,3163
Jewell,0
Johnson,435
Kearny,1972
Kingman,1218
Kiowa,210
Labette,1331
Lane,0
Leavenworth,502
Lincoln,3023
Linn,1083
Logan,0
Lyon,306
McPherson,1141
Marion,1992
Marshall,1620
Meade,0
Miami,624
Mitchell,1025
Montgomery,479
Morris,2761
Morton,2667
Nemaha,10155
Neosho,886
Ness,0
Norton,1358
Osage,15941
Osborne,1158
Ottawa,5802
Pawnee,164
Phillips,591
Pottawatomie,3468
Pratt,1340
Rawlins,0
Reno,636
Republic,2332
Rice,3177
Riley,426
Rooks,5013
Rush,0
Russell,0
Saline,286
Scott,979
Sedgwick,451
Seward,1281
Shawnee,286
Sheridan,0
Sherman,2950
Smith,0
Stafford,2089
Stanton,0
Stevens,1853
Sumner,1150
Thomas,643
Trego,1397
Wabaunsee,1725
Wallace,1503
Washington,0
Wichita,0
Wilson,4333
Woodson,0
Wyandotte,653
Adair,480
Allen,1760
Anderson,1511
Ballard,7979
Barren,659
Bath,344
Bell,5314
Boone,933
Bourbon,807
Boyd,140
Boyle,430
Bracken,4120
Breathitt,530
Breckinridge,971
Bullitt,1126
Butler,1419
Caldwell,2119
Calloway,1398
Campbell,647
Carlisle,0
Carroll,1790
Carter,563
Casey,1222
Christian,225
Clark,1394
Clay,2513
Clinton,537
Crittenden,0
Cumberland,444
Daviess,359
Edmonson,2455
Elliott,536
Estill,1775
Fayette,264
Fleming,2405
Floyd,47
Franklin,770
Fulton,0
Gallatin,981
Garrard,4390
Grant,1256
Graves,1204
Grayson,975
Green,789
Greenup,630
Hancock,1460
Hardin,263
Harlan,3301
Harrison,2086
Hart,1350
Henderson,800
Henry,2301
Hickman,0
Hopkins,1156
Jackson,3361
Jefferson,329
Jessamine,946
Johnson,622
Kenton,604
Knott,2521
Knox,1565
Larue,4769
Laurel,1838
Lawrence,399
Lee,703
Leslie,2536
Letcher,1153
Lewis,3314
Lincoln,1120
Livingston,4621
Logan,1799
Lyon,4005
McCracken,499
McCreary,967
McLean,3084
Madison,770
Magoffin,687
Marion,524
Marshall,3899
Martin,2265
Mason,245
Meade,1248
Menifee,307
Mercer,778
Metcalfe,1003
Monroe,1340
Montgomery,266
Morgan,477
Muhlenberg,1399
Nelson,705
Nicholas,3583
Ohio,2676
Oldham,1090
Owen,2176
Owsley,1118
Pendleton,1614
Perry,124
Pike,957
Powell,1382
Pulaski,311
Robertson,0
Rockcastle,3350
Rowan,189
Russell,849
Scott,1273
Shelby,703
Simpson,1235
Spencer,3759
Taylor,482
Todd,4104
Trigg,7322
Trimble,4258
Union,2901
Warren,392
Washington,863
Wayne,1077
Webster,2622
Whitley,68
Wolfe,598
Woodford,1021
Acadia,1382
Allen,985
Ascension,982
Assumption,3717
Avoyelles,586
Beauregard,1380
Bienville,283
Bossier,445
Caddo,148
Calcasieu,390
Caldwell,766
Cameron,0
Catahoula,4804
Claiborne,1139
Concordia,188
De Soto,403
East Baton Rouge,250
East Carroll,201
East Feliciana,280
Evangeline,1520
Franklin,695
Grant,1499
Iberia,663
Iberville,376
Jackson,994
Jefferson,387
Jefferson Davis,518
Lafayette,282
Lafourche,625
La Salle,1243
Lincoln,250
Livingston,918
Madison,159
Morehouse,282
Natchitoches,245
Orleans,185
Ouachita,203
Plaquemines,807
Pointe Coupee,914
Rapides,202
Red River,1211
Richland,215
Sabine,751
St. Bernard,261
St. Charles,734
St. Helena,1140
St. James,1753
St. John the Baptist,345
St. Landry,465
St. Martin,2553
St. Mary,803
St. Tammany,420
Tangipahoa,471
Tensas,892
Terrebonne,453
Union,1015
Vermilion,2493
Vernon,611
Washington,656
Webster,422
West Baton Rouge,2202
West Carroll,1830
West Feliciana,814
Winn,3534
Androscoggin,205
Aroostook,183
Cumberland,143
Franklin,344
Hancock,256
Kennebec,205
Knox,194
Lincoln,484
Oxford,389
Penobscot,186
Piscataquis,480
Sagadahoc,482
Somerset,582
Waldo,397
Washington,178
York,251
Allegany,330
Anne Arundel,528
Baltimore,327
Calvert,544
Caroline,2220
Carroll,465
Cecil,490
Charles,641
Dorchester,416
Frederick,452
Garrett,648
Harford,539
Howard,342
Kent,554
Montgomery,320
Prince George's,685
Queen Anne's,985
St. Mary's,873
Somerset,367
Talbot,217
Washington,408
Wicomico,311
Worcester,443
Baltimore City,218
Barnstable,192
Berkshire,115
Bristol,204
Dukes,145
Essex,173
Franklin,123
Hampden,108
Hampshire,109
Middlesex,172
Nantucket,252
Norfolk,164
Plymouth,184
Suffolk,121
Worcester,199
Alcona,1727
Alger,1516
Allegan,1139
Alpena,338
Antrim,2921
Arenac,501
Baraga,756
Barry,927
Bay,401
Benzie,772
Berrien,452
Branch,661
Calhoun,311
Cass,906
Charlevoix,536
Cheboygan,1059
Chippewa,313
Clare,992
Clinton,891
Crawford,695
Delta,652
Dickinson,321
Eaton,590
Emmet,327
Genesee,348
Gladwin,905
Gogebic,559
Grand Traverse,232
Gratiot,606
Hillsdale,683
Houghton,549
Huron,799
Ingham,263
Ionia,713
Iosco,512
Iron,855
Isabella,371
Jackson,365
Kalamazoo,263
Kalkaska,2228
Kent,287
Keweenaw,0
Lake,1485
Lapeer,704
Leelanau,1979
Lenawee,439
Livingston,542
Luce,698
Mackinac,568
Macomb,536
Manistee,791
Marquette,268
Mason,331
Mecosta,778
Menominee,884
Midland,418
Missaukee,5038
Monroe,607
Montcalm,508
Montmorency,772
Muskegon,476
Newaygo,537
Oakland,291
Oceana,2958
Ogemaw,1232
Ontonagon,2898
Osceola,729
Oscoda,2069
Otsego,404
Ottawa,571
Presque Isle,6369
Roscommon,1327
Saginaw,378
St. Clair,410
St. Joseph,587
Sanilac,654
Schoolcraft,448
Shiawassee,656
Tuscola,375
Van Buren,786
Washtenaw,189
Wayne,339
Wexford,413
Aitkin,2272
Anoka,620
Becker,491
Beltrami,281
Benton,6758
Big Stone,4989
Blue Earth,344
Brown,465
Carlton,689
Carver,624
Cass,1181
Chippewa,1491
Chisago,874
Clay,429
Clearwater,0
Cook,1348
Cottonwood,867
Crow Wing,340
Dakota,570
Dodge,3470
Douglas,500
Faribault,2293
Fillmore,5265
Freeborn,870
Goodhue,1079
Grant,6021
Hennepin,256
Houston,4645
Hubbard,790
Isanti,588
Itasca,386
Jackson,1101
Kanabec,900
Kandiyohi,273
Kittson,0
Koochiching,778
Lac qui Parle,6658
Lake,1523
Lake of the Woods,3758
Le Sueur,4071
Lincoln,5673
Lyon,557
McLeod,466
Mahnomen,0
Marshall,0
Martin,942
Meeker,1446
Mille Lacs,408
Morrison,829
Mower,909
Murray,1655
Nicollet,376
Nobles,877
Norman,0
Olmsted,264
Otter Tail,744
Pennington,506
Pine,602
Pipestone,905
Polk,444
Pope,925
Ramsey,242
Red Lake,0
Redwood,3812
Renville,3653
Rice,686
Rock,785
Roseau,3030
St. Louis,380
Scott,996
Sherburne,589
Sibley,2505
Stearns,321
Steele,443
Stevens,750
Swift,935
Todd,2235
Traverse,0
Wabasha,3608
Wadena,320
Waseca,3738
Washington,402
Watonwan,1569
Wilkin,417
Winona,535
Wright,897
Yellow Medicine,1959
Adams,1040
Alcorn,345
Amite,12326
Attala,3673
Benton,2757
Bolivar,1741
Calhoun,14436
Carroll,0
Chickasaw,4293
Choctaw,828
Claiborne,2251
Clarke,3901
Clay,554
Coahoma,206
Copiah,14272
Covington,1450
DeSoto,1190
Forrest,269
Franklin,0
George,4042
Greene,6793
Grenada,1914
Hancock,3945
Harrison,485
Hinds,346
Holmes,3524
Humphreys,0
Issaquena,0
Itawamba,5879
Jackson,660
Jasper,8214
Jefferson,7106
Jefferson Davis,1248
Jones,1122
Kemper,0
Lafayette,170
Lamar,2602
Lauderdale,333
Lawrence,0
Leake,0
Lee,186
Leflore,211
Lincoln,1629
Lowndes,526
Madison,636
Marion,1901
Marshall,3545
Monroe,11855
Montgomery,5012
Neshoba,1387
Newton,3063
Noxubee,658
Oktibbeha,528
Panola,1139
Pearl River,2130
Perry,11931
Pike,250
Pontotoc,2449
Prentiss,904
Quitman,2350
Rankin,802
Scott,9429
Sharkey,0
Simpson,3345
Smith,8001
Stone,4679
Sunflower,4289
Tallahatchie,2797
Tate,7190
Tippah,1047
Tishomingo,973
Tunica,3315
Union,4768
Walthall,14465
Warren,212
Washington,715
Wayne,2900
Webster,1398
Wilkinson,4396
Winston,586
Yalobusha,6196
Yazoo,856
Adair,528
Andrew,4402
Atchison,1724
Audrain,520
Barry,1495
Barton,1475
Bates,1813
Benton,1483
Bollinger,2434
Boone,280
Buchanan,561
Butler,368
Caldwell,9108
Callaway,561
Camden,739
Cape Girardeau,361
Carroll,2914
Carter,1009
Cass,1265
Cedar,1288
Chariton,1863
Christian,916
Clark,3421
Clay,835
Clinton,2274
Cole,530
Cooper,926
Crawford,2396
Dade,1514
Dallas,3352
Daviess,4157
DeKalb,0
Dent,813
Douglas,1672
Dunklin,499
Franklin,843
Gasconade,1471
Gentry,2209
Greene,281
Grundy,551
Harrison,1202
Henry,357
Hickory,1902
Holt,4404
Howard,1690
Howell,431
Iron,1018
Jackson,422
Jasper,425
Jefferson,1187
Johnson,697
Knox,1974
Laclede,729
Lafayette,694
Lawrence,767
Lewis,1643
Lincoln,1373
Linn,4012
Livingston,1683
McDonald,7693
Macon,1684
Madison,641
Maries,2923
Marion,344
Mercer,3641
Miller,3167
Mississippi,4445
Moniteau,3224
Monroe,4332
Montgomery,2307
Morgan,2908
New Madrid,4324
Newton,3237
Nodaway,892
Oregon,5271
Osage,13714
Ozark,0
Pemiscot,707
Perry,1473
Pettis,803
Phelps,311
Pike,2056
Platte,954
Polk,555
Pulaski,460
Putnam,2379
Ralls,2553
Randolph,1126
Ray,2543
Reynolds,521
Ripley,1489
St. Charles,660
St. Clair,4698
Ste. Genevieve,1052
St. Francois,388
St. Louis,348
Saline,715
Schuyler,0
Scotland,2483
Scott,652
Shannon,8189
Shelby,0
Stoddard,2086
Stone,2646
Sullivan,0
Taney,1269
Texas,2557
Vernon,247
Warren,1827
Washington,1559
Wayne,1640
Webster,1700
Worth,0
Wright,919
St. Louis City,275
Beaverhead,495
Big Horn,1213
Blaine,851
Broadwater,1217
Carbon,1339
Carter,0
Cascade,306
Chouteau,1436
Custer,276
Daniels,0
Dawson,482
Deer Lodge,212
Fallon,0
Fergus,427
Flathead,344
Gallatin,320
Garfield,1268
Glacier,598
Golden Valley,34
Granite,3378
Hill,297
Jefferson,1210
Judith Basin,1952
Lake,420
Lewis and Clark,219
Liberty,0
Lincoln,508
McCone,0
Madison,2192
Meagher,1866
Mineral,617
Missoula,213
Musselshell,2326
Park,398
Petroleum,21
Phillips,1019
Pondera,747
Powder River,0
Powell,1161
Prairie,0
Ravalli,480
Richland,839
Roosevelt,527
Rosebud,412
Sanders,329
Sheridan,685
Silver Bow,185
Stillwater,1907
Sweet Grass,1237
Teton,1027
Toole,693
Treasure,28
Valley,826
Wheatland,1118
Wibaux,0
Yellowstone,295
Adams,256
Antelope,2112
Arthur,19
Banner,30
Blaine,19
Boone,5239
Box Butte,539
Boyd,0
Brown,2973
Buffalo,290
Burt,6488
Butler,8058
Cass,2907
Cedar,8446
Chase,0
Cherry,5761
Cheyenne,931
Clay,6214
Colfax,0
Cuming,993
Custer,1355
Dakota,427
Dawes,459
Dawson,912
Deuel,0
Dixon,5709
Dodge,708
Douglas,248
Dundy,0
Fillmore,425
Franklin,1512
Frontier,2608
Furnas,4715
Gage,614
Garden,0
Garfield,0
Gosper,1996
Grant,27
Greeley,0
Hall,289
Hamilton,1031
Harlan,0
Hayes,38
Hitchcock,0
Holt,509
Hooker,28
Howard,3234
Jefferson,1774
Johnson,5134
Kearney,2181
Keith,729
Keya Paha,33
Kimball,0
Knox,1403
Lancaster,268
Lincoln,409
Logan,31
Loup,25
McPherson,20
Madison,191
Merrick,3867
Morrill,0
Nance,0
Nemaha,3479
Nuckolls,1398
Otoe,1332
Pawnee,2632
Perkins,0
Phelps,692
Pierce,7142
Platte,513
Polk,5278
Red Willow,596
Richardson,992
Rock,453
Saline,1594
Sarpy,992
Saunders,2663
Scotts Bluff,364
Seward,666
Sheridan,371
Sherman,3038
Sioux,0
Stanton,5970
Thayer,1260
Thomas,30
Thurston,304
Valley,599
Washington,2296
Wayne,1175
Webster,1767
Wheeler,33
York,810
Churchill,470
Clark,505
Douglas,850
Elko,1590
Esmeralda,34
Eureka,0
Humboldt,987
Lander,1858
Lincoln,2601
Lyon,689
Mineral,1129
Nye,597
Pershing,1667
Storey,672
Washoe,314
White Pine,296
Carson City,396
Belknap,183
Carroll,439
Cheshire,306
Coos,526
Grafton,224
Hillsborough,327
Merrimack,244
Rockingham,431
Strafford,399
Sullivan,575
Atlantic,632
Bergen,413
Burlington,146
Camden,335
Cape May,985
Cumberland,1063
Essex,474
Gloucester,865
Hudson,1569
Hunterdon,414
Mercer,311
Middlesex,547
Monmouth,381
Morris,369
Ocean,637
Passaic,818
Salem,934
Somerset,372
Sussex,629
Union,535
Warren,494
Bernalillo,218
Catron,1789
Chaves,799
Cibola,301
Colfax,108
Curry,172
De Baca,119
Dona Ana,339
Eddy,827
Grant,191
Guadalupe,63
Harding,27
Hidalgo,471
Lea,881
Lincoln,192
Los Alamos,490
Luna,648
McKinley,593
Mora,901
Otero,375
Quay,70
Rio Arriba,203
Roosevelt,368
Sandoval,298
San Juan,448
San Miguel,101
Santa Fe,141
Sierra,499
Socorro,598
Taos,123
Torrance,678
Union,111
Valencia,458
Albany,281
Allegany,451
Bronx,486
Broome,469
Cattaraugus,800
Cayuga,528
Chautauqua,603
Chemung,347
Chenango,511
Clinton,381
Columbia,587
Cortland,286
Delaware,810
Dutchess,353
Erie,324
Essex,643
Franklin,364
Fulton,531
Genesee,618
Greene,1187
Hamilton,1478
Herkimer,2061
Jefferson,484
Kings,456
Lewis,472
Livingston,854
Madison,506
Monroe,364
Montgomery,1178
Nassau,331
New York,116
Niagara,899
Oneida,609
Onondaga,395
Ontario,464
Orange,424
Orleans,1846
Oswego,737
Otsego,520
Putnam,294
Queens,615
Rensselaer,602
Richmond,436
Rockland,381
St. Lawrence,510
Saratoga,606
Schenectady,448
Schoharie,758
Schuyler,597
Seneca,553
Steuben,547
Suffolk,375
Sullivan,528
Tioga,736
Tompkins,270
Ulster,291
Warren,262
Washington,712
Wayne,958
Westchester,258
Wyoming,466
Yates,828
Alamance,736
Alexander,2335
Alleghany,446
Anson,957
Ashe,602
Avery,237
Beaufort,747
Bertie,2114
Bladen,1443
Brunswick,1121
Buncombe,163
Burke,357
Cabarrus,378
Caldwell,1641
Camden,2678
Carteret,626
Caswell,3783
Catawba,474
Chatham,813
Cherokee,692
Chowan,1002
Clay,796
Cleveland,740
Columbus,807
Craven,470
Cumberland,305
Currituck,3384
Dare,598
Davidson,998
Davie,1583
Duplin,1436
Durham,168
Edgecombe,1793
Forsyth,350
Franklin,1008
Gaston,428
Gates,11573
Graham,1061
Granville,295
Greene,5253
Guilford,358
Halifax,683
Harnett,1082
Haywood,261
Henderson,538
Hertford,483
Hoke,856
Hyde,5230
Iredell,533
Jackson,216
Johnston,1039
Jones,2409
Lee,627
Lenoir,718
Lincoln,1782
McDowell,591
Macon,464
Madison,605
Martin,1080
Mecklenburg,347
Mitchell,1250
Montgomery,826
Moore,435
Nash,855
New Hanover,245
Northampton,1968
Onslow,470
Orange,158
Pamlico,1267
Pasquotank,508
Pender,1173
Perquimans,2237
Person,1129
Pitt,280
Polk,542
Randolph,995
Richmond,623
Robeson,529
Rockingham,796
Rowan,446
Rutherford,689
Sampson,2892
Scotland,561
Stanly,456
Stokes,2165
Surry,899
Swain,356
Transylvania,403
Tyrrell,0
Union,822
Vance,479
Wake,332
Warren,1801
Washington,988
Watauga,246
Wayne,538
Wilkes,531
Wilson,612
Yadkin,1173
Yancey,527
Adams,1147
Barnes,1171
Benson,1741
Billings,38
Bottineau,6411
Bowman,0
Burke,0
Burleigh,390
Cass,359
Cavalier,3829
Dickey,2452
Divide,0
Dunn,0
Eddy,0
Emmons,0
Foster,1608
Golden Valley,221
Grand Forks,320
Grant,1187
Griggs,0
Hettinger,0
Kidder,0
LaMoure,4062
Logan,0
McHenry,0
McIntosh,0
McKenzie,13632
McLean,9541
Mercer,2067
Morton,4442
Mountrail,1703
Nelson,0
Oliver,0
Pembina,3474
Pierce,0
Ramsey,234
Ransom,1746
Renville,0
Richland,8120
Rolette,894
Sargent,0
Sheridan,0
Sioux,1453
Slope,31
Stark,620
Steele,0
Stutsman,299
Towner,313
Traill,0
Walsh,3556
Ward,458
Wells,0
Williams,707
Adams,693
Allen,462
Ashland,452
Ashtabula,659
Athens,192
Auglaize,2082
Belmont,523
Brown,1407
Butler,440
Carroll,2257
Champaign,923
Clark,680
Clermont,993
Clinton,416
Columbiana,978
Coshocton,1357
Crawford,729
Cuyahoga,263
Darke,1426
Defiance,434
Delaware,823
Erie,422
Fairfield,779
Fayette,896
Franklin,332
Fulton,729
Gallia,312
Geauga,470
Greene,368
Guernsey,535
Hamilton,268
Hancock,633
Hardin,1657
Harrison,3794
Henry,797
Highland,1076
Hocking,516
Holmes,7315
Huron,900
Jackson,635
Jefferson,553
Knox,711
Lake,481
Lawrence,413
Licking,788
Logan,810
Lorain,623
Lucas,342
Madison,1586
Mahoning,296
Marion,627
Medina,769
Meigs,1100
Mercer,1138
Miami,878
Monroe,3448
Montgomery,380
Morgan,859
Morrow,2065
Muskingum,607
Noble,1025
Ottawa,1274
Paulding,2084
Perry,801
Pickaway,754
Pike,142
Portage,481
Preble,1322
Putnam,1778
Richland,282
Ross,240
Sandusky,891
Scioto,252
Seneca,824
Shelby,1216
Stark,358
Summit,362
Trumbull,637
Tuscarawas,640
Union,792
Van Wert,1131
Vinton,1460
Warren,436
Washington,824
Wayne,304
Williams,1082
Wood,589
Wyandot,1994
Adair,425
Alfalfa,5754
Atoka,85
Beaver,0
Beckham,329
Blaine,263
Bryan,117
Caddo,2229
Canadian,491
Carter,212
Cherokee,241
Choctaw,118
Cimarron,0
Cleveland,299
Coal,2760
Comanche,310
Cotton,2888
Craig,174
Creek,400
Custer,171
Delaware,555
Dewey,0
Ellis,0
Garfield,223
Garvin,713
Grady,712
Grant,0
Greer,243
Harmon,2664
Harper,1266
Haskell,437
Hughes,741
Jackson,416
Jefferson,6123
Johnston,124
Kay,502
Kingfisher,633
Kiowa,546
Latimer,157
Le Flore,312
Lincoln,506
Logan,584
Love,1267
McClain,727
McCurtain,318
McIntosh,619
Major,1911
Marshall,295
Mayes,478
Murray,872
Muskogee,214
Noble,3763
Nowata,444
Okfuskee,302
Oklahoma,150
Okmulgee,330
Osage,1567
Ottawa,205
Pawnee,713
Payne,375
Pittsburg,127
Pontotoc,174
Pottawatomie,336
Pushmataha,100
Roger Mills,0
Rogers,420
Seminole,346
Sequoyah,346
Stephens,941
Texas,602
Tillman,525
Tulsa,216
Wagoner,691
Washington,334
Washita,1855
Woods,240
Woodward,263
Baker,155
Benton,112
Clackamas,322
Clatsop,346
Columbia,280
Coos,254
Crook,225
Curry,251
Deschutes,220
Douglas,358
Gilliam,631
Grant,287
Harney,167
Hood River,286
Jackson,223
Jefferson,432
Josephine,127
Klamath,213
Lake,525
Lane,116
Lincoln,226
Linn,576
Malheur,198
Marion,291
Morrow,129
Multnomah,120
Polk,358
Sherman,0
Tillamook,367
Umatilla,261
Union,331
Wallowa,393
Wasco,204
Washington,256
Wheeler,342
Yamhill,252
Adams,1210
Allegheny,308
Armstrong,960
Beaver,1005
Bedford,777
Berks,719
Blair,417
Bradford,1484
Bucks,411
Butler,624
Cambria,509
Cameron,4492
Carbon,1736
Centre,495
Chester,435
Clarion,760
Clearfield,376
Clinton,879
Columbia,1455
Crawford,773
Cumberland,506
Dauphin,444
Delaware,360
Elk,1160
Erie,508
Fayette,303
Forest,2426
Franklin,938
Fulton,2421
Greene,936
Huntingdon,941
Indiana,296
Jefferson,1408
Juniata,6176
Lackawanna,574
Lancaster,710
Lawrence,862
Lebanon,384
Lehigh,539
Luzerne,999
Lycoming,608
McKean,953
Mercer,615
Mifflin,1127
Monroe,878
Montgomery,300
Montour,194
Northampton,451
Northumberland,2846
Perry,3076
Philadelphia,384
Pike,1097
Potter,3324
Schuylkill,1353
Snyder,1689
Somerset,973
Sullivan,6071
Susquehanna,1624
Tioga,867
Union,746
Venango,675
Warren,940
Washington,947
Wayne,1282
Westmoreland,637
Wyoming,2080
York,854
Bristol,486
Kent,315
Newport,308
Providence,209
Washington,324
Abbeville,1636
Aiken,686
Allendale,890
Anderson,611
Bamberg,2379
Barnwell,640
Beaufort,660
Berkeley,925
Calhoun,4840
Charleston,285
Cherokee,1968
Chester,2481
Chesterfield,915
Clarendon,991
Colleton,897
Darlington,786
Dillon,827
Dorchester,815
Edgefield,1803
Fairfield,1018
Florence,470
Georgetown,1153
Greenville,440
Greenwood,320
Hampton,1290
Horry,670
Jasper,1931
Kershaw,781
Lancaster,2120
Laurens,1595
Lee,952
Lexington,633
McCormick,1568
Marion,1001
Marlboro,455
Newberry,1675
Oconee,1089
Orangeburg,664
Pickens,892
Richland,303
Saluda,1868
Spartanburg,879
Sumter,710
Union,1054
Williamsburg,805
York,606
Aurora,1401
Beadle,350
Bennett,3468
Bon Homme,6980
Brookings,819
Brown,283
Brule,872
Buffalo,407
Butte,2556
Campbell,0
Charles Mix,1556
Clark,0
Clay,1755
Codington,445
Corson,1041
Custer,1745
Davison,638
Day,0
Deuel,0
Dewey,2952
Douglas,2935
Edmunds,0
Fall River,188
Faulk,0
Grant,7147
Gregory,4212
Haakon,0
Hamlin,0
Hand,0
Hanson,0
Harding,0
Hughes,477
Hutchinson,3690
Hyde,0
Jackson,3307
Jerauld,0
Jones,38
Kingsbury,0
Lake,870
Lawrence,525
Lincoln,377
Lyman,1911
McCook,0
McPherson,0
Marshall,0
Meade,480
Mellette,0
Miner,0
Minnehaha,543
Moody,1316
Oglala Lakota,1192
Pennington,364
Perkins,487
Potter,2207
Roberts,1306
Sanborn,0
Spink,1624
Stanley,3022
Sully,0
Todd,1469
Tripp,288
Turner,4212
Union,1952
Walworth,698
Yankton,184
Ziebach,0
Anderson,1093
Bedford,1486
Benton,2312
Bledsoe,3689
Blount,806
Bradley,1067
Campbell,1979
Cannon,7231
Carroll,2001
Carter,3315
Cheatham,1444
Chester,1152
Claiborne,6351
Clay,0
Cocke,2104
Coffee,460
Crockett,14328
Cumberland,3141
Davidson,315
Decatur,976
DeKalb,2517
Dickson,1008
Dyer,1866
Fayette,13502
Fentress,3643
Franklin,2095
Gibson,4087
Giles,1967
Grainger,5786
Greene,1079
Grundy,2669
Hamblen,621
Hamilton,469
Hancock,0
Hardeman,870
Hardin,1074
Hawkins,5653
Haywood,0
Henderson,2142
Henry,568
Hickman,2506
Houston,516
Humphreys,1849
Jackson,0
Jefferson,3177
Johnson,1270
Knox,270
Lake,7411
Lauderdale,6456
Lawrence,1250
Lewis,2417
Lincoln,2843
Loudon,1658
McMinn,1440
McNairy,738
Macon,24265
Madison,395
Marion,3175
Marshall,2246
Maury,439
Meigs,12306
Monroe,2318
Montgomery,523
Moore,6411
Morgan,10790
Obion,2162
Overton,11034
Perry,1613
Pickett,0
Polk,16898
Putnam,451
Rhea,2542
Roane,2214
Robertson,1578
Rutherford,1058
Scott,1837
Sequatchie,4959
Sevier,1461
Shelby,694
Smith,6647
Stewart,3390
Sullivan,830
Sumner,1200
Tipton,1540
Trousdale,0
Unicoi,5920
Union,1790
Van Buren,5765
Warren,1514
Washington,320
Wayne,4140
Weakley,2785
White,6777
Williamson,581
Wilson,1803
Anderson,2322
Andrews,6043
Angelina,744
Aransas,1252
Archer,0
Armstrong,0
Atascosa,2516
Austin,2999
Bailey,3514
Bandera,1630
Bastrop,1740
Baylor,0
Bee,2328
Bell,463
Bexar,563
Blanco,11702
Borden,27
Bosque,4673
Bowie,1014
Brazoria,1487
Brazos,1151
Brewster,772
Briscoe,0
Brooks,7114
Brown,550
Burleson,9195
Burnet,1534
Caldwell,1311
Calhoun,7187
Callahan,13994
Cameron,1766
Camp,2172
Carson,0
Cass,4303
Castro,7665
Chambers,3859
Cherokee,1119
Childress,1458
Clay,0
Cochran,0
Coke,0
Coleman,8397
Collin,881
Collingsworth,2962
Colorado,5304
Comal,781
Comanche,2256
Concho,4276
Cooke,1691
Coryell,1918
Cottle,0
Crane,0
Crockett,0
Crosby,0
Culberson,0
Dallam,3600
Dallas,679
Dawson,12619
Deaf Smith,18760
Delta,2675
Denton,893
DeWitt,6729
Dickens,2249
Dimmit,3436
Donley,0
Duval,11212
Eastland,4581
Ector,2133
Edwards,1928
Ellis,1574
El Paso,1083
Erath,1088
Falls,5778
Fannin,980
Fayette,3621
Fisher,0
Floyd,0
Foard,0
Fort Bend,1422
Franklin,2692
Freestone,6603
Frio,3963
Gaines,10451
Galveston,901
Garza,0
Gillespie,1117
Glasscock,0
Goliad,3792
Gonzales,2975
Gray,4379
Grayson,817
Gregg,644
Grimes,9453
Guadalupe,3559
Hale,805
Hall,0
Hamilton,1212
Hansford,2732
Hardeman,1307
Hardin,2860
Harris,849
Harrison,3707
Hartley,5619
Haskell,1938
Hays,1035
Hemphill,3825
Henderson,1914
Hidalgo,1695
Hill,2020
Hockley,1532
Hood,1062
Hopkins,1534
Houston,4634
Howard,688
Hudspeth,0
Hunt,1287
Hutchinson,10599
Irion,0
Jack,8843
Jackson,7437
Jasper,2391
Jeff Davis,450
Jefferson,1049
Jim Hogg,0
Jim Wells,1201
Johnson,1405
Jones,19817
Karnes,7825
Kaufman,1090
Kendall,652
Kenedy,18
Kent,30
Kerr,345
Kimble,4362
King,11
Kinney,0
Kleberg,2395
Knox,0
Lamar,956
Lamb,4386
Lampasas,1930
La Salle,1883
Lavaca,6703
Lee,1714
Leon,8635
Liberty,5395
Limestone,2138
Lipscomb,0
Live Oak,6083
Llano,1804
Loving,6
Lubbock,644
Lynn,0
McCulloch,3994
McLennan,653
McMullen,31
Madison,3606
Marion,9928
Martin,0
Mason,2140
Matagorda,2437
Maverick,3440
Medina,2995
Menard,0
Midland,1166
Milam,3141
Mills,984
Mitchell,0
Montague,3919
Montgomery,1216
Moore,7162
Morris,4113
Motley,0
Nacogdoches,1027
Navarro,1549
Newton,6873
Nolan,1639
Nueces,867
Ochiltree,3316
Oldham,2131
Orange,4643
Palo Pinto,4813
Panola,11574
Parker,1870
Parmer,0
Pecos,3918
Polk,2382
Potter,499
Presidio,2316
Rains,2432
Randall,1145
Reagan,0
Real,1739
Red River,3044
Reeves,15695
Refugio,3516
Roberts,37
Robertson,17284
Rockwall,799
Runnels,2559
Rusk,4188
Sabine,10589
San Augustine,8232
San Jacinto,9573
San Patricio,2573
San Saba,3027
Schleicher,2895
Scurry,4217
Shackelford,1627
Shelby,1955
Sherman,0
Smith,875
Somervell,4508
Starr,5866
Stephens,4717
Sterling,0
Stonewall,681
Sutton,0
Swisher,0
Tarrant,821
Taylor,606
Terrell,34
Terry,12287
Throckmorton,1515
Titus,1573
Tom Green,675
Travis,362
Trinity,7370
Tyler,3616
Upshur,2579
Upton,0
Uvalde,1918
Val Verde,1893
Van Zandt,3112
Victoria,662
Walker,1812
Waller,4427
Ward,5860
Washington,1848
Webb,3171
Wharton,2448
Wheeler,1730
Wichita,664
Wilbarger,641
Willacy,4303
Williamson,901
Wilson,3348
Winkler,0
Wise,4269
Wood,2655
Yoakum,4296
Young,2005
Zapata,0
Zavala,2397
Beaver,1316
Box Elder,211
Cache,629
Carbon,520
Daggett,40
Davis,487
Duchesne,605
Emery,1001
Garfield,1016
Grand,425
Iron,324
Juab,189
Kane,593
Millard,813
Morgan,6023
Piute,161
Rich,2464
Salt Lake,201
San Juan,813
Sanpete,116
Sevier,431
Summit,567
Tooele,958
Uintah,754
Utah,384
Wasatch,950
Washington,369
Wayne,168
Weber,440
Addison,352
Bennington,215
Caledonia,281
Chittenden,161
Essex,2083
Franklin,412
Grand Isle,3545
Lamoille,216
Orange,302
Orleans,390
Rutland,330
Washington,185
Windham,147
Windsor,201
Accomack,982
Albemarle,730
Alleghany,3728
Amelia,1627
Amherst,6333
Appomattox,7921
Arlington,560
Augusta,1480
Bath,4292
Bedford,2187
Bland,3147
Botetourt,2560
Brunswick,3277
Buchanan,3537
Buckingham,2125
Campbell,9162
Caroline,3077
Carroll,2694
Charles City,6941
Charlotte,5969
Chesterfield,608
Clarke,1815
Craig,0
Culpeper,640
Cumberland,3270
Dickenson,1614
Dinwiddie,5706
Essex,5460
Fairfax,546
Fauquier,1285
Floyd,1755
Fluvanna,1913
Franklin,1756
Frederick,1803
Giles,8422
Gloucester,622
Goochland,1011
Grayson,3908
Greene,1413
Greensville,2325
Halifax,1034
Hanover,658
Henrico,358
Henry,8492
Highland,442
Isle of Wight,3695
James City,346
King and Queen,0
King George,2416
King William,1694
Lancaster,1198
Lee,841
Loudoun,695
Louisa,2829
Lunenburg,1727
Madison,3324
Mathews,2934
Mecklenburg,1095
Middlesex,1346
Montgomery,452
Nelson,873
New Kent,1120
Northampton,978
Northumberland,12147
Nottoway,1713
Orange,1832
Page,2659
Patrick,2525
Pittsylvania,5079
Powhatan,4170
Prince Edward,396
Prince George,952
Prince William,860
Pulaski,2620
Rappahannock,907
Richmond,603
Roanoke,394
Rockbridge,22752
Rockingham,6250
Russell,1216
Scott,769
Shenandoah,1977
Smyth,662
Southampton,0
Spotsylvania,1316
Stafford,1260
Surry,2158
Sussex,5619
Tazewell,552
Warren,1111
Washington,618
Westmoreland,8915
Wise,975
Wythe,543
York,1413
Alexandria City,306
Bristol City,1648
Buena Vista City,1247
Charlottesville City,113
Chesapeake City,963
Colonial Heights City,482
Covington City,364
Danville City,360
Emporia City,341
Fairfax City,75
Falls Church City,95
Franklin City,616
Fredericksburg City,158
Galax City,153
Hampton City,361
Harrisonburg City,232
Hopewell City,779
Lexington City,146
Lynchburg City,219
Manassas City,330
Manassas Park City,0
Martinsville City,258
Newport News City,672
Norfolk City,480
Norton City,331
Petersburg City,255
Poquoson City,2032
Portsmouth City,383
Radford City,834
Richmond City,278
Roanoke City,356
Salem City,129
Staunton City,166
Suffolk City,1013
Virginia Beach City,589
Waynesboro City,838
Williamsburg City,2128
Winchester City,168
Adams,581
Asotin,283
Benton,385
Chelan,264
Clallam,300
Clark,294
Columbia,338
Cowlitz,247
Douglas,1788
Ferry,403
Franklin,755
Garfield,2247
Grant,466
Grays Harbor,336
Island,352
Jefferson,248
King,234
Kitsap,304
Kittitas,607
Klickitat,691
Lewis,275
Lincoln,895
Mason,565
Okanogan,360
Pacific,302
Pend Oreille,439
Pierce,216
San Juan,241
Skagit,242
Skamania,852
Snohomish,306
Spokane,249
Stevens,271
Thurston,297
Wahkiakum,369
Walla Walla,348
Whatcom,222
Whitman,673
Yakima,320
Barbour,1102
Berkeley,595
Boone,3659
Braxton,2013
Brooke,7401
Cabell,370
Calhoun,3627
Clay,2158
Doddridge,8406
Fayette,1955
Gilmer,2675
Grant,1453
Greenbrier,1054
Hampshire,1459
Hancock,693
Hardy,2296
Harrison,479
Jackson,1248
Jefferson,1353
Kanawha,528
Lewis,553
Lincoln,1873
Logan,1208
McDowell,3037
Marion,1058
Marshall,5131
Mason,5344
Mercer,778
Mineral,1171
Mingo,743
Monongalia,396
Monroe,1660
Morgan,1976
Nicholas,1774
Ohio,326
Pendleton,1749
Pleasants,1501
Pocahontas,2805
Preston,5640
Putnam,1318
Raleigh,614
Randolph,824
Ritchie,2430
Roane,1161
Summers,851
Taylor,1533
Tucker,1391
Tyler,4373
Upshur,1221
Wayne,644
Webster,4143
Wetzel,1091
Wirt,1943
Wood,714
Wyoming,2598
Adams,2035
Ashland,318
Barron,1255
Bayfield,430
Brown,512
Buffalo,6563
Burnett,700
Calumet,3858
Chippewa,1106
Clark,2892
Columbia,896
Crawford,958
Dane,247
Dodge,945
Door,727
Douglas,864
Dunn,645
Eau Claire,320
Florence,4321
Fond du Lac,805
Forest,599
Grant,859
Green,1055
Green Lake,996
Iowa,1585
Iron,811
Jackson,640
Jefferson,1091
Juneau,807
Kenosha,882
Kewaunee,1699
La Crosse,320
Lafayette,556
Langlade,1070
Lincoln,1457
Manitowoc,1040
Marathon,523
Marinette,809
Marquette,1187
Menominee,423
Milwaukee,342
Monroe,667
Oconto,2702
Oneida,351
Outagamie,476
Ozaukee,417
Pepin,7289
Pierce,2128
Polk,495
Portage,815
Price,1914
Racine,700
Richland,756
Rock,544
Rusk,1768
St. Croix,754
Sauk,595
Sawyer,337
Shawano,591
Sheboygan,696
Taylor,851
Trempealeau,1963
Vernon,700
Vilas,1463
Walworth,879
Washburn,992
Washington,899
Waukesha,445
Waupaca,1345
Waushara,867
Winnebago,443
Wood,676
Albany,197
Big Horn,540
Campbell,491
Carbon,384
Converse,470
Crook,1863
Fremont,439
Goshen,227
Hot Springs,350
Johnson,353
Laramie,246
Lincoln,777
Natrona,240
Niobrara,2388
Park,296
Platte,428
Sheridan,207
Sublette,1227
Sweetwater,395
Teton,210
Uinta,282
Washakie,254
Weston,581
