County_Name,Natural_increase_in_population
Autauga,83
Baldwin,-22
Barbour,-56
Bibb,-12
Blount,-6
Bullock,0
Butler,-59
Calhoun,-263
Chambers,-87
Cherokee,-121
Chilton,48
Choctaw,-43
Clarke,-58
Clay,-44
Cleburne,-2
Coffee,29
Colbert,-89
Conecuh,-59
Coosa,-33
Covington,-130
Crenshaw,-42
Cullman,-60
Dale,102
Dallas,-104
DeKalb,-24
Elmore,111
Escambia,-54
Etowah,-312
Fayette,-51
Franklin,65
Geneva,-87
Greene,3
Hale,9
Henry,-46
Houston,167
Jackson,-113
Jefferson,1079
Lamar,-13
Lauderdale,-260
Lawrence,-79
Lee,692
Limestone,150
Lowndes,-25
Macon,-92
Madison,937
Marengo,-67
Marion,-103
Marshall,240
Mobile,867
Monroe,-79
Montgomery,894
Morgan,86
Perry,-26
Pickens,-30
Pike,6
Randolph,-31
Russell,202
St. Clair,8
Shelby,611
Sumter,-27
Talladega,-200
Tallapoosa,-149
Tuscaloosa,559
Walker,-219
Washington,-26
Wilcox,-29
Winston,-82
Aleutians East,1
Aleutians West,31
Anchorage,2076
Bethel,253
Bristol Bay,1
Denali,5
Dillingham,45
Fairbanks North Star,1027
Haines,13
Hoonah-Angoon,2
Juneau,163
Kenai Peninsula,124
Ketchikan Gateway,65
Kodiak Island,115
Kusilvak,130
Lake and Peninsula,21
Matanuska-Susitna,722
Nome,96
North Slope,94
Northwest Arctic,77
Petersburg,1
Prince of Wales-Hyder,6
Sitka,19
Skagway,-6
Southeast Fairbanks,74
Valdez-Cordova,60
Wrangell,-13
Yakutat,3
Yukon-Koyukuk,7
Apache,232
Cochise,36
Coconino,612
Gila,-297
Graham,203
Greenlee,95
La Paz,-119
Maricopa,19699
Mohave,-1623
Navajo,330
Pima,692
Pinal,1238
Santa Cruz,303
Yavapai,-1260
Yuma,1278
Arkansas,-10
Ashley,-38
Baxter,-346
Benton,1924
Boone,-53
Bradley,-14
Calhoun,-9
Carroll,-4
Chicot,-39
Clark,-8
Clay,-42
Cleburne,-158
Cleveland,-13
Columbia,-17
Conway,14
Craighead,426
Crawford,100
Crittenden,188
Cross,-13
Dallas,-6
Desha,-37
Drew,30
Faulkner,596
Franklin,-12
Fulton,-67
Garland,-276
Grant,-16
Greene,82
Hempstead,58
Hot Spring,-18
Howard,1
Independence,83
Izard,-69
Jackson,-19
Jefferson,-39
Johnson,74
Lafayette,-33
Lawrence,-55
Lee,-39
Lincoln,-46
Little River,-40
Logan,-61
Lonoke,168
Madison,66
Marion,-137
Miller,49
Mississippi,82
Monroe,-47
Montgomery,-60
Nevada,-2
Newton,-24
Ouachita,-89
Perry,-21
Phillips,12
Pike,-28
Poinsett,-24
Polk,-71
Pope,172
Prairie,-36
Pulaski,1272
Randolph,-20
St. Francis,-10
Saline,180
Scott,-5
Searcy,-38
Sebastian,504
Sevier,97
Sharp,-47
Stone,-55
Union,-70
Van Buren,-109
Washington,1604
White,44
Woodruff,-32
Yell,14
Alameda,7684
Alpine,5
Amador,-120
Butte,-105
Calaveras,-131
Colusa,153
Contra Costa,3592
Del Norte,6
El Dorado,-75
Fresno,7039
Glenn,120
Humboldt,-38
Imperial,1649
Inyo,19
Kern,6666
Kings,1434
Lake,-117
Lassen,79
Los Angeles,44799
Madera,1048
Marin,151
Mariposa,-31
Mendocino,73
Merced,2299
Modoc,-29
Mono,96
Monterey,3055
Napa,-44
Nevada,-208
Orange,14888
Placer,241
Plumas,-56
Riverside,11334
Sacramento,6824
San Benito,450
San Bernardino,14118
San Diego,17551
San Francisco,2509
San Joaquin,4137
San Luis Obispo,23
San Mateo,3238
Santa Barbara,2102
Santa Clara,10455
Santa Cruz,655
Shasta,-320
Sierra,-12
Siskiyou,-143
Solano,1377
Sonoma,130
Stanislaus,3076
Sutter,433
Tehama,78
Trinity,-43
Tulare,3823
Tuolumne,-155
Ventura,2920
Yolo,829
Yuba,566
Adams,3569
Alamosa,83
Arapahoe,3456
Archuleta,34
Baca,-9
Bent,-21
Boulder,674
Broomfield,238
Chaffee,-44
Cheyenne,4
Clear Creek,16
Conejos,13
Costilla,3
Crowley,-5
Custer,-7
Delta,-111
Denver,4377
Dolores,1
Douglas,1979
Eagle,430
Elbert,48
El Paso,4667
Fremont,-183
Garfield,401
Gilpin,12
Grand,43
Gunnison,60
Hinsdale,-1
Huerfano,-48
Jackson,6
Jefferson,1223
Kiowa,7
Kit Carson,4
Lake,58
La Plata,105
Larimer,1042
Las Animas,-43
Lincoln,17
Logan,22
Mesa,116
Mineral,3
Moffat,89
Montezuma,-16
Montrose,-6
Morgan,198
Otero,-19
Ouray,-14
Park,17
Phillips,-15
Pitkin,75
Prowers,43
Pueblo,-26
Rio Blanco,19
Rio Grande,2
Routt,74
Saguache,10
San Juan,0
San Miguel,37
Sedgwick,-19
Summit,197
Teller,-22
Washington,-1
Weld,2504
Yuma,42
Fairfield,2643
Hartford,851
Litchfield,-456
Middlesex,-304
New Haven,625
New London,-19
Tolland,86
Windham,-8
Kent,370
New Castle,1352
Sussex,-493
Alachua,694
Baker,49
Bay,233
Bradford,-64
Brevard,-2210
Broward,5797
Calhoun,-32
Charlotte,-1794
Citrus,-1640
Clay,306
Collier,-707
Columbia,-59
DeSoto,27
Dixie,-87
Duval,4158
Escambia,268
Flagler,-578
Franklin,-17
Gadsden,-2
Gilchrist,-24
Glades,-65
Gulf,-74
Hamilton,35
Hardee,146
Hendry,220
Hernando,-1253
Highlands,-773
Hillsborough,5571
Holmes,-52
Indian River,-894
Jackson,-134
Jefferson,-24
Lafayette,-14
Lake,-1043
Lee,-1190
Leon,1039
Levy,-142
Liberty,-6
Madison,-62
Manatee,-852
Marion,-1667
Martin,-768
Miami-Dade,9100
Monroe,-51
Nassau,-121
Okaloosa,752
Okeechobee,95
Orange,8032
Osceola,2033
Palm Beach,-513
Pasco,-1280
Pinellas,-4729
Polk,806
Putnam,-207
St. Johns,111
St. Lucie,-419
Santa Rosa,279
Sarasota,-3292
Seminole,1042
Sumter,-1539
Suwannee,-117
Taylor,-42
Union,-75
Volusia,-2245
Wakulla,53
Walton,62
Washington,-48
Appling,12
Atkinson,61
Bacon,50
Baker,8
Baldwin,-69
Banks,61
Barrow,403
Bartow,286
Ben Hill,-28
Berrien,-1
Bibb,329
Bleckley,19
Brantley,5
Brooks,-50
Bryan,283
Bulloch,329
Burke,43
Butts,13
Calhoun,4
Camden,396
Candler,5
Carroll,442
Catoosa,-2
Charlton,2
Chatham,979
Chattahoochee,215
Chattooga,-11
Cherokee,1065
Clarke,533
Clay,-13
Clayton,2222
Clinch,26
Cobb,4436
Coffee,181
Colquitt,134
Columbia,735
Cook,2
Coweta,584
Crawford,-42
Crisp,-33
Dade,-32
Dawson,32
Decatur,30
DeKalb,5797
Dodge,-25
Dooly,-30
Dougherty,304
Douglas,673
Early,-14
Echols,14
Effingham,317
Elbert,-60
Emanuel,21
Evans,-1
Fannin,-126
Fayette,-22
Floyd,-7
Forsyth,1095
Franklin,-13
Fulton,5194
Gilmer,-54
Glascock,-6
Glynn,-7
Gordon,98
Grady,35
Greene,-52
Gwinnett,6639
Habersham,88
Hall,986
Hancock,-71
Haralson,3
Harris,-25
Hart,-63
Heard,-3
Henry,923
Houston,674
Irwin,-10
Jackson,304
Jasper,7
Jeff Davis,40
Jefferson,-47
Jenkins,-10
Johnson,-8
Jones,-76
Lamar,-21
Lanier,2
Laurens,54
Lee,80
Liberty,977
Lincoln,-19
Long,157
Lowndes,650
Lumpkin,-21
McDuffie,10
McIntosh,-30
Macon,-36
Madison,9
Marion,-4
Meriwether,-29
Miller,-16
Mitchell,9
Monroe,-101
Montgomery,16
Morgan,43
Murray,59
Muscogee,852
Newton,467
Oconee,110
Oglethorpe,9
Paulding,781
Peach,56
Pickens,-52
Pierce,37
Pike,16
Polk,91
Pulaski,-22
Putnam,-64
Quitman,-8
Rabun,-68
Randolph,-8
Richmond,853
Rockdale,221
Schley,8
Screven,20
Seminole,-22
Spalding,-3
Stephens,-39
Stewart,-28
Sumter,38
Talbot,-28
Taliaferro,-14
Tattnall,9
Taylor,3
Telfair,-19
Terrell,-17
Thomas,15
Tift,135
Toombs,64
Towns,-87
Treutlen,-3
Troup,123
Turner,19
Twiggs,-69
Union,-138
Upson,-94
Walker,-90
Walton,237
Ware,21
Warren,-7
Washington,-8
Wayne,2
Webster,1
Wheeler,1
White,-28
Whitfield,468
Wilcox,-10
Wilkes,-52
Wilkinson,-23
Worth,-17
Hawaii,234
Honolulu,3418
Kalawao,0
Kauai,90
Maui,388
Ada,1925
Adams,4
Bannock,461
Bear Lake,14
Benewah,-3
Bingham,216
Blaine,86
Boise,1
Bonner,-12
Bonneville,1013
Boundary,2
Butte,4
Camas,4
Canyon,1552
Caribou,38
Cassia,206
Clark,6
Clearwater,-24
Custer,-5
Elmore,261
Franklin,97
Fremont,91
Gem,-3
Gooding,74
Idaho,-30
Jefferson,333
Jerome,215
Kootenai,312
Latah,207
Lemhi,-24
Lewis,-3
Lincoln,25
Madison,967
Minidoka,129
Nez Perce,5
Oneida,13
Owyhee,47
Payette,92
Power,54
Shoshone,1
Teton,92
Twin Falls,417
Valley,30
Washington,22
Adams,-74
Alexander,-18
Bond,-11
Boone,147
Brown,0
Bureau,-69
Calhoun,-17
Carroll,-61
Cass,37
Champaign,843
Christian,-72
Clark,-31
Clay,-29
Clinton,46
Coles,-48
Cook,19390
Crawford,-21
Cumberland,10
DeKalb,378
De Witt,-43
Douglas,71
DuPage,3563
Edgar,-57
Edwards,15
Effingham,94
Fayette,10
Ford,-41
Franklin,-49
Fulton,-142
Gallatin,-39
Greene,-22
Grundy,171
Hamilton,-24
Hancock,-20
Hardin,-34
Henderson,-32
Henry,-64
Iroquois,-67
Jackson,118
Jasper,21
Jefferson,7
Jersey,-23
Jo Daviess,-75
Johnson,-43
Kane,2785
Kankakee,73
Kendall,893
Knox,-61
Lake,2481
LaSalle,-128
Lawrence,-53
Lee,-38
Livingston,10
Logan,-48
McDonough,-38
McHenry,892
McLean,631
Macon,35
Macoupin,-114
Madison,-140
Marion,-10
Marshall,-34
Mason,-48
Massac,-40
Menard,-5
Mercer,-54
Monroe,40
Montgomery,-64
Morgan,-36
Moultrie,14
Ogle,30
Peoria,619
Perry,-40
Piatt,14
Pike,18
Pope,-14
Pulaski,-19
Putnam,-8
Randolph,-59
Richland,-25
Rock Island,118
St. Clair,372
Saline,-65
Sangamon,100
Schuyler,-39
Scott,-4
Shelby,-18
Stark,-19
Stephenson,-71
Tazewell,-69
Union,-51
Vermilion,-27
Wabash,17
Warren,26
Washington,11
Wayne,-24
White,-67
Whiteside,-39
Will,2499
Williamson,-53
Winnebago,517
Woodford,27
Adams,415
Allen,1993
Bartholomew,281
Benton,22
Blackford,-48
Boone,295
Brown,-36
Carroll,41
Cass,37
Clark,239
Clay,19
Clinton,102
Crawford,-4
Daviess,212
Dearborn,0
Decatur,47
DeKalb,102
Delaware,-106
Dubois,150
Elkhart,1385
Fayette,-14
Floyd,127
Fountain,4
Franklin,64
Fulton,23
Gibson,-1
Grant,-60
Greene,-77
Hamilton,1941
Hancock,215
Harrison,58
Hendricks,592
Henry,-101
Howard,-4
Huntington,21
Jackson,135
Jasper,31
Jay,51
Jefferson,22
Jennings,36
Johnson,511
Knox,-4
Kosciusko,305
LaGrange,466
Lake,409
LaPorte,33
Lawrence,-98
Madison,-76
Marion,6013
Marshall,105
Martin,9
Miami,18
Monroe,264
Montgomery,37
Morgan,105
Newton,-13
Noble,177
Ohio,-5
Orange,20
Owen,-61
Parke,28
Perry,21
Pike,-14
Porter,-17
Posey,-19
Pulaski,-13
Putnam,12
Randolph,14
Ripley,43
Rush,-1
St. Joseph,969
Scott,-48
Shelby,50
Spencer,-23
Starke,-22
Steuben,-12
Sullivan,-2
Switzerland,1
Tippecanoe,992
Tipton,-13
Union,0
Vanderburgh,169
Vermillion,-29
Vigo,23
Wabash,-100
Warren,2
Warrick,10
Washington,19
Wayne,-109
Wells,75
White,9
Whitley,97
Adair,7
Adams,-9
Allamakee,14
Appanoose,-43
Audubon,-3
Benton,17
Black Hawk,448
Boone,-22
Bremer,53
Buchanan,68
Buena Vista,138
Butler,-38
Calhoun,-22
Carroll,13
Cass,-41
Cedar,23
Cerro Gordo,-53
Cherokee,-51
Chickasaw,34
Clarke,18
Clay,38
Clayton,-10
Clinton,-10
Crawford,77
Dallas,792
Davis,66
Decatur,19
Delaware,22
Des Moines,3
Dickinson,-31
Dubuque,229
Emmet,-4
Fayette,-14
Floyd,7
Franklin,10
Fremont,1
Greene,-11
Grundy,-10
Guthrie,-5
Hamilton,-8
Hancock,-15
Hardin,-41
Harrison,-27
Henry,32
Howard,-3
Humboldt,1
Ida,-35
Iowa,0
Jackson,-8
Jasper,28
Jefferson,-27
Johnson,965
Jones,-2
Keokuk,18
Kossuth,12
Lee,-28
Linn,933
Louisa,15
Lucas,27
Lyon,56
Madison,4
Mahaska,49
Marion,13
Marshall,36
Mills,3
Mitchell,6
Monona,-51
Monroe,-1
Montgomery,-28
Muscatine,154
O'Brien,-12
Osceola,-8
Page,-54
Palo Alto,-2
Plymouth,45
Pocahontas,-14
Polk,3170
Pottawattamie,169
Poweshiek,-32
Ringgold,-11
Sac,-11
Scott,560
Shelby,-22
Sioux,233
Story,346
Tama,26
Taylor,8
Union,-8
Van Buren,-8
Wapello,44
Warren,147
Washington,50
Wayne,-8
Webster,3
Winnebago,-24
Winneshiek,-13
Woodbury,490
Worth,8
Wright,-7
Allen,-23
Anderson,6
Atchison,-8
Barber,2
Barton,-33
Bourbon,29
Brown,4
Butler,94
Chase,4
Chautauqua,-12
Cherokee,-52
Cheyenne,-15
Clark,1
Clay,-14
Cloud,-26
Coffey,12
Comanche,5
Cowley,-20
Crawford,87
Decatur,-8
Dickinson,-1
Doniphan,-2
Douglas,420
Edwards,4
Elk,-10
Ellis,46
Ellsworth,-14
Finney,405
Ford,340
Franklin,45
Geary,664
Gove,-8
Graham,-19
Grant,74
Gray,53
Greeley,13
Greenwood,-15
Hamilton,12
Harper,-34
Harvey,40
Haskell,28
Hodgeman,-8
Jackson,42
Jefferson,22
Jewell,-3
Johnson,3055
Kearny,36
Kingman,-18
Kiowa,6
Labette,26
Lane,-4
Leavenworth,301
Lincoln,-15
Linn,-31
Logan,22
Lyon,113
McPherson,-31
Marion,-35
Marshall,18
Meade,4
Miami,96
Mitchell,-30
Montgomery,-34
Morris,5
Morton,12
Nemaha,68
Neosho,11
Ness,-22
Norton,-11
Osage,-39
Osborne,5
Ottawa,-18
Pawnee,-5
Phillips,-15
Pottawatomie,152
Pratt,8
Rawlins,13
Reno,-29
Republic,-2
Rice,9
Riley,494
Rooks,-21
Rush,1
Russell,-24
Saline,182
Scott,-1
Sedgwick,2194
Seward,293
Shawnee,202
Sheridan,10
Sherman,-2
Smith,2
Stafford,2
Stanton,9
Stevens,30
Sumner,-3
Thomas,57
Trego,-22
Wabaunsee,23
Wallace,8
Washington,-13
Wichita,12
Wilson,-3
Woodson,-5
Wyandotte,1054
Adair,-32
Allen,-3
Anderson,41
Ballard,-22
Barren,38
Bath,33
Bell,-63
Boone,741
Bourbon,-27
Boyd,-104
Boyle,-7
Bracken,-3
Breathitt,-44
Breckinridge,16
Bullitt,124
Butler,11
Caldwell,-25
Calloway,-48
Campbell,254
Carlisle,5
Carroll,16
Carter,-26
Casey,-17
Christian,839
Clark,12
Clay,-6
Clinton,12
Crittenden,-20
Cumberland,-37
Daviess,258
Edmonson,-34
Elliott,-2
Estill,-48
Fayette,1436
Fleming,38
Floyd,-106
Franklin,66
Fulton,-36
Gallatin,28
Garrard,7
Grant,113
Graves,72
Grayson,-16
Green,-30
Greenup,-119
Hancock,29
Hardin,471
Harlan,-102
Harrison,16
Hart,85
Henderson,1
Henry,15
Hickman,-28
Hopkins,-20
Jackson,-14
Jefferson,1859
Jessamine,199
Johnson,-59
Kenton,735
Knott,-63
Knox,-34
Larue,17
Laurel,51
Lawrence,-51
Lee,-26
Leslie,-68
Letcher,-77
Lewis,0
Lincoln,41
Livingston,-28
Logan,53
Lyon,-77
McCracken,-89
McCreary,-1
McLean,-5
Madison,217
Magoffin,-45
Marion,39
Marshall,-139
Martin,-49
Mason,18
Meade,18
Menifee,-30
Mercer,-50
Metcalfe,-15
Monroe,2
Montgomery,59
Morgan,-53
Muhlenberg,-54
Nelson,133
Nicholas,-12
Ohio,8
Oldham,192
Owen,0
Owsley,-5
Pendleton,15
Perry,-88
Pike,-225
Powell,-7
Pulaski,-36
Robertson,0
Rockcastle,-79
Rowan,53
Russell,-21
Scott,265
Shelby,161
Simpson,48
Spencer,58
Taylor,22
Todd,44
Trigg,-10
Trimble,-12
Union,-9
Warren,723
Washington,14
Wayne,8
Webster,36
Whitley,55
Wolfe,-15
Woodford,48
Acadia,126
Allen,73
Ascension,756
Assumption,5
Avoyelles,58
Beauregard,119
Bienville,-65
Bossier,451
Caddo,293
Calcasieu,847
Caldwell,3
Cameron,20
Catahoula,-9
Claiborne,-66
Concordia,15
De Soto,26
East Baton Rouge,1837
East Carroll,16
East Feliciana,-37
Evangeline,56
Franklin,-5
Grant,47
Iberia,137
Iberville,38
Jackson,-60
Jefferson,1232
Jefferson Davis,-26
Lafayette,1209
Lafourche,241
La Salle,2
Lincoln,99
Livingston,618
Madison,1
Morehouse,-16
Natchitoches,70
Orleans,759
Ouachita,398
Plaquemines,75
Pointe Coupee,-17
Rapides,203
Red River,-13
Richland,4
Sabine,28
St. Bernard,234
St. Charles,125
St. Helena,-6
St. James,53
St. John the Baptist,113
St. Landry,94
St. Martin,126
St. Mary,90
St. Tammany,399
Tangipahoa,570
Tensas,-9
Terrebonne,350
Union,-19
Vermilion,128
Vernon,462
Washington,-35
Webster,-79
West Baton Rouge,128
West Carroll,-57
West Feliciana,4
Winn,-64
Androscoggin,124
Aroostook,-252
Cumberland,8
Franklin,-104
Hancock,-217
Kennebec,-277
Knox,-145
Lincoln,-118
Oxford,-236
Penobscot,-216
Piscataquis,-105
Sagadahoc,-89
Somerset,-86
Waldo,-116
Washington,-155
York,-278
Allegany,-234
Anne Arundel,2121
Baltimore,997
Calvert,170
Caroline,48
Carroll,48
Cecil,126
Charles,683
Dorchester,-55
Frederick,1005
Garrett,-85
Harford,351
Howard,1602
Kent,-142
Montgomery,5896
Prince George's,5156
Queen Anne's,70
St. Mary's,445
Somerset,-60
Talbot,-140
Washington,30
Wicomico,198
Worcester,-274
Baltimore City,682
Barnstable,-1393
Berkshire,-467
Bristol,314
Dukes,25
Essex,1659
Franklin,-177
Hampden,436
Hampshire,-330
Middlesex,4844
Nantucket,84
Norfolk,1265
Plymouth,416
Suffolk,4009
Worcester,1170
Alcona,-110
Alger,-47
Allegan,360
Alpena,-62
Antrim,-120
Arenac,-96
Baraga,-55
Barry,44
Bay,-182
Benzie,-59
Berrien,8
Branch,96
Calhoun,102
Cass,-33
Charlevoix,-74
Cheboygan,-151
Chippewa,-56
Clare,-76
Clinton,186
Crawford,-37
Delta,-92
Dickinson,-67
Eaton,62
Emmet,-22
Genesee,43
Gladwin,-134
Gogebic,-82
Grand Traverse,35
Gratiot,-57
Hillsdale,29
Houghton,10
Huron,-135
Ingham,935
Ionia,157
Iosco,-152
Iron,-85
Isabella,200
Jackson,120
Kalamazoo,801
Kalkaska,-2
Kent,3821
Keweenaw,-13
Lake,-47
Lapeer,-139
Leelanau,-47
Lenawee,-55
Livingston,153
Luce,-23
Mackinac,-50
Macomb,584
Manistee,-92
Marquette,-109
Mason,-21
Mecosta,39
Menominee,-67
Midland,112
Missaukee,29
Monroe,-22
Montcalm,115
Montmorency,-104
Muskegon,301
Newaygo,7
Oakland,2064
Oceana,-11
Ogemaw,-89
Ontonagon,-78
Osceola,14
Oscoda,-43
Otsego,-33
Ottawa,1299
Presque Isle,-81
Roscommon,-215
Saginaw,50
St. Clair,-315
St. Joseph,144
Sanilac,-65
Schoolcraft,-44
Shiawassee,-58
Tuscola,-114
Van Buren,63
Washtenaw,1025
Wayne,4381
Wexford,21
Aitkin,-83
Anoka,2052
Becker,40
Beltrami,205
Benton,208
Big Stone,0
Blue Earth,245
Brown,1
Carlton,0
Carver,608
Cass,-45
Chippewa,26
Chisago,199
Clay,398
Clearwater,36
Cook,6
Cottonwood,10
Crow Wing,-39
Dakota,2420
Dodge,96
Douglas,-6
Faribault,-12
Fillmore,19
Freeborn,-38
Goodhue,49
Grant,-3
Hennepin,7258
Houston,8
Hubbard,17
Isanti,121
Itasca,-61
Jackson,-11
Kanabec,38
Kandiyohi,198
Kittson,14
Koochiching,-53
Lac qui Parle,-40
Lake,-29
Lake of the Woods,-9
Le Sueur,121
Lincoln,-5
Lyon,115
McLeod,47
Mahnomen,30
Marshall,20
Martin,10
Meeker,52
Mille Lacs,51
Morrison,-22
Mower,165
Murray,2
Nicollet,94
Nobles,196
Norman,-9
Olmsted,978
Otter Tail,-36
Pennington,35
Pine,-27
Pipestone,20
Polk,77
Pope,-1
Ramsey,3357
Red Lake,13
Redwood,33
Renville,21
Rice,253
Rock,10
Roseau,45
St. Louis,-208
Scott,1088
Sherburne,684
Sibley,36
Stearns,995
Steele,83
Stevens,53
Swift,14
Todd,117
Traverse,-1
Wabasha,49
Wadena,9
Waseca,55
Washington,1010
Watonwan,49
Wilkin,-10
Winona,16
Wright,902
Yellow Medicine,13
Adams,-89
Alcorn,-46
Amite,-20
Attala,-12
Benton,-4
Bolivar,7
Calhoun,-2
Carroll,-17
Chickasaw,31
Choctaw,-26
Claiborne,12
Clarke,-3
Clay,-21
Coahoma,73
Copiah,30
Covington,5
DeSoto,694
Forrest,236
Franklin,-4
George,98
Greene,17
Grenada,-41
Hancock,-20
Harrison,584
Hinds,831
Holmes,-2
Humphreys,-15
Issaquena,-5
Itawamba,3
Jackson,158
Jasper,-4
Jefferson,1
Jefferson Davis,-35
Jones,70
Kemper,-23
Lafayette,118
Lamar,355
Lauderdale,49
Lawrence,-5
Leake,25
Lee,156
Leflore,49
Lincoln,10
Lowndes,164
Madison,160
Marion,-29
Marshall,-53
Monroe,-26
Montgomery,-31
Neshoba,58
Newton,13
Noxubee,33
Oktibbeha,182
Panola,76
Pearl River,-71
Perry,13
Pike,9
Pontotoc,152
Prentiss,9
Quitman,-30
Rankin,435
Scott,139
Sharkey,15
Simpson,-8
Smith,6
Stone,36
Sunflower,-32
Tallahatchie,0
Tate,27
Tippah,19
Tishomingo,-88
Tunica,67
Union,71
Walthall,-28
Warren,58
Washington,-43
Wayne,40
Webster,-39
Wilkinson,-34
Winston,-60
Yalobusha,-20
Yazoo,34
Adair,74
Andrew,29
Atchison,-31
Audrain,37
Barry,7
Barton,19
Bates,10
Benton,-131
Bollinger,-11
Boone,859
Buchanan,175
Butler,-68
Caldwell,-9
Callaway,34
Camden,-154
Cape Girardeau,161
Carroll,-30
Carter,-17
Cass,135
Cedar,-21
Chariton,-16
Christian,361
Clark,5
Clay,1248
Clinton,-19
Cole,179
Cooper,18
Crawford,-46
Dade,-43
Dallas,6
Daviess,37
DeKalb,-16
Dent,-10
Douglas,-25
Dunklin,-90
Franklin,139
Gasconade,-45
Gentry,-7
Greene,496
Grundy,33
Harrison,-28
Henry,-54
Hickory,-50
Holt,-14
Howard,20
Howell,-4
Iron,-54
Jackson,2499
Jasper,351
Jefferson,314
Johnson,308
Knox,1
Laclede,78
Lafayette,-15
Lawrence,41
Lewis,22
Lincoln,323
Linn,-39
Livingston,-12
McDonald,144
Macon,-11
Madison,-42
Maries,-15
Marion,36
Mercer,6
Miller,25
Mississippi,-49
Moniteau,40
Monroe,-5
Montgomery,-13
Morgan,-18
New Madrid,-38
Newton,73
Nodaway,9
Oregon,-35
Osage,11
Ozark,-51
Pemiscot,-12
Perry,0
Pettis,153
Phelps,40
Pike,17
Platte,498
Polk,11
Pulaski,379
Putnam,0
Ralls,25
Randolph,53
Ray,-17
Reynolds,-27
Ripley,-67
St. Charles,1301
St. Clair,-42
Ste. Genevieve,5
St. Francois,-81
St. Louis,825
Saline,-1
Schuyler,27
Scotland,33
Scott,28
Shannon,11
Shelby,25
Stoddard,-60
Stone,-150
Sullivan,15
Taney,60
Texas,-22
Vernon,15
Warren,103
Washington,3
Wayne,-77
Webster,194
Worth,5
Wright,0
St. Louis City,859
Beaverhead,-22
Big Horn,112
Blaine,18
Broadwater,9
Carbon,-13
Carter,4
Cascade,269
Chouteau,-20
Custer,-22
Daniels,3
Dawson,-10
Deer Lodge,-51
Fallon,11
Fergus,-26
Flathead,196
Gallatin,650
Garfield,2
Glacier,96
Golden Valley,7
Granite,-18
Hill,128
Jefferson,-33
Judith Basin,-2
Lake,-14
Lewis and Clark,89
Liberty,-4
Lincoln,-124
McCone,1
Madison,-25
Meagher,-5
Mineral,-19
Missoula,244
Musselshell,-29
Park,-12
Petroleum,-6
Phillips,-5
Pondera,21
Powder River,4
Powell,-27
Prairie,5
Ravalli,-114
Richland,44
Roosevelt,35
Rosebud,39
Sanders,-16
Sheridan,-8
Silver Bow,-55
Stillwater,-5
Sweet Grass,1
Teton,16
Toole,19
Treasure,6
Valley,27
Wheatland,5
Wibaux,0
Yellowstone,372
Adams,75
Antelope,21
Arthur,0
Banner,6
Blaine,2
Boone,-6
Box Butte,27
Boyd,-5
Brown,-5
Buffalo,263
Burt,-34
Butler,2
Cass,35
Cedar,10
Chase,-8
Cherry,20
Cheyenne,2
Clay,11
Colfax,121
Cuming,22
Custer,-3
Dakota,232
Dawes,-4
Dawson,208
Deuel,-2
Dixon,21
Dodge,54
Douglas,4240
Dundy,-8
Fillmore,-1
Franklin,8
Frontier,9
Furnas,1
Gage,-27
Garden,1
Garfield,-11
Gosper,2
Grant,6
Greeley,6
Hall,430
Hamilton,22
Harlan,-8
Hayes,15
Hitchcock,-17
Holt,19
Hooker,-1
Howard,13
Jefferson,-9
Johnson,-16
Kearney,18
Keith,3
Keya Paha,-2
Kimball,-9
Knox,1
Lancaster,1738
Lincoln,68
Logan,-2
Loup,2
McPherson,1
Madison,128
Merrick,5
Morrill,3
Nance,9
Nemaha,34
Nuckolls,-18
Otoe,38
Pawnee,2
Perkins,7
Phelps,24
Pierce,20
Platte,180
Polk,-2
Red Willow,12
Richardson,-28
Rock,-1
Saline,59
Sarpy,1421
Saunders,45
Scotts Bluff,66
Seward,32
Sheridan,-6
Sherman,-1
Sioux,9
Stanton,30
Thayer,-26
Thomas,6
Thurston,69
Valley,0
Washington,31
Wayne,27
Webster,-8
Wheeler,2
York,35
Churchill,67
Clark,9129
Douglas,-262
Elko,404
Esmeralda,-1
Eureka,2
Humboldt,109
Lander,39
Lincoln,-7
Lyon,45
Mineral,-43
Nye,-356
Pershing,10
Storey,-10
Washoe,1227
White Pine,8
Carson City,-39
Belknap,-297
Carroll,-257
Cheshire,-82
Coos,-194
Grafton,-149
Hillsborough,758
Merrimack,-83
Rockingham,144
Strafford,91
Sullivan,-52
Atlantic,-75
Bergen,1905
Burlington,311
Camden,1182
Cape May,-565
Cumberland,322
Essex,3708
Gloucester,147
Hudson,5648
Hunterdon,-37
Mercer,1034
Middlesex,2623
Monmouth,-223
Morris,711
Ocean,1464
Passaic,2833
Salem,-72
Somerset,420
Sussex,-59
Union,2543
Warren,-42
Bernalillo,1181
Catron,-18
Chaves,184
Cibola,43
Colfax,-14
Curry,446
De Baca,-3
Dona Ana,1015
Eddy,255
Grant,-69
Guadalupe,-2
Harding,-7
Hidalgo,-10
Lea,579
Lincoln,-33
Los Alamos,62
Luna,65
McKinley,175
Mora,-7
Otero,319
Quay,-5
Rio Arriba,-42
Roosevelt,108
Sandoval,260
San Juan,301
San Miguel,-24
Santa Fe,-2
Sierra,-138
Socorro,27
Taos,-46
Torrance,3
Union,1
Valencia,133
Albany,248
Allegany,-15
Bronx,8529
Broome,-193
Cattaraugus,-47
Cayuga,30
Chautauqua,-116
Chemung,-84
Chenango,-65
Clinton,12
Columbia,-187
Cortland,50
Delaware,-226
Dutchess,-181
Erie,-9
Essex,-105
Franklin,-80
Fulton,-48
Genesee,-88
Greene,-156
Hamilton,-35
Herkimer,-99
Jefferson,994
Kings,19568
Lewis,51
Livingston,-74
Madison,40
Monroe,1069
Montgomery,80
Nassau,2689
New York,4797
Niagara,-315
Oneida,-8
Onondaga,738
Ontario,-100
Orange,2159
Orleans,-29
Oswego,117
Otsego,-163
Putnam,16
Queens,11073
Rensselaer,-62
Richmond,1175
Rockland,2913
St. Lawrence,-94
Saratoga,53
Schenectady,306
Schoharie,-76
Schuyler,-41
Seneca,5
Steuben,-41
Suffolk,1983
Sullivan,0
Tioga,-67
Tompkins,106
Ulster,-310
Warren,-145
Washington,-136
Wayne,68
Westchester,2601
Wyoming,-17
Yates,49
Alamance,330
Alexander,-36
Alleghany,-34
Anson,-19
Ashe,-134
Avery,-85
Beaufort,-189
Bertie,-101
Bladen,-131
Brunswick,-711
Buncombe,-287
Burke,-151
Cabarrus,912
Caldwell,-195
Camden,33
Carteret,-363
Caswell,-35
Catawba,-42
Chatham,-103
Cherokee,-130
Chowan,-55
Clay,-76
Cleveland,-117
Columbus,-203
Craven,305
Cumberland,2732
Currituck,25
Dare,-28
Davidson,-51
Davie,-21
Duplin,71
Durham,1951
Edgecombe,-45
Forsyth,1017
Franklin,83
Gaston,158
Gates,-46
Graham,-27
Granville,2
Greene,-17
Guilford,1509
Halifax,-166
Harnett,768
Haywood,-179
Henderson,-360
Hertford,-63
Hoke,485
Hyde,-16
Iredell,187
Jackson,-9
Johnston,753
Jones,-27
Lee,211
Lenoir,-160
Lincoln,-57
McDowell,-76
Macon,-84
Madison,-42
Martin,-67
Mecklenburg,7853
Mitchell,-82
Montgomery,-1
Moore,-30
Nash,20
New Hanover,163
Northampton,-124
Onslow,2857
Orange,303
Pamlico,-78
Pasquotank,93
Pender,91
Perquimans,-30
Person,-31
Pitt,621
Polk,-153
Randolph,-35
Richmond,3
Robeson,319
Rockingham,-303
Rowan,5
Rutherford,-200
Sampson,140
Scotland,9
Stanly,-6
Stokes,-169
Surry,-138
Swain,-78
Transylvania,-133
Tyrrell,-17
Union,910
Vance,46
Wake,6424
Warren,-106
Washington,-26
Watauga,-20
Wayne,224
Wilkes,-147
Wilson,0
Yadkin,-47
Yancey,-30
Adams,-8
Barnes,-36
Benson,70
Billings,5
Bottineau,-29
Bowman,1
Burke,9
Burleigh,421
Cass,1395
Cavalier,6
Dickey,6
Divide,1
Dunn,50
Eddy,-4
Emmons,-17
Foster,6
Golden Valley,11
Grand Forks,448
Grant,2
Griggs,-9
Hettinger,13
Kidder,11
LaMoure,11
Logan,-4
McHenry,4
McIntosh,-20
McKenzie,200
McLean,13
Mercer,7
Morton,144
Mountrail,89
Nelson,-27
Oliver,16
Pembina,-14
Pierce,-14
Ramsey,44
Ransom,-24
Renville,-9
Richland,64
Rolette,39
Sargent,12
Sheridan,5
Sioux,4
Slope,8
Stark,272
Steele,14
Stutsman,9
Towner,-3
Traill,4
Walsh,-4
Ward,608
Wells,-5
Williams,491
Adams,20
Allen,135
Ashland,6
Ashtabula,-32
Athens,-17
Auglaize,66
Belmont,-248
Brown,-28
Butler,988
Carroll,-34
Champaign,14
Clark,-107
Clermont,450
Clinton,12
Columbiana,-204
Coshocton,52
Crawford,-43
Cuyahoga,495
Darke,14
Defiance,37
Delaware,862
Erie,-138
Fairfield,326
Fayette,21
Franklin,8494
Fulton,58
Gallia,-36
Geauga,118
Greene,226
Guernsey,-36
Hamilton,2803
Hancock,159
Hardin,47
Harrison,-59
Henry,51
Highland,48
Hocking,-42
Holmes,456
Huron,109
Jackson,7
Jefferson,-279
Knox,111
Lake,-289
Lawrence,-183
Licking,262
Logan,51
Lorain,82
Lucas,737
Madison,47
Mahoning,-579
Marion,3
Medina,133
Meigs,-64
Mercer,259
Miami,103
Monroe,-80
Montgomery,556
Morgan,-25
Morrow,65
Muskingum,31
Noble,0
Ottawa,-195
Paulding,15
Perry,51
Pickaway,17
Pike,-45
Portage,-106
Preble,-22
Putnam,111
Richland,-78
Ross,-5
Sandusky,-21
Scioto,-133
Seneca,28
Shelby,171
Stark,-107
Summit,106
Trumbull,-438
Tuscarawas,50
Union,310
Van Wert,44
Vinton,-13
Warren,458
Washington,-131
Wayne,296
Williams,15
Wood,204
Wyandot,-32
Adair,24
Alfalfa,-7
Atoka,23
Beaver,6
Beckham,56
Blaine,12
Bryan,47
Caddo,-16
Canadian,737
Carter,16
Cherokee,22
Choctaw,-11
Cimarron,13
Cleveland,630
Coal,-1
Comanche,535
Cotton,-12
Craig,-77
Creek,-81
Custer,121
Delaware,-183
Dewey,-6
Ellis,-8
Garfield,243
Garvin,-23
Grady,35
Grant,-1
Greer,-2
Harmon,5
Harper,-13
Haskell,-16
Hughes,-14
Jackson,144
Jefferson,-22
Johnston,-17
Kay,-39
Kingfisher,35
Kiowa,6
Latimer,5
Le Flore,-87
Lincoln,-25
Logan,123
Love,1
McClain,28
McCurtain,15
McIntosh,-135
Major,12
Marshall,30
Mayes,-75
Murray,-41
Muskogee,-85
Noble,-5
Nowata,-9
Okfuskee,-28
Oklahoma,4011
Okmulgee,-127
Osage,-104
Ottawa,-61
Pawnee,-8
Payne,223
Pittsburg,-108
Pontotoc,-22
Pottawatomie,5
Pushmataha,-34
Roger Mills,14
Rogers,106
Seminole,-50
Sequoyah,-33
Stephens,-80
Texas,201
Tillman,-3
Tulsa,2615
Wagoner,157
Washington,-91
Washita,-24
Woods,-4
Woodward,25
Baker,-58
Benton,117
Clackamas,428
Clatsop,-21
Columbia,-4
Coos,-338
Crook,-7
Curry,-179
Deschutes,309
Douglas,-408
Gilliam,-11
Grant,-23
Harney,-15
Hood River,79
Jackson,-74
Jefferson,31
Josephine,-324
Klamath,-67
Lake,-45
Lane,-206
Lincoln,-224
Linn,202
Malheur,136
Marion,1517
Morrow,79
Multnomah,2288
Polk,145
Sherman,4
Tillamook,-73
Umatilla,284
Union,-3
Wallowa,-10
Wasco,0
Washington,3029
Wheeler,-8
Yamhill,192
Adams,-53
Allegheny,-1027
Armstrong,-238
Beaver,-565
Bedford,-106
Berks,823
Blair,-473
Bradford,-93
Bucks,-417
Butler,-262
Cambria,-509
Cameron,-33
Carbon,-212
Centre,42
Chester,1098
Clarion,-70
Clearfield,-211
Clinton,-28
Columbia,-215
Crawford,-53
Cumberland,262
Dauphin,775
Delaware,1012
Elk,-91
Erie,54
Fayette,-576
Forest,-59
Franklin,98
Fulton,-9
Greene,-69
Huntingdon,-178
Indiana,-136
Jefferson,-60
Juniata,24
Lackawanna,-493
Lancaster,1972
Lawrence,-227
Lebanon,77
Lehigh,926
Luzerne,-712
Lycoming,-187
McKean,-140
Mercer,-375
Mifflin,47
Monroe,-73
Montgomery,771
Montour,-10
Northampton,-219
Northumberland,-205
Perry,34
Philadelphia,5363
Pike,-116
Potter,-52
Schuylkill,-496
Snyder,41
Somerset,-300
Sullivan,-56
Susquehanna,-120
Tioga,-79
Union,-20
Venango,-228
Warren,-114
Washington,-583
Wayne,-239
Westmoreland,-1566
Wyoming,-62
York,747
Bristol,-180
Kent,-126
Newport,-122
Providence,1514
Washington,-407
Abbeville,-44
Aiken,6
Allendale,-21
Anderson,66
Bamberg,-72
Barnwell,-52
Beaufort,182
Berkeley,1127
Calhoun,-53
Charleston,1134
Cherokee,28
Chester,-66
Chesterfield,-75
Clarendon,-106
Colleton,-121
Darlington,-103
Dillon,41
Dorchester,563
Edgefield,-109
Fairfield,-99
Florence,56
Georgetown,-358
Greenville,1812
Greenwood,8
Hampton,-43
Horry,-718
Jasper,84
Kershaw,-69
Lancaster,-16
Laurens,-67
Lee,-107
Lexington,636
McCormick,-100
Marion,-103
Marlboro,-40
Newberry,-59
Oconee,-257
Orangeburg,-204
Pickens,-47
Richland,1399
Saluda,27
Spartanburg,719
Sumter,268
Union,-84
Williamsburg,-92
York,738
Aurora,15
Beadle,103
Bennett,23
Bon Homme,7
Brookings,239
Brown,148
Brule,28
Buffalo,-2
Butte,37
Campbell,6
Charles Mix,51
Clark,34
Clay,51
Codington,81
Corson,33
Custer,-21
Davison,45
Day,-17
Deuel,12
Dewey,66
Douglas,9
Edmunds,-5
Fall River,-54
Faulk,15
Grant,12
Gregory,-4
Haakon,9
Hamlin,64
Hand,9
Hanson,28
Harding,10
Hughes,67
Hutchinson,15
Hyde,9
Jackson,63
Jerauld,0
Jones,4
Kingsbury,16
Lake,16
Lawrence,-9
Lincoln,614
Lyman,40
McCook,25
McPherson,-1
Marshall,32
Meade,50
Mellette,10
Miner,6
Minnehaha,1458
Moody,27
Oglala Lakota,112
Pennington,575
Perkins,13
Potter,-5
Roberts,56
Sanborn,16
Spink,12
Stanley,30
Sully,5
Todd,107
Tripp,30
Turner,11
Union,73
Walworth,13
Yankton,54
Ziebach,-2
Anderson,-140
Bedford,196
Benton,-93
Bledsoe,-38
Blount,-159
Bradley,127
Campbell,-143
Cannon,25
Carroll,-98
Carter,-287
Cheatham,48
Chester,22
Claiborne,-94
Clay,-37
Cocke,-135
Coffee,42
Crockett,-32
Cumberland,-331
Davidson,4420
Decatur,-51
DeKalb,-7
Dickson,104
Dyer,-13
Fayette,-21
Fentress,-76
Franklin,-43
Gibson,-75
Giles,-70
Grainger,-74
Greene,-243
Grundy,-19
Hamblen,56
Hamilton,495
Hancock,-25
Hardeman,-71
Hardin,-119
Hawkins,-220
Haywood,-44
Henderson,-4
Henry,-181
Hickman,-28
Houston,-13
Humphreys,-24
Jackson,-69
Jefferson,-195
Johnson,-83
Knox,606
Lake,-35
Lauderdale,18
Lawrence,46
Lewis,-1
Lincoln,-47
Loudon,-129
McMinn,-65
McNairy,-103
Macon,60
Madison,208
Marion,-33
Marshall,67
Maury,307
Meigs,-21
Monroe,-91
Montgomery,2075
Moore,9
Morgan,-30
Obion,-89
Overton,-81
Perry,-2
Pickett,-32
Polk,-69
Putnam,98
Rhea,-17
Roane,-252
Robertson,205
Rutherford,2038
Scott,-30
Sequatchie,-2
Sevier,-38
Shelby,4410
Smith,-9
Stewart,-38
Sullivan,-450
Sumner,472
Tipton,55
Trousdale,16
Unicoi,-108
Union,-13
Van Buren,14
Warren,2
Washington,-142
Wayne,-72
Weakley,-48
White,-77
Williamson,1032
Wilson,468
Anderson,-166
Andrews,97
Angelina,74
Aransas,-172
Archer,-74
Armstrong,-1
Atascosa,275
Austin,54
Bailey,85
Bandera,-54
Bastrop,366
Baylor,-15
Bee,84
Bell,3636
Bexar,12520
Blanco,-56
Borden,0
Bosque,-68
Bowie,71
Brazoria,2183
Brazos,1479
Brewster,17
Briscoe,3
Brooks,24
Brown,-58
Burleson,-9
Burnet,-22
Caldwell,186
Calhoun,44
Callahan,-30
Cameron,3414
Camp,47
Carson,-12
Cass,-103
Castro,47
Chambers,286
Cherokee,169
Childress,17
Clay,-47
Cochran,31
Coke,-11
Coleman,-35
Collin,6343
Collingsworth,-5
Colorado,10
Comal,347
Comanche,-43
Concho,-5
Cooke,113
Coryell,427
Cottle,1
Crane,36
Crockett,8
Crosby,-1
Culberson,12
Dallam,126
Dallas,21327
Dawson,54
Deaf Smith,161
Delta,4
Denton,5650
DeWitt,-3
Dickens,-4
Dimmit,39
Donley,-6
Duval,18
Eastland,-58
Ector,1687
Edwards,3
Ellis,930
El Paso,6065
Erath,145
Falls,20
Fannin,-116
Fayette,-54
Fisher,-9
Floyd,18
Foard,-6
Fort Bend,5770
Franklin,-20
Freestone,-4
Frio,93
Gaines,309
Galveston,1009
Garza,18
Gillespie,-125
Glasscock,8
Goliad,10
Gonzales,74
Gray,5
Grayson,136
Gregg,318
Grimes,60
Guadalupe,682
Hale,128
Hall,-3
Hamilton,-25
Hansford,39
Hardeman,-9
Hardin,66
Harris,38765
Harrison,24
Hartley,39
Haskell,-24
Hays,1491
Hemphill,23
Henderson,-211
Hidalgo,9457
Hill,-23
Hockley,105
Hood,-109
Hopkins,58
Houston,-91
Howard,89
Hudspeth,20
Hunt,225
Hutchinson,41
Irion,4
Jack,6
Jackson,66
Jasper,-8
Jeff Davis,-3
Jefferson,785
Jim Hogg,-1
Jim Wells,103
Johnson,691
Jones,0
Karnes,8
Kaufman,740
Kendall,11
Kenedy,6
Kent,-2
Kerr,-217
Kimble,-18
King,4
Kinney,-3
Kleberg,157
Knox,4
Lamar,-42
Lamb,26
Lampasas,-6
La Salle,51
Lavaca,-17
Lee,44
Leon,-16
Liberty,380
Limestone,-26
Lipscomb,4
Live Oak,23
Llano,-187
Loving,1
Lubbock,1327
Lynn,28
McCulloch,-22
McLennan,1229
McMullen,0
Madison,32
Marion,-68
Martin,36
Mason,-7
Matagorda,149
Maverick,649
Medina,141
Menard,-10
Midland,1858
Milam,-17
Mills,-41
Mitchell,36
Montague,-54
Montgomery,3222
Moore,239
Morris,-12
Motley,-3
Nacogdoches,166
Navarro,141
Newton,-64
Nolan,14
Nueces,1491
Ochiltree,75
Oldham,12
Orange,74
Palo Pinto,9
Panola,-13
Parker,396
Parmer,85
Pecos,90
Polk,-146
Potter,506
Presidio,49
Rains,5
Randall,485
Reagan,40
Real,-21
Red River,-58
Reeves,80
Refugio,15
Roberts,-1
Robertson,41
Rockwall,428
Runnels,-17
Rusk,5
Sabine,-44
San Augustine,-40
San Jacinto,-17
San Patricio,331
San Saba,-14
Schleicher,-5
Scurry,21
Shackelford,-2
Shelby,44
Sherman,25
Smith,792
Somervell,-20
Starr,778
Stephens,10
Sterling,-6
Stonewall,-4
Sutton,10
Swisher,14
Tarrant,13716
Taylor,639
Terrell,-2
Terry,62
Throckmorton,-1
Titus,209
Tom Green,427
Travis,8951
Trinity,-93
Tyler,-81
Upshur,15
Upton,24
Uvalde,125
Val Verde,380
Van Zandt,-21
Victoria,340
Walker,-1
Waller,347
Ward,102
Washington,-19
Webb,3357
Wharton,144
Wheeler,-11
Wichita,222
Wilbarger,11
Willacy,69
Williamson,3676
Wilson,119
Winkler,78
Wise,154
Wood,-244
Yoakum,99
Young,-36
Zapata,104
Zavala,49
Beaver,54
Box Elder,431
Cache,1633
Carbon,47
Daggett,5
Davis,3682
Duchesne,224
Emery,18
Garfield,13
Grand,27
Iron,507
Juab,129
Kane,13
Millard,100
Morgan,99
Piute,1
Rich,20
Salt Lake,9789
San Juan,58
Sanpete,185
Sevier,122
Summit,257
Tooele,672
Uintah,305
Utah,9465
Wasatch,307
Washington,876
Wayne,7
Weber,2153
Addison,-42
Bennington,-124
Caledonia,-6
Chittenden,299
Essex,-8
Franklin,177
Grand Isle,11
Lamoille,47
Orange,-25
Orleans,-33
Rutland,-171
Washington,0
Windham,-78
Windsor,-100
Accomack,-105
Albemarle,167
Alleghany,-117
Amelia,0
Amherst,-76
Appomattox,-2
Arlington,1867
Augusta,-225
Bath,-32
Bedford,-188
Bland,-40
Botetourt,-130
Brunswick,-83
Buchanan,-125
Buckingham,-31
Campbell,-99
Caroline,54
Carroll,-184
Charles City,-40
Charlotte,-43
Chesterfield,1246
Clarke,-20
Craig,-23
Culpeper,192
Cumberland,-35
Dickenson,-82
Dinwiddie,-85
Essex,-10
Fairfax,8061
Fauquier,122
Floyd,-48
Fluvanna,77
Franklin,-225
Frederick,194
Giles,-51
Gloucester,-112
Goochland,-35
Grayson,-84
Greene,76
Greensville,-19
Halifax,-147
Hanover,59
Henrico,1030
Henry,-344
Highland,-14
Isle of Wight,-21
James City,-57
King and Queen,-35
King George,118
King William,63
Lancaster,-144
Lee,-132
Loudoun,3414
Louisa,5
Lunenburg,-42
Madison,1
Mathews,-59
Mecklenburg,-170
Middlesex,-59
Montgomery,135
Nelson,-12
New Kent,68
Northampton,-68
Northumberland,-93
Nottoway,-54
Orange,105
Page,-55
Patrick,-87
Pittsylvania,-275
Powhatan,5
Prince Edward,-26
Prince George,70
Prince William,4351
Pulaski,-144
Rappahannock,-19
Richmond,-34
Roanoke,-362
Rockbridge,-133
Rockingham,83
Russell,-128
Scott,-126
Shenandoah,-32
Smyth,-199
Southampton,-83
Spotsylvania,464
Stafford,960
Surry,-12
Sussex,-43
Tazewell,-213
Warren,62
Washington,-246
Westmoreland,-41
Wise,-143
Wythe,-98
York,73
Alexandria City,1784
Bristol City,-109
Buena Vista City,17
Charlottesville City,256
Chesapeake City,945
Colonial Heights City,71
Covington City,-6
Danville City,-215
Emporia City,-21
Fairfax City,470
Falls Church City,121
Franklin City,45
Fredericksburg City,228
Galax City,-47
Hampton City,379
Harrisonburg City,297
Hopewell City,51
Lexington City,57
Lynchburg City,405
Manassas City,543
Manassas Park City,-23
Martinsville City,-56
Newport News City,1095
Norfolk City,1244
Norton City,-7
Petersburg City,191
Poquoson City,-6
Portsmouth City,365
Radford City,47
Richmond City,991
Roanoke City,101
Salem City,-31
Staunton City,-10
Suffolk City,291
Virginia Beach City,2195
Waynesboro City,108
Williamsburg City,3
Winchester City,82
Adams,288
Asotin,-43
Benton,1111
Chelan,164
Clallam,-429
Clark,1808
Columbia,-6
Cowlitz,153
Douglas,217
Ferry,-17
Franklin,1113
Garfield,-1
Grant,767
Grays Harbor,-152
Island,154
Jefferson,-215
King,11271
Kitsap,648
Kittitas,119
Klickitat,-1
Lewis,-15
Lincoln,-13
Mason,-3
Okanogan,12
Pacific,-162
Pend Oreille,-42
Pierce,4214
San Juan,-44
Skagit,166
Skamania,5
Snohomish,4143
Spokane,1081
Stevens,-54
Thurston,758
Wahkiakum,-13
Walla Walla,35
Whatcom,542
Whitman,151
Yakima,1653
Barbour,-38
Berkeley,315
Boone,-72
Braxton,-50
Brooke,-104
Cabell,-77
Calhoun,-36
Clay,-21
Doddridge,-26
Fayette,-268
Gilmer,-32
Grant,-2
Greenbrier,-161
Hampshire,-55
Hancock,-197
Hardy,-15
Harrison,-181
Jackson,-85
Jefferson,80
Kanawha,-637
Lewis,-85
Lincoln,-105
Logan,-138
McDowell,-154
Marion,-79
Marshall,-112
Mason,-105
Mercer,-230
Mineral,-94
Mingo,-66
Monongalia,340
Monroe,-56
Morgan,-66
Nicholas,-107
Ohio,-185
Pendleton,0
Pleasants,-8
Pocahontas,-51
Preston,-55
Putnam,-92
Raleigh,-329
Randolph,-66
Ritchie,-74
Roane,-67
Summers,-57
Taylor,-70
Tucker,-68
Tyler,-34
Upshur,-64
Wayne,-207
Webster,-49
Wetzel,-102
Wirt,-7
Wood,-209
Wyoming,-166
Adams,-129
Ashland,12
Barron,16
Bayfield,-83
Brown,1377
Buffalo,3
Burnett,-44
Calumet,121
Chippewa,78
Clark,255
Columbia,83
Crawford,-30
Dane,2397
Dodge,-103
Door,-149
Douglas,-33
Dunn,110
Eau Claire,398
Florence,-20
Fond du Lac,157
Forest,-7
Grant,90
Green,-3
Green Lake,-13
Iowa,58
Iron,-58
Jackson,56
Jefferson,141
Juneau,15
Kenosha,462
Kewaunee,4
La Crosse,163
Lafayette,54
Langlade,-48
Lincoln,-27
Manitowoc,-59
Marathon,364
Marinette,-112
Marquette,-34
Menominee,15
Milwaukee,4715
Monroe,124
Oconto,-22
Oneida,-142
Outagamie,861
Ozaukee,14
Pepin,-15
Pierce,90
Polk,-42
Portage,155
Price,-23
Racine,593
Richland,-23
Rock,406
Rusk,-24
St. Croix,351
Sauk,122
Sawyer,-54
Shawano,73
Sheboygan,147
Taylor,22
Trempealeau,172
Vernon,86
Vilas,-126
Walworth,-23
Washburn,-92
Washington,124
Waukesha,264
Waupaca,-213
Waushara,-38
Winnebago,286
Wood,74
Albany,143
Big Horn,11
Campbell,274
Carbon,57
Converse,43
Crook,33
Fremont,20
Goshen,-10
Hot Springs,-34
Johnson,-25
Laramie,395
Lincoln,84
Natrona,219
Niobrara,14
Park,12
Platte,-35
Sheridan,-38
Sublette,8
Sweetwater,208
Teton,153
Uinta,119
Washakie,-7
Weston,-14
