County_Name,Net_migration_of_population
Autauga,254
Baldwin,5377
Barbour,-128
Bibb,41
Blount,65
Bullock,-73
Butler,-123
Calhoun,-461
Chambers,-259
Cherokee,303
Chilton,219
Choctaw,-201
Clarke,-237
Clay,-14
Cleburne,-97
Coffee,368
Colbert,329
Conecuh,-166
Coosa,55
Covington,230
Crenshaw,-11
Cullman,414
Dale,-71
Dallas,-997
DeKalb,134
Elmore,92
Escambia,165
Etowah,-25
Fayette,-92
Franklin,1
Geneva,55
Greene,-101
Hale,-106
Henry,78
Houston,947
Jackson,121
Jefferson,-1915
Lamar,-65
Lauderdale,390
Lawrence,66
Lee,191
Limestone,2577
Lowndes,-224
Macon,-161
Madison,4951
Marengo,-126
Marion,65
Marshall,368
Mobile,-1555
Monroe,-251
Montgomery,-914
Morgan,398
Perry,-122
Pickens,-19
Pike,-131
Randolph,27
Russell,-23
St. Clair,851
Shelby,1518
Sumter,-180
Talladega,46
Tallapoosa,-16
Tuscaloosa,482
Walker,74
Washington,-51
Wilcox,-197
Winston,19
Aleutians East,-60
Aleutians West,-38
Anchorage,-4608
Bethel,-86
Bristol Bay,-45
Denali,59
Dillingham,-120
Fairbanks North Star,-2747
Haines,28
Hoonah-Angoon,-9
Juneau,-227
Kenai Peninsula,26
Ketchikan Gateway,-18
Kodiak Island,-367
Kusilvak,-139
Lake and Peninsula,-25
Matanuska-Susitna,482
Nome,-145
North Slope,-113
Northwest Arctic,-149
Petersburg,21
Prince of Wales-Hyder,-164
Sitka,-80
Skagway,20
Southeast Fairbanks,-117
Valdez-Cordova,-19
Wrangell,-25
Yakutat,-21
Yukon-Koyukuk,-137
Apache,-75
Cochise,-529
Coconino,338
Gila,513
Graham,637
Greenlee,-44
La Paz,191
Maricopa,62997
Mohave,4478
Navajo,355
Pima,10005
Pinal,14667
Santa Cruz,-201
Yavapai,4564
Yuma,903
Arkansas,-232
Ashley,-317
Baxter,655
Benton,4930
Boone,103
Bradley,-61
Calhoun,-29
Carroll,290
Chicot,-285
Clark,16
Clay,-170
Cleburne,84
Cleveland,-26
Columbia,-111
Conway,9
Craighead,1091
Crawford,-222
Crittenden,-598
Cross,-200
Dallas,-135
Desha,-109
Drew,-139
Faulkner,273
Franklin,-35
Fulton,237
Garland,699
Grant,101
Greene,-94
Hempstead,-212
Hot Spring,118
Howard,-101
Independence,-24
Izard,115
Jackson,-14
Jefferson,-1208
Johnson,-154
Lafayette,-21
Lawrence,29
Lee,-80
Lincoln,-112
Little River,3
Logan,-146
Lonoke,-254
Madison,147
Marion,168
Miller,-151
Mississippi,-671
Monroe,-133
Montgomery,137
Nevada,-54
Newton,-22
Ouachita,-147
Perry,97
Phillips,-285
Pike,82
Poinsett,-352
Polk,18
Pope,307
Prairie,17
Pulaski,-1262
Randolph,7
St. Francis,-506
Saline,1188
Scott,-53
Searcy,-9
Sebastian,-245
Sevier,-152
Sharp,201
Stone,107
Union,-387
Van Buren,20
Washington,966
White,333
Woodruff,-112
Yell,-135
Alameda,-3086
Alpine,36
Amador,468
Butte,-11146
Calaveras,338
Colusa,-23
Contra Costa,-581
Del Norte,68
El Dorado,2185
Fresno,131
Glenn,306
Humboldt,-642
Imperial,-1967
Inyo,75
Kern,-210
Kings,123
Lake,189
Lassen,-126
Los Angeles,-79758
Madera,-603
Marin,-984
Mariposa,-170
Mendocino,-720
Merced,1237
Modoc,70
Mono,-56
Monterey,-2940
Napa,-998
Nevada,462
Orange,-15180
Placer,5766
Plumas,123
Riverside,13473
Sacramento,6498
San Benito,888
San Bernardino,-752
San Diego,-12998
San Francisco,-1596
San Joaquin,5529
San Luis Obispo,-252
San Mateo,-5343
Santa Barbara,-1371
Santa Clara,-15012
Santa Cruz,-1280
Shasta,707
Sierra,20
Siskiyou,135
Solano,557
Sonoma,-4437
Stanislaus,-535
Sutter,195
Tehama,985
Trinity,-240
Tulare,-2230
Tuolumne,252
Ventura,-5053
Yolo,-455
Yuba,542
Adams,2487
Alamosa,-97
Arapahoe,1342
Archuleta,264
Baca,6
Bent,-213
Boulder,896
Broomfield,896
Chaffee,360
Cheyenne,-32
Clear Creek,79
Conejos,13
Costilla,73
Crowley,109
Custer,140
Delta,387
Denver,6510
Dolores,-7
Douglas,6166
Eagle,-246
Elbert,379
El Paso,3625
Fremont,65
Garfield,-40
Gilpin,117
Grand,180
Gunnison,233
Hinsdale,13
Huerfano,58
Jackson,-11
Jefferson,2255
Kiowa,20
Kit Carson,-67
Lake,220
La Plata,-180
Larimer,5175
Las Animas,42
Lincoln,77
Logan,121
Mesa,1137
Mineral,-6
Moffat,11
Montezuma,49
Montrose,558
Morgan,101
Otero,-42
Ouray,142
Park,300
Phillips,-5
Pitkin,-287
Prowers,51
Pueblo,1033
Rio Blanco,-26
Rio Grande,-5
Routt,57
Saguache,-25
San Juan,-37
San Miguel,-38
Sedgwick,-9
Summit,-4
Teller,297
Washington,20
Weld,7141
Yuma,30
Fairfield,-3343
Hartford,-1734
Litchfield,-299
Middlesex,-122
New Haven,-2858
New London,-1059
Tolland,-54
Windham,-267
Kent,1874
New Castle,-132
Sussex,5292
Alachua,-504
Baker,807
Bay,-11803
Bradford,509
Brevard,8938
Broward,902
Calhoun,-409
Charlotte,5834
Citrus,3601
Clay,3045
Collier,7391
Columbia,1069
DeSoto,604
Dixie,229
Duval,4941
Escambia,2930
Flagler,3558
Franklin,460
Gadsden,-262
Gilchrist,321
Glades,188
Gulf,-2463
Hamilton,130
Hardee,-378
Hendry,467
Hernando,4580
Highlands,2057
Hillsborough,14449
Holmes,225
Indian River,3612
Jackson,-1577
Jefferson,-50
Lafayette,-259
Lake,11377
Lee,17226
Leon,899
Levy,844
Liberty,-67
Madison,16
Manatee,9664
Marion,8151
Martin,1033
Miami-Dade,-7158
Monroe,-477
Nassau,2798
Okaloosa,3037
Okeechobee,419
Orange,3925
Osceola,5249
Palm Beach,14460
Pasco,16082
Pinellas,6687
Polk,17311
Putnam,681
St. Johns,10711
St. Lucie,8259
Santa Rosa,4719
Sarasota,10669
Seminole,2676
Sumter,5212
Suwannee,356
Taylor,66
Union,-16
Volusia,9395
Wakulla,1261
Walton,3257
Washington,724
Appling,-152
Atkinson,-157
Bacon,-19
Baker,-56
Baldwin,69
Banks,202
Barrow,1993
Bartow,1070
Ben Hill,-94
Berrien,132
Bibb,-63
Bleckley,33
Brantley,119
Brooks,29
Bryan,1286
Bulloch,2019
Burke,-98
Butts,724
Calhoun,-169
Camden,616
Candler,-28
Carroll,1549
Catoosa,206
Charlton,468
Chatham,-690
Chattahoochee,91
Chattooga,18
Cherokee,3778
Clarke,531
Clay,-36
Clayton,831
Clinch,-10
Cobb,-360
Coffee,36
Colquitt,11
Columbia,1908
Cook,97
Coweta,1921
Crawford,113
Crisp,-213
Dade,-80
Dawson,943
Decatur,-198
DeKalb,-1359
Dodge,-161
Dooly,-289
Dougherty,-1553
Douglas,653
Early,-82
Echols,-7
Effingham,1749
Elbert,161
Emanuel,20
Evans,-47
Fannin,332
Fayette,1282
Floyd,543
Forsyth,6152
Franklin,327
Fulton,8559
Gilmer,585
Glascock,0
Glynn,326
Gordon,240
Grady,-178
Greene,641
Gwinnett,2289
Habersham,-132
Hall,1903
Hancock,159
Haralson,230
Harris,705
Hart,197
Heard,55
Henry,3920
Houston,1669
Irwin,30
Jackson,2337
Jasper,179
Jeff Davis,27
Jefferson,-14
Jenkins,-79
Johnson,-56
Jones,133
Lamar,138
Lanier,66
Laurens,157
Lee,164
Liberty,-146
Lincoln,16
Long,311
Lowndes,448
Lumpkin,725
McDuffie,-231
McIntosh,85
Macon,-178
Madison,231
Marion,-11
Meriwether,102
Miller,49
Mitchell,-281
Monroe,179
Montgomery,-11
Morgan,400
Murray,97
Muscogee,748
Newton,1859
Oconee,697
Oglethorpe,169
Paulding,3825
Peach,130
Pickens,627
Pierce,39
Pike,299
Polk,176
Pulaski,77
Putnam,360
Quitman,46
Rabun,347
Randolph,-26
Richmond,6
Rockdale,174
Schley,19
Screven,-14
Seminole,-158
Spalding,598
Stephens,-42
Stewart,215
Sumter,-313
Talbot,-67
Taliaferro,-61
Tattnall,-210
Taylor,-2
Telfair,-96
Terrell,-38
Thomas,105
Tift,-34
Toombs,-135
Towns,257
Treutlen,91
Troup,-283
Turner,59
Twiggs,16
Union,741
Upson,234
Walker,409
Walton,1153
Ware,127
Warren,14
Washington,-27
Wayne,116
Webster,0
Wheeler,-44
White,832
Whitfield,-89
Wilcox,-183
Wilkes,-33
Wilkinson,-65
Worth,-38
Hawaii,-216
Honolulu,-8691
Kalawao,0
Kauai,39
Maui,65
Ada,10841
Adams,57
Bannock,672
Bear Lake,67
Benewah,82
Bingham,469
Blaine,164
Boise,175
Bonner,1044
Bonneville,1600
Boundary,227
Butte,7
Camas,-18
Canyon,5036
Caribou,80
Cassia,34
Clark,-12
Clearwater,22
Custer,69
Elmore,-113
Franklin,76
Fremont,-146
Gem,527
Gooding,-9
Idaho,220
Jefferson,134
Jerome,134
Kootenai,4159
Latah,72
Lemhi,120
Lewis,10
Lincoln,-55
Madison,-317
Minidoka,191
Nez Perce,150
Oneida,58
Owyhee,105
Payette,352
Power,-74
Shoshone,92
Teton,395
Twin Falls,434
Valley,340
Washington,56
Adams,-113
Alexander,-263
Bond,-202
Boone,-82
Brown,15
Bureau,-263
Calhoun,-73
Carroll,53
Cass,-203
Champaign,-1089
Christian,-276
Clark,-128
Clay,-52
Clinton,-182
Coles,-159
Cook,-41173
Crawford,-142
Cumberland,-48
DeKalb,172
De Witt,-112
Douglas,-64
DuPage,-7959
Edgar,-142
Edwards,-7
Effingham,-267
Fayette,-42
Ford,-212
Franklin,-175
Fulton,-348
Gallatin,-178
Greene,-75
Grundy,-91
Hamilton,-7
Hancock,-100
Hardin,-38
Henderson,-17
Henry,-89
Iroquois,-304
Jackson,-661
Jasper,-37
Jefferson,-30
Jersey,2
Jo Daviess,-17
Johnson,38
Kane,-3107
Kankakee,-163
Kendall,384
Knox,-219
Lake,-5587
LaSalle,-360
Lawrence,-82
Lee,-162
Livingston,-74
Logan,-245
McDonough,-267
McHenry,-1374
McLean,-1535
Macon,-530
Macoupin,-279
Madison,-919
Marion,-166
Marshall,-10
Mason,-128
Massac,-210
Menard,-89
Mercer,-60
Monroe,227
Montgomery,-213
Morgan,-333
Moultrie,-163
Ogle,-167
Peoria,-2063
Perry,-189
Piatt,-36
Pike,-51
Pope,7
Pulaski,-80
Putnam,12
Randolph,-336
Richland,-156
Rock Island,-860
St. Clair,-2054
Saline,-233
Sangamon,-1069
Schuyler,-62
Scott,27
Shelby,-73
Stark,-57
Stephenson,-228
Tazewell,-577
Union,-129
Vermilion,-918
Wabash,-21
Warren,-175
Washington,-123
Wayne,-87
White,-14
Whiteside,-337
Will,-2921
Williamson,-331
Winnebago,-1578
Woodford,-94
Adams,-231
Allen,2239
Bartholomew,780
Benton,74
Blackford,-118
Boone,618
Brown,-101
Carroll,29
Cass,-242
Clark,783
Clay,33
Clinton,107
Crawford,-12
Daviess,-142
Dearborn,-21
Decatur,-215
DeKalb,167
Delaware,-53
Dubois,-87
Elkhart,-661
Fayette,42
Floyd,566
Fountain,-48
Franklin,-12
Fulton,-101
Gibson,52
Grant,-209
Greene,-58
Hamilton,5754
Hancock,1475
Harrison,244
Hendricks,2812
Henry,-56
Howard,298
Huntington,258
Jackson,29
Jasper,169
Jay,-341
Jefferson,133
Jennings,22
Johnson,1570
Knox,3
Kosciusko,-261
LaGrange,-230
Lake,673
LaPorte,-120
Lawrence,-159
Madison,80
Marion,-107
Marshall,-143
Martin,29
Miami,-149
Monroe,936
Montgomery,29
Morgan,253
Newton,11
Noble,27
Ohio,1
Orange,79
Owen,1
Parke,-68
Perry,73
Pike,15
Porter,931
Posey,-107
Pulaski,-127
Putnam,78
Randolph,-155
Ripley,-170
Rush,-52
St. Joseph,-112
Scott,137
Shelby,158
Spencer,-86
Starke,67
Steuben,121
Sullivan,-26
Switzerland,20
Tippecanoe,911
Tipton,50
Union,27
Vanderburgh,170
Vermillion,18
Vigo,-353
Wabash,-103
Warren,-15
Warrick,518
Washington,87
Wayne,-52
Wells,140
White,-38
Whitley,-180
Adair,73
Adams,-35
Allamakee,-178
Appanoose,69
Audubon,30
Benton,5
Black Hawk,-941
Boone,-55
Bremer,71
Buchanan,-70
Buena Vista,-345
Butler,-47
Calhoun,-21
Carroll,-1
Cass,-70
Cedar,42
Cerro Gordo,-138
Cherokee,-8
Chickasaw,-53
Clarke,-123
Clay,-129
Clayton,20
Clinton,3
Crawford,-348
Dallas,2692
Davis,-38
Decatur,-39
Delaware,-93
Des Moines,-185
Dickinson,168
Dubuque,166
Emmet,-64
Fayette,-14
Floyd,-118
Franklin,-25
Fremont,-22
Greene,-66
Grundy,-29
Guthrie,-25
Hamilton,-106
Hancock,-65
Hardin,-48
Harrison,-29
Henry,-111
Howard,-10
Humboldt,-2
Ida,51
Iowa,32
Jackson,22
Jasper,-30
Jefferson,68
Johnson,-377
Jones,12
Keokuk,16
Kossuth,-78
Lee,-224
Linn,19
Louisa,-134
Lucas,-44
Lyon,-115
Madison,129
Mahaska,30
Marion,-19
Marshall,-556
Mills,37
Mitchell,11
Monona,7
Monroe,-59
Montgomery,-16
Muscatine,-365
O'Brien,-32
Osceola,-60
Page,-67
Palo Alto,-15
Plymouth,112
Pocahontas,-81
Polk,1162
Pottawattamie,-224
Poweshiek,70
Ringgold,-35
Sac,29
Scott,-416
Shelby,-82
Sioux,-181
Story,-14
Tama,-39
Taylor,-47
Union,-49
Van Buren,40
Wapello,-67
Warren,309
Washington,-143
Wayne,43
Webster,-439
Winnebago,-161
Winneshiek,-12
Woodbury,107
Worth,-40
Wright,-121
Allen,-107
Anderson,4
Atchison,-92
Barber,-40
Barton,-245
Bourbon,-37
Brown,-50
Butler,-14
Chase,44
Chautauqua,-42
Cherokee,-44
Cheyenne,26
Clark,-1
Clay,14
Cloud,79
Coffey,-66
Comanche,-41
Cowley,-221
Crawford,-183
Decatur,-25
Dickinson,-215
Doniphan,-56
Douglas,729
Edwards,-26
Elk,58
Ellis,-140
Ellsworth,-47
Finney,-469
Ford,-602
Franklin,-127
Geary,-1769
Gove,35
Graham,27
Grant,-219
Gray,-143
Greeley,-11
Greenwood,-14
Hamilton,-73
Harper,-38
Harvey,209
Haskell,-50
Hodgeman,-21
Jackson,-141
Jefferson,165
Jewell,38
Johnson,1236
Kearny,-141
Kingman,-49
Kiowa,-19
Labette,-315
Lane,-7
Leavenworth,-41
Lincoln,-22
Linn,-36
Logan,-40
Lyon,-218
McPherson,47
Marion,-5
Marshall,-26
Meade,-71
Miami,404
Mitchell,-101
Montgomery,-229
Morris,58
Morton,-118
Nemaha,41
Neosho,-29
Ness,-23
Norton,-48
Osage,51
Osborne,-44
Ottawa,-31
Pawnee,-156
Phillips,-27
Pottawatomie,23
Pratt,-185
Rawlins,17
Reno,-302
Republic,-13
Rice,47
Riley,-982
Rooks,-55
Rush,-22
Russell,-22
Saline,-344
Scott,-85
Sedgwick,382
Seward,-772
Shawnee,-611
Sheridan,-12
Sherman,4
Smith,-10
Stafford,-9
Stanton,-30
Stevens,-83
Sumner,-180
Thomas,10
Trego,28
Wabaunsee,-5
Wallace,21
Washington,-31
Wichita,-7
Wilson,-140
Woodson,-40
Wyandotte,-945
Adair,37
Allen,196
Anderson,65
Ballard,-82
Barren,98
Bath,24
Bell,-393
Boone,943
Bourbon,-302
Boyd,-471
Boyle,-16
Bracken,30
Breathitt,-113
Breckinridge,152
Bullitt,545
Butler,126
Caldwell,57
Calloway,85
Campbell,-131
Carlisle,17
Carroll,-98
Carter,-218
Casey,252
Christian,-1088
Clark,72
Clay,-181
Clinton,53
Crittenden,-70
Cumberland,-41
Daviess,374
Edmonson,-64
Elliott,20
Estill,5
Fayette,-701
Fleming,59
Floyd,-200
Franklin,125
Fulton,-62
Gallatin,75
Garrard,142
Grant,-110
Graves,-125
Grayson,151
Green,-26
Greenup,-115
Hancock,-47
Hardin,212
Harlan,-197
Harrison,92
Hart,47
Henderson,-302
Henry,51
Hickman,-24
Hopkins,-318
Jackson,-61
Jefferson,-3170
Jessamine,160
Johnson,-142
Kenton,-23
Knott,-207
Knox,-120
Larue,83
Laurel,106
Lawrence,-214
Lee,373
Leslie,-207
Letcher,-184
Lewis,9
Lincoln,-105
Livingston,-21
Logan,67
Lyon,117
McCracken,204
McCreary,-58
McLean,-44
Madison,663
Magoffin,-120
Marion,-92
Marshall,38
Martin,-82
Mason,-26
Meade,-68
Menifee,82
Mercer,282
Metcalfe,16
Monroe,-84
Montgomery,-9
Morgan,-9
Muhlenberg,-135
Nelson,287
Nicholas,86
Ohio,-76
Oldham,99
Owen,20
Owsley,-55
Pendleton,-12
Perry,-363
Pike,-391
Powell,-5
Pulaski,432
Robertson,-22
Rockcastle,-48
Rowan,-96
Russell,156
Scott,770
Shelby,801
Simpson,121
Spencer,272
Taylor,234
Todd,-57
Trigg,3
Trimble,15
Union,-81
Warren,1419
Washington,58
Wayne,-106
Webster,-143
Whitley,109
Wolfe,-28
Woodford,196
Acadia,-295
Allen,-12
Ascension,993
Assumption,-395
Avoyelles,-315
Beauregard,12
Bienville,-36
Bossier,-436
Caddo,-2919
Calcasieu,-586
Caldwell,-47
Cameron,-61
Catahoula,-103
Claiborne,-160
Concordia,-343
De Soto,11
East Baton Rouge,-3859
East Carroll,-149
East Feliciana,-113
Evangeline,-157
Franklin,-143
Grant,-92
Iberia,-1215
Iberville,-219
Jackson,-107
Jefferson,-2613
Jefferson Davis,-143
Lafayette,71
Lafourche,-606
La Salle,-10
Lincoln,-471
Livingston,773
Madison,-247
Morehouse,-435
Natchitoches,-528
Orleans,-1600
Ouachita,-1691
Plaquemines,-265
Pointe Coupee,-130
Rapides,-884
Red River,-70
Richland,-104
Sabine,-43
St. Bernard,230
St. Charles,205
St. Helena,-48
St. James,-108
St. John the Baptist,-398
St. Landry,-750
St. Martin,-254
St. Mary,-584
St. Tammany,1999
Tangipahoa,351
Tensas,-128
Terrebonne,-1053
Union,-115
Vermilion,-503
Vernon,-1130
Washington,-357
Webster,-371
West Baton Rouge,-61
West Carroll,-90
West Feliciana,73
Winn,-171
Androscoggin,242
Aroostook,-6
Cumberland,1328
Franklin,390
Hancock,473
Kennebec,540
Knox,202
Lincoln,356
Oxford,458
Penobscot,553
Piscataquis,145
Sagadahoc,257
Somerset,83
Waldo,176
Washington,216
York,2052
Allegany,-290
Anne Arundel,1598
Baltimore,-1484
Calvert,298
Caroline,52
Carroll,141
Cecil,90
Charles,1108
Dorchester,27
Frederick,3605
Garrett,-32
Harford,1232
Howard,1489
Kent,132
Montgomery,-3724
Prince George's,-5439
Queen Anne's,166
St. Mary's,348
Somerset,71
Talbot,251
Washington,372
Wicomico,371
Worcester,593
Baltimore City,-9629
Barnstable,933
Berkshire,-487
Bristol,840
Dukes,-20
Essex,-811
Franklin,-253
Hampden,-2453
Hampshire,21
Middlesex,-1632
Nantucket,117
Norfolk,2309
Plymouth,2405
Suffolk,-3229
Worcester,412
Alcona,153
Alger,40
Allegan,553
Alpena,84
Antrim,122
Arenac,-28
Baraga,-59
Barry,278
Bay,-389
Benzie,66
Berrien,-392
Branch,-143
Calhoun,14
Cass,99
Charlevoix,32
Cheboygan,-75
Chippewa,-54
Clare,292
Clinton,196
Crawford,162
Delta,36
Dickinson,-64
Eaton,508
Emmet,212
Genesee,-909
Gladwin,258
Gogebic,-1070
Grand Traverse,524
Gratiot,167
Hillsdale,-127
Houghton,-271
Huron,-92
Ingham,-143
Ionia,264
Iosco,178
Iron,48
Isabella,-800
Jackson,-170
Kalamazoo,-412
Kalkaska,232
Kent,-190
Keweenaw,39
Lake,26
Lapeer,-173
Leelanau,96
Lenawee,372
Livingston,664
Luce,-73
Mackinac,68
Macomb,628
Manistee,196
Marquette,427
Mason,83
Mecosta,15
Menominee,-77
Midland,-177
Missaukee,-13
Monroe,359
Montcalm,-160
Montmorency,155
Muskegon,-330
Newaygo,137
Oakland,-1164
Oceana,-76
Ogemaw,204
Ontonagon,-3
Osceola,72
Oscoda,59
Otsego,61
Ottawa,733
Presque Isle,-24
Roscommon,421
Saginaw,-296
St. Clair,425
St. Joseph,-91
Sanilac,46
Schoolcraft,93
Shiawassee,51
Tuscola,-274
Van Buren,138
Washtenaw,-2938
Wayne,-9519
Wexford,166
Aitkin,83
Anoka,1450
Becker,-5
Beltrami,248
Benton,173
Big Stone,2
Blue Earth,31
Brown,-117
Carlton,52
Carver,952
Cass,311
Chippewa,-127
Chisago,411
Clay,-194
Clearwater,-33
Cook,32
Cottonwood,-73
Crow Wing,300
Dakota,1587
Dodge,72
Douglas,189
Faribault,-71
Fillmore,5
Freeborn,-162
Goodhue,-7
Grant,-13
Hennepin,727
Houston,23
Hubbard,184
Isanti,525
Itasca,144
Jackson,-38
Kanabec,53
Kandiyohi,93
Kittson,17
Koochiching,-150
Lac qui Parle,-1
Lake,63
Lake of the Woods,12
Le Sueur,178
Lincoln,-24
Lyon,-225
McLeod,22
Mahnomen,2
Marshall,-67
Martin,-97
Meeker,26
Mille Lacs,126
Morrison,254
Mower,-246
Murray,-63
Nicollet,-19
Nobles,-312
Norman,-95
Olmsted,960
Otter Tail,118
Pennington,-89
Pine,140
Pipestone,-20
Polk,-123
Pope,156
Ramsey,-1890
Red Lake,49
Redwood,-114
Renville,-82
Rice,156
Rock,-96
Roseau,-38
St. Louis,-398
Scott,737
Sherburne,602
Sibley,-168
Stearns,429
Steele,-172
Stevens,1
Swift,-70
Todd,-22
Traverse,-33
Wabasha,-68
Wadena,-48
Waseca,-107
Washington,2544
Watonwan,-160
Wilkin,-28
Winona,-267
Wright,1173
Yellow Medicine,-102
Adams,-263
Alcorn,190
Amite,-9
Attala,-141
Benton,20
Bolivar,-496
Calhoun,-68
Carroll,44
Chickasaw,-26
Choctaw,-27
Claiborne,-97
Clarke,-40
Clay,-66
Coahoma,-555
Copiah,-363
Covington,-196
DeSoto,2323
Forrest,-250
Franklin,-40
George,292
Greene,-431
Grenada,-185
Hancock,372
Harrison,1208
Hinds,-4831
Holmes,-431
Humphreys,-176
Issaquena,26
Itawamba,-72
Jackson,338
Jasper,-37
Jefferson,-104
Jefferson Davis,-50
Jones,-166
Kemper,33
Lafayette,361
Lamar,351
Lauderdale,-1166
Lawrence,145
Leake,-30
Lee,6
Leflore,-483
Lincoln,-65
Lowndes,-328
Madison,465
Marion,-149
Marshall,-86
Monroe,-266
Montgomery,-187
Neshoba,-90
Newton,-351
Noxubee,-167
Oktibbeha,156
Panola,-38
Pearl River,285
Perry,41
Pike,-100
Pontotoc,143
Prentiss,32
Quitman,-233
Rankin,590
Scott,-335
Sharkey,-69
Simpson,-50
Smith,-121
Stone,301
Sunflower,-1078
Tallahatchie,-151
Tate,-51
Tippah,-44
Tishomingo,89
Tunica,-359
Union,130
Walthall,-120
Warren,-770
Washington,-1088
Wayne,-154
Webster,-60
Wilkinson,-117
Winston,-150
Yalobusha,-234
Yazoo,558
Adair,-208
Andrew,22
Atchison,-9
Audrain,-72
Barry,72
Barton,-56
Bates,-141
Benton,276
Bollinger,-46
Boone,544
Buchanan,-974
Butler,-39
Caldwell,-41
Callaway,-246
Camden,546
Cape Girardeau,75
Carroll,-16
Carter,-85
Cass,880
Cedar,236
Chariton,-14
Christian,1188
Clark,-41
Clay,2340
Clinton,-27
Cole,-153
Cooper,68
Crawford,-1
Dade,41
Dallas,93
Daviess,-92
DeKalb,49
Dent,37
Douglas,-149
Dunklin,-258
Franklin,118
Gasconade,73
Gentry,-19
Greene,1534
Grundy,-159
Harrison,-13
Henry,70
Hickory,135
Holt,6
Howard,-78
Howell,-2
Iron,-7
Jackson,-243
Jasper,523
Jefferson,368
Johnson,135
Knox,-6
Laclede,51
Lafayette,185
Lawrence,53
Lewis,-83
Lincoln,1074
Linn,-79
Livingston,58
McDonald,-269
Macon,-38
Madison,-57
Maries,-57
Marion,-44
Mercer,-14
Miller,281
Mississippi,-164
Moniteau,-93
Monroe,15
Montgomery,74
Morgan,229
New Madrid,-160
Newton,9
Nodaway,-141
Oregon,7
Osage,-48
Ozark,155
Pemiscot,-441
Perry,-140
Pettis,-255
Phelps,-18
Pike,-217
Platte,1154
Polk,-76
Pulaski,231
Putnam,-53
Ralls,49
Randolph,-37
Ray,89
Reynolds,17
Ripley,-67
St. Charles,1954
St. Clair,51
Ste. Genevieve,14
St. Francois,559
St. Louis,-1826
Saline,-129
Schuyler,39
Scotland,-69
Scott,-286
Shannon,-35
Shelby,-93
Stoddard,-179
Stone,401
Sullivan,-159
Taney,152
Texas,-86
Vernon,58
Warren,778
Washington,-207
Wayne,-182
Webster,218
Worth,-18
Wright,104
St. Louis City,-3680
Beaverhead,62
Big Horn,-158
Blaine,-111
Broadwater,154
Carbon,48
Carter,19
Cascade,-589
Chouteau,-86
Custer,-169
Daniels,-42
Dawson,-57
Deer Lodge,62
Fallon,-77
Fergus,-41
Flathead,1587
Gallatin,2084
Garfield,-2
Glacier,-172
Golden Valley,-6
Granite,26
Hill,14
Jefferson,160
Judith Basin,62
Lake,256
Lewis and Clark,723
Liberty,-74
Lincoln,306
McCone,-7
Madison,95
Meagher,10
Mineral,110
Missoula,715
Musselshell,29
Park,-28
Petroleum,-19
Phillips,-102
Pondera,-69
Powder River,-44
Powell,-36
Prairie,3
Ravalli,753
Richland,-94
Roosevelt,-101
Rosebud,-142
Sanders,281
Sheridan,-69
Silver Bow,232
Stillwater,166
Sweet Grass,33
Teton,15
Toole,-119
Treasure,18
Valley,-38
Wheatland,-63
Wibaux,-63
Yellowstone,901
Adams,-227
Antelope,-31
Arthur,3
Banner,15
Blaine,-15
Boone,-44
Box Butte,25
Boyd,-25
Brown,-8
Buffalo,46
Burt,8
Butler,-28
Cass,24
Cedar,-61
Chase,-5
Cherry,-94
Cheyenne,-374
Clay,-9
Colfax,-147
Cuming,-110
Custer,-50
Dakota,-208
Dawes,-112
Dawson,-358
Deuel,-25
Dixon,-85
Dodge,-214
Douglas,719
Dundy,-63
Fillmore,-73
Franklin,-43
Frontier,17
Furnas,-27
Gage,47
Garden,-54
Garfield,5
Gosper,-8
Grant,-41
Greeley,-5
Hall,-364
Hamilton,44
Harlan,3
Hayes,-11
Hitchcock,-22
Holt,-101
Hooker,7
Howard,-25
Jefferson,-44
Johnson,-28
Kearney,-61
Keith,29
Keya Paha,2
Kimball,63
Knox,-73
Lancaster,835
Lincoln,-303
Logan,-4
Loup,44
McPherson,2
Madison,-220
Merrick,19
Morrill,-36
Nance,4
Nemaha,-19
Nuckolls,-42
Otoe,-8
Pawnee,-11
Perkins,-19
Phelps,4
Pierce,-18
Platte,4
Polk,-26
Red Willow,8
Richardson,-45
Rock,8
Saline,-173
Sarpy,1714
Saunders,261
Scotts Bluff,-374
Seward,-21
Sheridan,62
Sherman,-42
Sioux,-28
Stanton,-81
Thayer,-10
Thomas,3
Thurston,-119
Valley,-39
Washington,83
Wayne,41
Webster,-40
Wheeler,-20
York,-103
Churchill,336
Clark,31283
Douglas,675
Elko,-165
Esmeralda,46
Eureka,29
Humboldt,-56
Lander,-55
Lincoln,-49
Lyon,1645
Mineral,5
Nye,1684
Pershing,29
Storey,151
Washoe,5894
White Pine,33
Carson City,752
Belknap,460
Carroll,412
Cheshire,269
Coos,272
Grafton,340
Hillsborough,1652
Merrimack,830
Rockingham,1354
Strafford,743
Sullivan,84
Atlantic,-236
Bergen,-2530
Burlington,319
Camden,-1054
Cape May,166
Cumberland,-1435
Essex,-3331
Gloucester,-25
Hudson,-5164
Hunterdon,-397
Mercer,-1815
Middlesex,-3776
Monmouth,-1428
Morris,-1944
Ocean,4266
Passaic,-4208
Salem,-291
Somerset,-1681
Sussex,-250
Union,-2629
Warren,-219
Bernalillo,-51
Catron,-9
Chaves,-122
Cibola,-134
Colfax,-115
Curry,-829
De Baca,-27
Dona Ana,-96
Eddy,475
Grant,-231
Guadalupe,-32
Harding,-18
Hidalgo,-23
Lea,945
Lincoln,89
Los Alamos,318
Luna,-231
McKinley,-721
Mora,42
Otero,513
Quay,18
Rio Arriba,-58
Roosevelt,-369
Sandoval,1392
San Juan,-1849
San Miguel,-181
Santa Fe,605
Sierra,-19
Socorro,-95
Taos,72
Torrance,-53
Union,-49
Valencia,253
Albany,-1326
Allegany,-226
Bronx,-22506
Broome,-1250
Cattaraugus,-560
Cayuga,-576
Chautauqua,-450
Chemung,-394
Chenango,-171
Clinton,-204
Columbia,-135
Cortland,-191
Delaware,-163
Dutchess,479
Erie,-986
Essex,-296
Franklin,-177
Fulton,-203
Genesee,-118
Greene,-34
Hamilton,18
Herkimer,-295
Jefferson,-3026
Kings,-37742
Lewis,-242
Livingston,-226
Madison,-214
Monroe,-2158
Montgomery,-253
Nassau,-3291
New York,-5003
Niagara,-458
Oneida,-795
Onondaga,-1865
Ontario,148
Orange,675
Orleans,-274
Oswego,-509
Otsego,-149
Putnam,-512
Queens,-31906
Rensselaer,-506
Richmond,-1291
Rockland,-2673
St. Lawrence,-495
Saratoga,-358
Schenectady,-82
Schoharie,-70
Schuyler,-34
Seneca,-167
Steuben,-440
Suffolk,-6239
Sullivan,38
Tioga,-170
Tompkins,-350
Ulster,-529
Warren,-123
Washington,70
Wayne,-349
Westchester,-3330
Wyoming,-146
Yates,-88
Alamance,2655
Alexander,203
Alleghany,34
Anson,-4
Ashe,238
Avery,116
Beaufort,131
Bertie,-58
Bladen,-295
Brunswick,6593
Buncombe,2210
Burke,237
Cabarrus,3941
Caldwell,351
Camden,159
Carteret,400
Caswell,8
Catawba,912
Chatham,1440
Cherokee,372
Chowan,-66
Clay,181
Cleveland,548
Columbus,-106
Craven,-494
Cumberland,-648
Currituck,720
Dare,430
Davidson,1304
Davie,306
Duplin,-321
Durham,2552
Edgecombe,-468
Forsyth,2067
Franklin,1970
Gaston,1738
Gates,46
Graham,8
Granville,462
Greene,-19
Guilford,3079
Halifax,-459
Harnett,865
Haywood,607
Henderson,1276
Hertford,-138
Hoke,54
Hyde,-73
Iredell,3281
Jackson,348
Johnston,5873
Jones,-168
Lee,360
Lenoir,122
Lincoln,2071
McDowell,368
Macon,666
Madison,131
Martin,-153
Mecklenburg,8717
Mitchell,50
Montgomery,98
Moore,2101
Nash,190
New Hanover,2041
Northampton,-90
Onslow,-1815
Orange,194
Pamlico,171
Pasquotank,146
Pender,955
Perquimans,114
Person,86
Pitt,545
Polk,208
Randolph,462
Richmond,-61
Robeson,-1578
Rockingham,698
Rowan,957
Rutherford,455
Sampson,50
Scotland,66
Stanly,633
Stokes,253
Surry,-32
Swain,100
Transylvania,346
Tyrrell,-83
Union,3134
Vance,-145
Wake,14022
Warren,21
Washington,-162
Watauga,164
Wayne,-328
Wilkes,2
Wilson,413
Yadkin,236
Yancey,225
Adams,-53
Barnes,-75
Benson,-196
Billings,6
Bottineau,-87
Bowman,-45
Burke,12
Burleigh,-70
Cass,242
Cavalier,-55
Dickey,-66
Divide,-2
Dunn,46
Eddy,-18
Emmons,-21
Foster,-3
Golden Valley,-12
Grand Forks,-1358
Grant,-83
Griggs,12
Hettinger,-17
Kidder,17
LaMoure,-42
Logan,-32
McHenry,-67
McIntosh,-49
McKenzie,1226
McLean,-92
Mercer,-86
Morton,162
Mountrail,217
Nelson,22
Oliver,-1
Pembina,-80
Pierce,-82
Ramsey,-104
Ransom,18
Renville,-22
Richland,-116
Rolette,-213
Sargent,34
Sheridan,-33
Sioux,-154
Slope,-19
Stark,326
Steele,-17
Stutsman,-181
Towner,7
Traill,12
Walsh,2
Ward,-681
Wells,-69
Williams,1624
Adams,-16
Allen,-509
Ashland,-229
Ashtabula,-313
Athens,-177
Auglaize,-147
Belmont,-276
Brown,-110
Butler,157
Carroll,-134
Champaign,90
Clark,-332
Clermont,460
Clinton,-126
Columbiana,-383
Coshocton,-46
Crawford,54
Cuyahoga,-7122
Darke,-199
Defiance,-37
Delaware,3225
Erie,-106
Fairfield,1278
Fayette,-147
Franklin,628
Fulton,-199
Gallia,-8
Geauga,-412
Greene,1271
Guernsey,-98
Hamilton,-740
Hancock,-296
Hardin,-101
Harrison,-68
Henry,-137
Highland,64
Hocking,-49
Holmes,-417
Huron,-206
Jackson,42
Jefferson,-167
Knox,314
Lake,350
Lawrence,-119
Licking,943
Logan,292
Lorain,720
Lucas,-2005
Madison,295
Mahoning,60
Marion,-336
Medina,647
Meigs,-92
Mercer,-37
Miami,850
Monroe,-52
Montgomery,-440
Morgan,-47
Morrow,151
Muskingum,58
Noble,79
Ottawa,-44
Paulding,-86
Perry,46
Pickaway,366
Pike,-116
Portage,74
Preble,-107
Putnam,-51
Richland,251
Ross,-211
Sandusky,-199
Scioto,-31
Seneca,-42
Shelby,-205
Stark,-518
Summit,-428
Trumbull,-115
Tuscarawas,-137
Union,895
Van Wert,-21
Vinton,-47
Warren,2206
Washington,-66
Wayne,-377
Williams,-59
Wood,179
Wyandot,-113
Adair,-55
Alfalfa,-56
Atoka,-58
Beaver,-13
Beckham,83
Blaine,-36
Bryan,753
Caddo,-251
Canadian,3135
Carter,-116
Cherokee,31
Choctaw,-14
Cimarron,-40
Cleveland,2221
Coal,-23
Comanche,-313
Cotton,-141
Craig,-81
Creek,-121
Custer,-113
Delaware,378
Dewey,-33
Ellis,-73
Garfield,-283
Garvin,-10
Grady,352
Grant,12
Greer,-101
Harmon,-42
Harper,-25
Haskell,9
Hughes,-12
Jackson,-389
Jefferson,-82
Johnston,84
Kay,-365
Kingfisher,-84
Kiowa,-30
Latimer,-107
Le Flore,-150
Lincoln,67
Logan,640
Love,96
McClain,560
McCurtain,-149
McIntosh,-12
Major,-10
Marshall,173
Mayes,-34
Murray,146
Muskogee,-243
Noble,-143
Nowata,-193
Okfuskee,-62
Oklahoma,2837
Okmulgee,271
Osage,-52
Ottawa,-131
Pawnee,27
Payne,-618
Pittsburg,-108
Pontotoc,36
Pottawatomie,78
Pushmataha,-61
Roger Mills,-77
Rogers,558
Seminole,-213
Sequoyah,20
Stephens,47
Texas,-714
Tillman,-70
Tulsa,1277
Wagoner,1012
Washington,-172
Washita,-95
Woods,-97
Woodward,-126
Baker,149
Benton,499
Clackamas,2363
Clatsop,530
Columbia,114
Coos,553
Crook,585
Curry,308
Deschutes,5446
Douglas,1274
Gilliam,32
Grant,38
Harney,115
Hood River,36
Jackson,1611
Jefferson,474
Josephine,667
Klamath,618
Lake,80
Lane,3717
Lincoln,959
Linn,2087
Malheur,-117
Marion,892
Morrow,164
Multnomah,1501
Polk,948
Sherman,76
Tillamook,399
Umatilla,249
Union,137
Wallowa,160
Wasco,251
Washington,1671
Wheeler,-11
Yamhill,541
Adams,4
Allegheny,-151
Armstrong,-378
Beaver,-77
Bedford,-99
Berks,-177
Blair,-195
Bradford,-377
Bucks,919
Butler,489
Cambria,-745
Cameron,-20
Carbon,225
Centre,-266
Chester,1843
Clarion,-164
Clearfield,-102
Clinton,-33
Columbia,-31
Crawford,-425
Cumberland,1988
Dauphin,673
Delaware,521
Elk,-108
Erie,-1872
Fayette,-469
Forest,22
Franklin,359
Fulton,16
Greene,-361
Huntingdon,-72
Indiana,-231
Jefferson,-128
Juniata,23
Lackawanna,-94
Lancaster,-205
Lawrence,-387
Lebanon,384
Lehigh,41
Luzerne,285
Lycoming,-379
McKean,-184
Mercer,-671
Mifflin,-117
Monroe,1064
Montgomery,3282
Montour,1
Northampton,961
Northumberland,-26
Perry,88
Philadelphia,-4797
Pike,150
Potter,-44
Schuylkill,50
Snyder,-186
Somerset,-120
Sullivan,47
Susquehanna,-110
Tioga,-16
Union,-74
Venango,-305
Warren,-245
Washington,449
Wayne,207
Westmoreland,34
Wyoming,-231
York,491
Bristol,27
Kent,376
Newport,-340
Providence,476
Washington,-109
Abbeville,-14
Aiken,1412
Allendale,-217
Anderson,2200
Bamberg,-133
Barnwell,-203
Beaufort,3049
Berkeley,5576
Calhoun,45
Charleston,4024
Cherokee,205
Chester,9
Chesterfield,-155
Clarendon,112
Colleton,127
Darlington,-34
Dillon,-173
Dorchester,1528
Edgefield,239
Fairfield,70
Florence,-35
Georgetown,804
Greenville,7087
Greenwood,208
Hampton,-83
Horry,10608
Jasper,835
Kershaw,821
Lancaster,2978
Laurens,670
Lee,-362
Lexington,3770
McCormick,156
Marion,-296
Marlboro,-233
Newberry,57
Oconee,1493
Orangeburg,-631
Pickens,1699
Richland,157
Saluda,50
Spartanburg,4914
Sumter,49
Union,79
Williamsburg,-144
York,6440
Aurora,-50
Beadle,-72
Bennett,-131
Bon Homme,-15
Brookings,-241
Brown,-454
Brule,40
Buffalo,-64
Butte,142
Campbell,6
Charles Mix,-91
Clark,-25
Clay,37
Codington,-104
Corson,-125
Custer,183
Davison,-53
Day,-65
Deuel,-13
Dewey,-100
Douglas,-15
Edmunds,-31
Fall River,26
Faulk,-31
Grant,-63
Gregory,-1
Haakon,-11
Hamlin,31
Hand,-59
Hanson,60
Harding,35
Hughes,-225
Hutchinson,-29
Hyde,21
Jackson,2
Jerauld,-13
Jones,-28
Kingsbury,-1
Lake,-276
Lawrence,127
Lincoln,1710
Lyman,-62
McCook,-40
McPherson,-20
Marshall,-18
Meade,78
Mellette,16
Miner,7
Minnehaha,686
Moody,48
Oglala Lakota,-266
Pennington,1240
Perkins,-57
Potter,-47
Roberts,-35
Sanborn,-69
Spink,-121
Stanley,51
Sully,9
Todd,-176
Tripp,-81
Turner,-49
Union,291
Walworth,-54
Yankton,3
Ziebach,14
Anderson,834
Bedford,371
Benton,7
Bledsoe,218
Blount,1913
Bradley,937
Campbell,192
Cannon,213
Carroll,-112
Carter,262
Cheatham,118
Chester,32
Claiborne,205
Clay,-27
Cocke,282
Coffee,603
Crockett,-34
Cumberland,1107
Davidson,-748
Decatur,14
DeKalb,364
Dickson,397
Dyer,-113
Fayette,593
Fentress,274
Franklin,316
Gibson,39
Giles,90
Grainger,255
Greene,153
Grundy,97
Hamblen,253
Hamilton,3006
Hancock,83
Hardeman,-155
Hardin,80
Hawkins,295
Haywood,1
Henderson,140
Henry,192
Hickman,200
Houston,-19
Humphreys,55
Jackson,78
Jefferson,676
Johnson,98
Knox,3445
Lake,-360
Lauderdale,-382
Lawrence,326
Lewis,195
Lincoln,226
Loudon,1112
McMinn,526
McNairy,-31
Macon,251
Madison,177
Marion,341
Marshall,500
Maury,1797
Meigs,146
Monroe,367
Montgomery,1591
Moore,22
Morgan,-101
Obion,-116
Overton,256
Perry,28
Pickett,28
Polk,-17
Putnam,1512
Rhea,272
Roane,377
Robertson,429
Rutherford,5590
Scott,72
Sequatchie,137
Sevier,399
Shelby,-3609
Smith,187
Stewart,135
Sullivan,1202
Sumner,3316
Tipton,-29
Trousdale,234
Unicoi,169
Union,295
Van Buren,95
Warren,450
Washington,860
Wayne,111
Weakley,-34
White,335
Williamson,5409
Wilson,3226
Anderson,-72
Andrews,597
Angelina,-167
Aransas,236
Archer,-72
Armstrong,10
Atascosa,559
Austin,15
Bailey,-100
Bandera,373
Bastrop,1761
Baylor,-49
Bee,13
Bell,3860
Bexar,9832
Blanco,337
Borden,6
Bosque,123
Bowie,-514
Brazoria,3196
Brazos,1954
Brewster,-85
Briscoe,30
Brooks,-31
Brown,104
Burleson,115
Burnet,832
Caldwell,318
Calhoun,-259
Callahan,-16
Cameron,-2396
Camp,65
Carson,-68
Cass,24
Castro,-105
Chambers,1325
Cherokee,97
Childress,-26
Clay,70
Cochran,-9
Coke,44
Coleman,-157
Collin,24052
Collingsworth,-16
Colorado,178
Comal,7685
Comanche,138
Concho,48
Cooke,639
Coryell,778
Cottle,16
Crane,7
Crockett,17
Crosby,-26
Culberson,-36
Dallam,-141
Dallas,-15147
Dawson,70
Deaf Smith,-327
Delta,-5
Denton,22716
DeWitt,57
Dickens,-4
Dimmit,-110
Donley,-32
Duval,-9
Eastland,99
Ector,2562
Edwards,20
Ellis,4880
El Paso,-3651
Erath,329
Falls,47
Fannin,446
Fayette,123
Fisher,20
Floyd,-89
Foard,-31
Fort Bend,17847
Franklin,-32
Freestone,-66
Frio,1
Gaines,362
Galveston,3278
Garza,-32
Gillespie,409
Glasscock,11
Goliad,60
Gonzales,-16
Gray,-171
Grayson,2283
Gregg,379
Grimes,529
Guadalupe,2887
Hale,-354
Hall,-58
Hamilton,10
Hansford,-112
Hardeman,12
Hardin,431
Harris,-5560
Harrison,-53
Hartley,-72
Haskell,-16
Hays,5963
Hemphill,-48
Henderson,845
Hidalgo,-3056
Hill,506
Hockley,-55
Hood,1567
Hopkins,287
Houston,-8
Howard,649
Hudspeth,76
Hunt,1759
Hutchinson,-224
Irion,17
Jack,102
Jackson,-140
Jasper,-231
Jeff Davis,34
Jefferson,-2464
Jim Hogg,9
Jim Wells,-377
Johnson,4000
Jones,219
Karnes,-68
Kaufman,7120
Kendall,1816
Kenedy,-39
Kent,39
Kerr,403
Kimble,16
King,-8
Kinney,-22
Kleberg,-200
Knox,-2
Lamar,174
Lamb,-236
Lampasas,299
La Salle,-24
Lavaca,59
Lee,99
Leon,159
Liberty,2043
Limestone,120
Lipscomb,-113
Live Oak,38
Llano,379
Loving,20
Lubbock,1616
Lynn,76
McCulloch,25
McLennan,1197
McMullen,13
Madison,-111
Marion,9
Martin,57
Mason,22
Matagorda,-72
Maverick,-204
Medina,582
Menard,28
Midland,2452
Milam,-203
Mills,32
Mitchell,-15
Montague,288
Montgomery,14365
Moore,-386
Morris,99
Motley,-28
Nacogdoches,-123
Navarro,437
Newton,-94
Nolan,-100
Nueces,-1225
Ochiltree,-106
Oldham,-19
Orange,-150
Palo Pinto,306
Panola,68
Parker,4404
Parmer,-200
Pecos,24
Polk,1531
Potter,-1805
Presidio,-202
Rains,359
Randall,1540
Reagan,75
Real,-4
Red River,-59
Reeves,381
Refugio,-66
Roberts,-45
Robertson,-186
Rockwall,3935
Runnels,106
Rusk,104
Sabine,12
San Augustine,24
San Jacinto,159
San Patricio,-272
San Saba,9
Schleicher,-81
Scurry,-130
Shackelford,11
Shelby,-75
Sherman,-104
Smith,2212
Somervell,118
Starr,-397
Stephens,-50
Sterling,-7
Stonewall,3
Sutton,15
Swisher,-29
Tarrant,7402
Taylor,107
Terrell,-31
Terry,-69
Throckmorton,-5
Titus,-204
Tom Green,756
Travis,18260
Trinity,57
Tyler,145
Upshur,562
Upton,-4
Uvalde,-171
Val Verde,-344
Van Zandt,649
Victoria,-131
Walker,-168
Waller,1384
Ward,186
Washington,407
Webb,-1831
Wharton,-85
Wheeler,-93
Wichita,205
Wilbarger,-18
Willacy,-163
Williamson,20312
Wilson,757
Winkler,152
Wise,1544
Wood,625
Yoakum,24
Young,61
Zapata,-75
Zavala,-177
Beaver,33
Box Elder,706
Cache,254
Carbon,182
Daggett,-30
Davis,710
Duchesne,-230
Emery,-8
Garfield,37
Grand,41
Iron,1645
Juab,259
Kane,197
Millard,103
Morgan,71
Piute,41
Rich,7
Salt Lake,1988
San Juan,-108
Sanpete,251
Sevier,3
Summit,-2
Tooele,1598
Uintah,25
Utah,5214
Wasatch,713
Washington,5085
Wayne,34
Weber,2348
Addison,-52
Bennington,75
Caledonia,-238
Chittenden,-93
Essex,-63
Franklin,-31
Grand Isle,114
Lamoille,22
Orange,33
Orleans,213
Rutland,-234
Washington,329
Windham,-336
Windsor,-38
Accomack,-156
Albemarle,789
Alleghany,-8
Amelia,89
Amherst,1
Appomattox,33
Arlington,-1053
Augusta,252
Bath,-74
Bedford,308
Bland,17
Botetourt,202
Brunswick,-21
Buchanan,-241
Buckingham,136
Campbell,-152
Caroline,-79
Carroll,236
Charles City,4
Charlotte,-21
Chesterfield,3289
Clarke,129
Craig,51
Culpeper,618
Cumberland,110
Dickenson,-126
Dinwiddie,-3
Essex,66
Fairfax,-9068
Fauquier,465
Floyd,9
Fluvanna,296
Franklin,80
Frederick,946
Giles,-27
Gloucester,123
Goochland,566
Grayson,0
Greene,50
Greensville,-77
Halifax,-121
Hanover,829
Henrico,805
Henry,-147
Highland,-4
Isle of Wight,163
James City,553
King and Queen,15
King George,107
King William,167
Lancaster,52
Lee,-102
Loudoun,4605
Louisa,799
Lunenburg,25
Madison,13
Mathews,104
Mecklenburg,134
Middlesex,-91
Montgomery,-136
Nelson,81
New Kent,702
Northampton,18
Northumberland,21
Nottoway,-114
Orange,346
Page,-13
Patrick,33
Pittsylvania,-270
Powhatan,438
Prince Edward,-77
Prince George,295
Prince William,-265
Pulaski,112
Rappahannock,44
Richmond,87
Roanoke,469
Rockbridge,-51
Rockingham,606
Russell,-79
Scott,22
Shenandoah,177
Smyth,-149
Southampton,2
Spotsylvania,1743
Stafford,2109
Surry,-30
Sussex,-39
Tazewell,-249
Warren,96
Washington,-78
Westmoreland,239
Wise,-349
Wythe,87
York,238
Alexandria City,-1407
Bristol City,186
Buena Vista City,-32
Charlottesville City,-497
Chesapeake City,1552
Colonial Heights City,-205
Covington City,-33
Danville City,-389
Emporia City,6
Fairfax City,-175
Falls Church City,30
Franklin City,-167
Fredericksburg City,-363
Galax City,48
Hampton City,-194
Harrisonburg City,-775
Hopewell City,2
Lexington City,91
Lynchburg City,453
Manassas City,-503
Manassas Park City,-216
Martinsville City,-17
Newport News City,-383
Norfolk City,-2069
Norton City,17
Petersburg City,100
Poquoson City,110
Portsmouth City,-706
Radford City,102
Richmond City,231
Roanoke City,40
Salem City,41
Staunton City,378
Suffolk City,838
Virginia Beach City,-2071
Waynesboro City,-7
Williamsburg City,-50
Winchester City,36
Adams,-41
Asotin,11
Benton,1996
Chelan,286
Clallam,1206
Clark,4986
Columbia,-49
Cowlitz,1686
Douglas,464
Ferry,8
Franklin,104
Garfield,-14
Grant,296
Grays Harbor,1407
Island,759
Jefferson,688
King,13185
Kitsap,1544
Kittitas,457
Klickitat,289
Lewis,1152
Lincoln,226
Mason,1388
Okanogan,115
Pacific,555
Pend Oreille,181
Pierce,6992
San Juan,501
Skagit,1200
Skamania,158
Snohomish,4871
Spokane,8083
Stevens,554
Thurston,3713
Wahkiakum,87
Walla Walla,113
Whatcom,3490
Whitman,272
Yakima,-1340
Barbour,-7
Berkeley,1615
Boone,-423
Braxton,-68
Brooke,-84
Cabell,-1013
Calhoun,-71
Clay,-110
Doddridge,-81
Fayette,-306
Gilmer,-43
Grant,-59
Greenbrier,33
Hampshire,-126
Hancock,-71
Hardy,28
Harrison,-52
Jackson,-32
Jefferson,178
Kanawha,-1651
Lewis,-25
Lincoln,-68
Logan,-453
McDowell,-443
Marion,62
Marshall,-177
Mason,-129
Mercer,-211
Mineral,11
Mingo,-361
Monongalia,-377
Monroe,42
Morgan,121
Nicholas,-232
Ohio,-107
Pendleton,-14
Pleasants,-38
Pocahontas,-108
Preston,-63
Putnam,-98
Raleigh,-478
Randolph,-51
Ritchie,-119
Roane,-163
Summers,-40
Taylor,-62
Tucker,-28
Tyler,-115
Upshur,-133
Wayne,-354
Webster,-113
Wetzel,-91
Wirt,16
Wood,-453
Wyoming,-227
Adams,9
Ashland,-37
Barron,80
Bayfield,93
Brown,6
Buffalo,-86
Burnett,84
Calumet,-162
Chippewa,473
Clark,-186
Columbia,115
Crawford,-104
Dane,2350
Dodge,112
Door,231
Douglas,40
Dunn,171
Eau Claire,-103
Florence,22
Fond du Lac,253
Forest,33
Grant,-93
Green,41
Green Lake,78
Iowa,-100
Iron,58
Jackson,115
Jefferson,-422
Juneau,79
Kenosha,179
Kewaunee,36
La Crosse,-183
Lafayette,-61
Langlade,3
Lincoln,-54
Manitowoc,31
Marathon,-88
Marinette,63
Marquette,188
Menominee,-53
Milwaukee,-5942
Monroe,-11
Oconto,129
Oneida,294
Outagamie,152
Ozaukee,153
Pepin,-2
Pierce,74
Polk,259
Portage,-233
Price,19
Racine,-637
Richland,-123
Rock,81
Rusk,94
St. Croix,651
Sauk,5
Sawyer,148
Shawano,57
Sheboygan,-35
Taylor,-45
Trempealeau,-16
Vernon,-34
Vilas,393
Walworth,343
Washburn,-23
Washington,475
Waukesha,1451
Waupaca,76
Waushara,216
Winnebago,748
Wood,-25
Albany,6
Big Horn,-98
Campbell,-235
Carbon,-136
Converse,123
Crook,107
Fremont,-319
Goshen,-72
Hot Springs,-121
Johnson,23
Laramie,243
Lincoln,302
Natrona,464
Niobrara,-57
Park,-26
Platte,-87
Sheridan,303
Sublette,24
Sweetwater,-727
Teton,42
Uinta,-186
Washakie,-65
Weston,18
