County_Name,Numeric_change_in_resident_population
Autauga,336
Baldwin,5379
Barbour,-186
Bibb,27
Blount,55
Bullock,-73
Butler,-183
Calhoun,-726
Chambers,-346
Cherokee,182
Chilton,265
Choctaw,-244
Clarke,-296
Clay,-59
Cleburne,-100
Coffee,392
Colbert,237
Conecuh,-225
Coosa,20
Covington,96
Crenshaw,-53
Cullman,350
Dale,29
Dallas,-1098
DeKalb,106
Elmore,198
Escambia,109
Etowah,-343
Fayette,-143
Franklin,64
Geneva,-35
Greene,-98
Hale,-98
Henry,32
Houston,1112
Jackson,5
Jefferson,-856
Lamar,-77
Lauderdale,125
Lawrence,-17
Lee,886
Limestone,2738
Lowndes,-248
Macon,-253
Madison,5905
Marengo,-193
Marion,-41
Marshall,604
Mobile,-698
Monroe,-329
Montgomery,-18
Morgan,476
Perry,-147
Pickens,-50
Pike,-128
Randolph,-5
Russell,177
St. Clair,858
Shelby,2119
Sumter,-207
Talladega,-159
Tallapoosa,-168
Tuscaloosa,1036
Walker,-148
Washington,-76
Wilcox,-226
Winston,-64
Aleutians East,-58
Aleutians West,-6
Anchorage,-2521
Bethel,167
Bristol Bay,-44
Denali,65
Dillingham,-75
Fairbanks North Star,-1716
Haines,42
Hoonah-Angoon,-7
Juneau,-63
Kenai Peninsula,147
Ketchikan Gateway,45
Kodiak Island,-252
Kusilvak,-9
Lake and Peninsula,-4
Matanuska-Susitna,1202
Nome,-49
North Slope,-18
Northwest Arctic,-73
Petersburg,22
Prince of Wales-Hyder,-157
Sitka,-61
Skagway,14
Southeast Fairbanks,-44
Valdez-Cordova,41
Wrangell,-36
Yakutat,-17
Yukon-Koyukuk,-129
Apache,156
Cochise,-489
Coconino,953
Gila,217
Graham,842
Greenlee,50
La Paz,69
Maricopa,83011
Mohave,2889
Navajo,682
Pima,10725
Pinal,15983
Santa Cruz,103
Yavapai,3327
Yuma,2175
Arkansas,-240
Ashley,-355
Baxter,308
Benton,6875
Boone,47
Bradley,-75
Calhoun,-38
Carroll,283
Chicot,-324
Clark,7
Clay,-212
Cleburne,-75
Cleveland,-39
Columbia,-129
Conway,21
Craighead,1516
Crawford,-122
Crittenden,-408
Cross,-211
Dallas,-143
Desha,-146
Drew,-109
Faulkner,869
Franklin,-49
Fulton,169
Garland,420
Grant,85
Greene,-14
Hempstead,-153
Hot Spring,99
Howard,-100
Independence,57
Izard,47
Jackson,-34
Jefferson,-1243
Johnson,-81
Lafayette,-55
Lawrence,-26
Lee,-119
Lincoln,-160
Little River,-38
Logan,-207
Lonoke,-82
Madison,214
Marion,29
Miller,-105
Mississippi,-585
Monroe,-179
Montgomery,76
Nevada,-56
Newton,-47
Ouachita,-238
Perry,75
Phillips,-272
Pike,52
Poinsett,-375
Polk,-55
Pope,478
Prairie,-20
Pulaski,-7
Randolph,-12
St. Francis,-515
Saline,1363
Scott,-58
Searcy,-49
Sebastian,257
Sevier,-54
Sharp,152
Stone,52
Union,-457
Van Buren,-90
Washington,2576
White,372
Woodruff,-146
Yell,-121
Alameda,4573
Alpine,40
Amador,347
Butte,-11153
Calaveras,207
Colusa,129
Contra Costa,3007
Del Norte,72
El Dorado,2097
Fresno,7151
Glenn,426
Humboldt,-686
Imperial,-308
Inyo,93
Kern,6444
Kings,1558
Lake,69
Lassen,-45
Los Angeles,-34799
Madera,445
Marin,-836
Mariposa,-202
Mendocino,-652
Merced,3529
Modoc,41
Mono,41
Monterey,111
Napa,-1045
Nevada,247
Orange,-281
Placer,5999
Plumas,66
Riverside,24757
Sacramento,13312
San Benito,1341
San Bernardino,13332
San Diego,4469
San Francisco,853
San Joaquin,9657
San Luis Obispo,-243
San Mateo,-2108
Santa Barbara,719
Santa Clara,-4485
Santa Cruz,-628
Shasta,371
Sierra,8
Siskiyou,-11
Solano,1918
Sonoma,-4307
Stanislaus,2534
Sutter,623
Tehama,1066
Trinity,-282
Tulare,1606
Tuolumne,91
Ventura,-2136
Yolo,382
Yuba,1111
Adams,6067
Alamosa,-15
Arapahoe,4793
Archuleta,299
Baca,-3
Bent,-231
Boulder,1560
Broomfield,1141
Chaffee,315
Cheyenne,-28
Clear Creek,96
Conejos,24
Costilla,75
Crowley,104
Custer,134
Delta,278
Denver,10946
Dolores,-5
Douglas,8165
Eagle,184
Elbert,426
El Paso,8314
Fremont,-120
Garfield,360
Gilpin,131
Grand,223
Gunnison,295
Hinsdale,12
Huerfano,10
Jackson,-3
Jefferson,3489
Kiowa,27
Kit Carson,-62
Lake,281
La Plata,-78
Larimer,6239
Las Animas,-2
Lincoln,95
Logan,141
Mesa,1259
Mineral,-3
Moffat,100
Montezuma,31
Montrose,552
Morgan,299
Otero,-60
Ouray,130
Park,320
Phillips,-20
Pitkin,-209
Prowers,93
Pueblo,1002
Rio Blanco,-6
Rio Grande,-4
Routt,131
Saguache,-16
San Juan,-36
San Miguel,-1
Sedgwick,-28
Summit,194
Teller,275
Washington,20
Weld,9677
Yuma,72
Fairfield,-639
Hartford,-860
Litchfield,-762
Middlesex,-434
New Haven,-2214
New London,-1079
Tolland,32
Windham,-277
Kent,2246
New Castle,1203
Sussex,4836
Alachua,192
Baker,857
Bay,-11535
Bradford,449
Brevard,6739
Broward,6671
Calhoun,-438
Charlotte,4061
Citrus,1975
Clay,3344
Collier,6701
Columbia,1018
DeSoto,633
Dixie,141
Duval,9103
Escambia,3212
Flagler,2996
Franklin,449
Gadsden,-267
Gilchrist,298
Glades,125
Gulf,-2507
Hamilton,166
Hardee,-231
Hendry,686
Hernando,3338
Highlands,1288
Hillsborough,20049
Holmes,174
Indian River,2736
Jackson,-1698
Jefferson,-75
Lafayette,-269
Lake,10398
Lee,16107
Leon,1925
Levy,705
Liberty,-73
Madison,-47
Manatee,8866
Marion,6517
Martin,258
Miami-Dade,2086
Monroe,-529
Nassau,2689
Okaloosa,3804
Okeechobee,514
Orange,11912
Osceola,7295
Palm Beach,13894
Pasco,14857
Pinellas,1938
Polk,18180
Putnam,478
St. Johns,10858
St. Lucie,7872
Santa Rosa,5018
Sarasota,7413
Seminole,3704
Sumter,3701
Suwannee,238
Taylor,24
Union,-91
Volusia,7183
Wakulla,1326
Walton,3339
Washington,680
Appling,-140
Atkinson,-97
Bacon,32
Baker,-48
Baldwin,-3
Banks,262
Barrow,2406
Bartow,1360
Ben Hill,-122
Berrien,131
Bibb,256
Bleckley,52
Brantley,124
Brooks,-22
Bryan,1568
Bulloch,2366
Burke,-56
Butts,744
Calhoun,-164
Camden,1015
Candler,-24
Carroll,1995
Catoosa,200
Charlton,473
Chatham,264
Chattahoochee,307
Chattooga,7
Cherokee,4859
Clarke,1063
Clay,-50
Clayton,3059
Clinch,15
Cobb,4071
Coffee,218
Colquitt,145
Columbia,2637
Cook,99
Coweta,2511
Crawford,70
Crisp,-245
Dade,-111
Dawson,981
Decatur,-169
DeKalb,4391
Dodge,-188
Dooly,-319
Dougherty,-1244
Douglas,1319
Early,-96
Echols,6
Effingham,2068
Elbert,99
Emanuel,39
Evans,-48
Fannin,207
Fayette,1240
Floyd,534
Forsyth,7259
Franklin,315
Fulton,13806
Gilmer,534
Glascock,-6
Glynn,317
Gordon,335
Grady,-141
Greene,591
Gwinnett,8913
Habersham,-45
Hall,2903
Hancock,89
Haralson,231
Harris,676
Hart,134
Heard,52
Henry,4833
Houston,2340
Irwin,20
Jackson,2652
Jasper,190
Jeff Davis,67
Jefferson,-62
Jenkins,-89
Johnson,-63
Jones,55
Lamar,116
Lanier,68
Laurens,210
Lee,241
Liberty,829
Lincoln,-4
Long,468
Lowndes,1097
Lumpkin,711
McDuffie,-220
McIntosh,56
Macon,-213
Madison,238
Marion,-14
Meriwether,73
Miller,34
Mitchell,-272
Monroe,75
Montgomery,4
Morgan,445
Murray,153
Muscogee,1600
Newton,2323
Oconee,802
Oglethorpe,179
Paulding,4614
Peach,183
Pickens,577
Pierce,77
Pike,315
Polk,267
Pulaski,57
Putnam,299
Quitman,39
Rabun,280
Randolph,-34
Richmond,851
Rockdale,391
Schley,27
Screven,6
Seminole,-180
Spalding,596
Stephens,-82
Stewart,186
Sumter,-272
Talbot,-95
Taliaferro,-75
Tattnall,-199
Taylor,0
Telfair,-114
Terrell,-56
Thomas,117
Tift,102
Toombs,-72
Towns,171
Treutlen,88
Troup,-156
Turner,77
Twiggs,-54
Union,606
Upson,135
Walker,318
Walton,1391
Ware,147
Warren,7
Washington,-36
Wayne,117
Webster,1
Wheeler,-43
White,810
Whitfield,379
Wilcox,-192
Wilkes,-87
Wilkinson,-89
Worth,-55
Hawaii,4
Honolulu,-5295
Kalawao,0
Kauai,125
Maui,445
Ada,12823
Adams,60
Bannock,1134
Bear Lake,81
Benewah,80
Bingham,682
Blaine,250
Boise,176
Bonner,1034
Bonneville,2618
Boundary,229
Butte,10
Camas,-15
Canyon,6613
Caribou,118
Cassia,239
Clark,-6
Clearwater,-2
Custer,65
Elmore,149
Franklin,172
Fremont,-56
Gem,525
Gooding,63
Idaho,191
Jefferson,466
Jerome,346
Kootenai,4488
Latah,279
Lemhi,95
Lewis,6
Lincoln,-32
Madison,646
Minidoka,320
Nez Perce,152
Oneida,69
Owyhee,154
Payette,444
Power,-19
Shoshone,92
Teton,491
Twin Falls,849
Valley,371
Washington,79
Adams,-188
Alexander,-280
Bond,-211
Boone,64
Brown,15
Bureau,-331
Calhoun,-90
Carroll,-9
Cass,-165
Champaign,-229
Christian,-349
Clark,-159
Clay,-82
Clinton,-135
Coles,-208
Cook,-21727
Crawford,-163
Cumberland,-38
DeKalb,548
De Witt,-156
Douglas,7
DuPage,-4326
Edgar,-199
Edwards,8
Effingham,-173
Fayette,-32
Ford,-251
Franklin,-226
Fulton,-490
Gallatin,-217
Greene,-96
Grundy,81
Hamilton,-32
Hancock,-120
Hardin,-72
Henderson,-51
Henry,-156
Iroquois,-370
Jackson,-539
Jasper,-14
Jefferson,-24
Jersey,-22
Jo Daviess,-96
Johnson,-6
Kane,-317
Kankakee,-91
Kendall,1273
Knox,-279
Lake,-3052
LaSalle,-490
Lawrence,-135
Lee,-200
Livingston,-66
Logan,-294
McDonough,-302
McHenry,-477
McLean,-893
Macon,-495
Macoupin,-392
Madison,-1060
Marion,-176
Marshall,-45
Mason,-174
Massac,-251
Menard,-93
Mercer,-114
Monroe,264
Montgomery,-277
Morgan,-369
Moultrie,-147
Ogle,-138
Peoria,-1441
Perry,-228
Piatt,-22
Pike,-34
Pope,-7
Pulaski,-99
Putnam,3
Randolph,-395
Richland,-182
Rock Island,-742
St. Clair,-1674
Saline,-298
Sangamon,-967
Schuyler,-102
Scott,24
Shelby,-92
Stark,-76
Stephenson,-299
Tazewell,-647
Union,-179
Vermilion,-944
Wabash,-3
Warren,-148
Washington,-112
Wayne,-111
White,-81
Whiteside,-378
Will,-406
Williamson,-385
Winnebago,-1058
Woodford,-68
Adams,182
Allen,4220
Bartholomew,1057
Benton,95
Blackford,-166
Boone,913
Brown,-138
Carroll,69
Cass,-206
Clark,1022
Clay,50
Clinton,207
Crawford,-17
Daviess,73
Dearborn,-24
Decatur,-166
DeKalb,267
Delaware,-162
Dubois,62
Elkhart,724
Fayette,26
Floyd,688
Fountain,-44
Franklin,52
Fulton,-79
Gibson,49
Grant,-270
Greene,-137
Hamilton,7700
Hancock,1690
Harrison,301
Hendricks,3403
Henry,-159
Howard,287
Huntington,277
Jackson,163
Jasper,197
Jay,-291
Jefferson,151
Jennings,56
Johnson,2074
Knox,-2
Kosciusko,40
LaGrange,239
Lake,1053
LaPorte,-93
Lawrence,-260
Madison,-4
Marion,5882
Marshall,-38
Martin,36
Miami,-130
Monroe,1201
Montgomery,64
Morgan,352
Newton,-2
Noble,201
Ohio,-4
Orange,98
Owen,-63
Parke,-41
Perry,92
Pike,1
Porter,901
Posey,-127
Pulaski,-139
Putnam,90
Randolph,-141
Ripley,-126
Rush,-54
St. Joseph,854
Scott,89
Shelby,207
Spencer,-108
Starke,44
Steuben,107
Sullivan,-27
Switzerland,20
Tippecanoe,1915
Tipton,36
Union,25
Vanderburgh,331
Vermillion,-12
Vigo,-329
Wabash,-202
Warren,-15
Warrick,524
Washington,104
Wayne,-162
Wells,213
White,-31
Whitley,-83
Adair,78
Adams,-42
Allamakee,-165
Appanoose,25
Audubon,25
Benton,20
Black Hawk,-495
Boone,-78
Bremer,121
Buchanan,-3
Buena Vista,-206
Butler,-86
Calhoun,-43
Carroll,12
Cass,-112
Cedar,63
Cerro Gordo,-192
Cherokee,-60
Chickasaw,-19
Clarke,-107
Clay,-90
Clayton,9
Clinton,-8
Crawford,-269
Dallas,3500
Davis,28
Decatur,-20
Delaware,-70
Des Moines,-182
Dickinson,137
Dubuque,389
Emmet,-69
Fayette,-29
Floyd,-110
Franklin,-15
Fremont,-21
Greene,-77
Grundy,-40
Guthrie,-31
Hamilton,-113
Hancock,-80
Hardin,-91
Harrison,-56
Henry,-79
Howard,-14
Humboldt,-1
Ida,14
Iowa,29
Jackson,12
Jasper,-4
Jefferson,39
Johnson,591
Jones,8
Keokuk,33
Kossuth,-65
Lee,-252
Linn,943
Louisa,-118
Lucas,-17
Lyon,-60
Madison,132
Mahaska,77
Marion,-6
Marshall,-519
Mills,41
Mitchell,15
Monona,-44
Monroe,-61
Montgomery,-44
Muscatine,-210
O'Brien,-45
Osceola,-70
Page,-122
Palo Alto,-17
Plymouth,153
Pocahontas,-95
Polk,4328
Pottawattamie,-58
Poweshiek,37
Ringgold,-46
Sac,16
Scott,140
Shelby,-105
Sioux,53
Story,336
Tama,-15
Taylor,-39
Union,-57
Van Buren,31
Wapello,-22
Warren,452
Washington,-93
Wayne,36
Webster,-435
Winnebago,-185
Winneshiek,-26
Woodbury,592
Worth,-32
Wright,-128
Allen,-132
Anderson,10
Atchison,-100
Barber,-38
Barton,-278
Bourbon,-8
Brown,-46
Butler,78
Chase,48
Chautauqua,-54
Cherokee,-96
Cheyenne,12
Clark,0
Clay,-1
Cloud,52
Coffey,-53
Comanche,-36
Cowley,-241
Crawford,-93
Decatur,-33
Dickinson,-216
Doniphan,-58
Douglas,1150
Edwards,-22
Elk,46
Ellis,-93
Ellsworth,-61
Finney,-61
Ford,-258
Franklin,-81
Geary,-1107
Gove,25
Graham,7
Grant,-144
Gray,-88
Greeley,3
Greenwood,-29
Hamilton,-61
Harper,-72
Harvey,246
Haskell,-22
Hodgeman,-28
Jackson,-99
Jefferson,187
Jewell,34
Johnson,4274
Kearny,-103
Kingman,-68
Kiowa,-14
Labette,-288
Lane,-11
Leavenworth,261
Lincoln,-36
Linn,-68
Logan,-18
Lyon,-105
McPherson,14
Marion,-39
Marshall,-8
Meade,-65
Miami,500
Mitchell,-131
Montgomery,-262
Morris,63
Morton,-106
Nemaha,106
Neosho,-18
Ness,-46
Norton,-58
Osage,11
Osborne,-38
Ottawa,-48
Pawnee,-159
Phillips,-42
Pottawatomie,174
Pratt,-176
Rawlins,28
Reno,-333
Republic,-16
Rice,54
Riley,-480
Rooks,-75
Rush,-20
Russell,-46
Saline,-163
Scott,-86
Sedgwick,2558
Seward,-474
Shawnee,-415
Sheridan,-1
Sherman,0
Smith,-7
Stafford,-6
Stanton,-19
Stevens,-51
Sumner,-183
Thomas,67
Trego,6
Wabaunsee,19
Wallace,29
Washington,-44
Wichita,7
Wilson,-141
Woodson,-46
Wyandotte,108
Adair,3
Allen,193
Anderson,106
Ballard,-104
Barren,134
Bath,56
Bell,-455
Boone,1680
Bourbon,-328
Boyd,-574
Boyle,-22
Bracken,25
Breathitt,-157
Breckinridge,168
Bullitt,667
Butler,136
Caldwell,31
Calloway,37
Campbell,120
Carlisle,21
Carroll,-81
Carter,-243
Casey,233
Christian,-251
Clark,83
Clay,-187
Clinton,66
Crittenden,-90
Cumberland,-79
Daviess,628
Edmonson,-99
Elliott,18
Estill,-44
Fayette,726
Fleming,96
Floyd,-307
Franklin,190
Fulton,-97
Gallatin,103
Garrard,147
Grant,4
Graves,-53
Grayson,134
Green,-57
Greenup,-234
Hancock,-16
Hardin,679
Harlan,-299
Harrison,106
Hart,133
Henderson,-302
Henry,65
Hickman,-51
Hopkins,-338
Jackson,-74
Jefferson,-1344
Jessamine,358
Johnson,-203
Kenton,706
Knott,-270
Knox,-155
Larue,99
Laurel,153
Lawrence,-266
Lee,351
Leslie,-274
Letcher,-260
Lewis,7
Lincoln,-63
Livingston,-50
Logan,119
Lyon,39
McCracken,111
McCreary,-59
McLean,-51
Madison,880
Magoffin,-162
Marion,-53
Marshall,-102
Martin,-130
Mason,-10
Meade,-51
Menifee,52
Mercer,231
Metcalfe,1
Monroe,-82
Montgomery,48
Morgan,-63
Muhlenberg,-189
Nelson,420
Nicholas,74
Ohio,-70
Oldham,287
Owen,20
Owsley,-59
Pendleton,2
Perry,-450
Pike,-616
Powell,-12
Pulaski,395
Robertson,-22
Rockcastle,-128
Rowan,-43
Russell,133
Scott,1036
Shelby,965
Simpson,169
Spencer,330
Taylor,255
Todd,-12
Trigg,-7
Trimble,3
Union,-90
Warren,2146
Washington,72
Wayne,-97
Webster,-109
Whitley,163
Wolfe,-42
Woodford,243
Acadia,-169
Allen,60
Ascension,1746
Assumption,-388
Avoyelles,-258
Beauregard,128
Bienville,-102
Bossier,17
Caddo,-2629
Calcasieu,259
Caldwell,-46
Cameron,-40
Catahoula,-112
Claiborne,-225
Concordia,-327
De Soto,37
East Baton Rouge,-1999
East Carroll,-133
East Feliciana,-151
Evangeline,-101
Franklin,-149
Grant,-47
Iberia,-1075
Iberville,-182
Jackson,-168
Jefferson,-1391
Jefferson Davis,-169
Lafayette,1277
Lafourche,-367
La Salle,-9
Lincoln,-370
Livingston,1395
Madison,-245
Morehouse,-450
Natchitoches,-458
Orleans,-860
Ouachita,-1292
Plaquemines,-188
Pointe Coupee,-149
Rapides,-678
Red River,-84
Richland,-101
Sabine,-17
St. Bernard,464
St. Charles,325
St. Helena,-55
St. James,-55
St. John the Baptist,-282
St. Landry,-658
St. Martin,-131
St. Mary,-493
St. Tammany,2384
Tangipahoa,921
Tensas,-136
Terrebonne,-702
Union,-135
Vermilion,-375
Vernon,-672
Washington,-394
Webster,-452
West Baton Rouge,65
West Carroll,-147
West Feliciana,76
Winn,-234
Androscoggin,363
Aroostook,-263
Cumberland,1330
Franklin,284
Hancock,253
Kennebec,258
Knox,55
Lincoln,235
Oxford,221
Penobscot,331
Piscataquis,39
Sagadahoc,166
Somerset,-5
Waldo,58
Washington,58
York,1772
Allegany,-525
Anne Arundel,3711
Baltimore,-489
Calvert,460
Caroline,100
Carroll,180
Cecil,211
Charles,1781
Dorchester,-31
Frederick,4604
Garrett,-119
Harford,1559
Howard,3069
Kent,-12
Montgomery,2210
Prince George's,-292
Queen Anne's,233
St. Mary's,790
Somerset,10
Talbot,107
Washington,393
Wicomico,565
Worcester,316
Baltimore City,-8953
Barnstable,-481
Berkshire,-957
Bristol,1125
Dukes,3
Essex,851
Franklin,-431
Hampden,-2016
Hampshire,-309
Middlesex,3229
Nantucket,201
Norfolk,3545
Plymouth,2780
Suffolk,760
Worcester,1568
Alcona,45
Alger,-10
Allegan,908
Alpena,21
Antrim,1
Arenac,-125
Baraga,-115
Barry,319
Bay,-576
Benzie,5
Berrien,-389
Branch,-49
Calhoun,110
Cass,62
Charlevoix,-44
Cheboygan,-228
Chippewa,-112
Clare,215
Clinton,376
Crawford,124
Delta,-59
Dickinson,-132
Eaton,558
Emmet,190
Genesee,-875
Gladwin,123
Gogebic,-1141
Grand Traverse,558
Gratiot,109
Hillsdale,-97
Houghton,-259
Huron,-230
Ingham,794
Ionia,421
Iosco,24
Iron,-38
Isabella,-591
Jackson,-56
Kalamazoo,386
Kalkaska,232
Kent,3605
Keweenaw,26
Lake,-23
Lapeer,-314
Leelanau,47
Lenawee,310
Livingston,805
Luce,-98
Mackinac,18
Macomb,1177
Manistee,103
Marquette,318
Mason,60
Mecosta,53
Menominee,-147
Midland,-67
Missaukee,17
Monroe,326
Montcalm,-48
Montmorency,53
Muskegon,-33
Newaygo,141
Oakland,890
Oceana,-88
Ogemaw,115
Ontonagon,-81
Osceola,83
Oscoda,17
Otsego,27
Ottawa,2022
Presque Isle,-106
Roscommon,207
Saginaw,-252
St. Clair,97
St. Joseph,52
Sanilac,-22
Schoolcraft,50
Shiawassee,-11
Tuscola,-388
Van Buren,196
Washtenaw,-1882
Wayne,-5110
Wexford,185
Aitkin,-1
Anoka,3480
Becker,34
Beltrami,453
Benton,379
Big Stone,1
Blue Earth,275
Brown,-117
Carlton,49
Carver,1556
Cass,268
Chippewa,-101
Chisago,607
Clay,205
Clearwater,3
Cook,38
Cottonwood,-63
Crow Wing,261
Dakota,3981
Dodge,167
Douglas,181
Faribault,-83
Fillmore,23
Freeborn,-199
Goodhue,41
Grant,-17
Hennepin,7918
Houston,28
Hubbard,200
Isanti,646
Itasca,79
Jackson,-49
Kanabec,91
Kandiyohi,289
Kittson,30
Koochiching,-202
Lac qui Parle,-41
Lake,31
Lake of the Woods,3
Le Sueur,299
Lincoln,-29
Lyon,-109
McLeod,66
Mahnomen,30
Marshall,-47
Martin,-89
Meeker,77
Mille Lacs,177
Morrison,228
Mower,-80
Murray,-60
Nicollet,75
Nobles,-115
Norman,-104
Olmsted,1935
Otter Tail,76
Pennington,-54
Pine,111
Pipestone,-1
Polk,-47
Pope,154
Ramsey,1449
Red Lake,63
Redwood,-82
Renville,-61
Rice,406
Rock,-86
Roseau,7
St. Louis,-615
Scott,1822
Sherburne,1281
Sibley,-132
Stearns,1419
Steele,-89
Stevens,53
Swift,-57
Todd,94
Traverse,-32
Wabasha,-18
Wadena,-41
Waseca,-52
Washington,3541
Watonwan,-110
Wilkin,-37
Winona,-251
Wright,2064
Yellow Medicine,-90
Adams,-351
Alcorn,143
Amite,-30
Attala,-154
Benton,16
Bolivar,-487
Calhoun,-71
Carroll,27
Chickasaw,3
Choctaw,-55
Claiborne,-84
Clarke,-44
Clay,-88
Coahoma,-481
Copiah,-335
Covington,-189
DeSoto,3013
Forrest,-15
Franklin,-45
George,390
Greene,-410
Grenada,-226
Hancock,354
Harrison,1796
Hinds,-3984
Holmes,-434
Humphreys,-192
Issaquena,20
Itawamba,-71
Jackson,490
Jasper,-42
Jefferson,-103
Jefferson Davis,-87
Jones,-98
Kemper,9
Lafayette,477
Lamar,706
Lauderdale,-1113
Lawrence,138
Leake,-5
Lee,160
Leflore,-433
Lincoln,-57
Lowndes,-165
Madison,624
Marion,-179
Marshall,-142
Monroe,-291
Montgomery,-219
Neshoba,-33
Newton,-337
Noxubee,-133
Oktibbeha,338
Panola,36
Pearl River,212
Perry,55
Pike,-92
Pontotoc,293
Prentiss,38
Quitman,-263
Rankin,1021
Scott,-195
Sharkey,-54
Simpson,-59
Smith,-113
Stone,339
Sunflower,-1101
Tallahatchie,-152
Tate,-26
Tippah,-24
Tishomingo,0
Tunica,-290
Union,200
Walthall,-150
Warren,-712
Washington,-1127
Wayne,-113
Webster,-99
Wilkinson,-151
Winston,-209
Yalobusha,-253
Yazoo,597
Adair,-133
Andrew,50
Atchison,-40
Audrain,-35
Barry,77
Barton,-36
Bates,-132
Benton,146
Bollinger,-56
Boone,1402
Buchanan,-799
Butler,-109
Caldwell,-51
Callaway,-211
Camden,392
Cape Girardeau,233
Carroll,-47
Carter,-101
Cass,1011
Cedar,213
Chariton,-31
Christian,1551
Clark,-36
Clay,3588
Clinton,-48
Cole,25
Cooper,83
Crawford,-48
Dade,-3
Dallas,96
Daviess,-56
DeKalb,32
Dent,26
Douglas,-174
Dunklin,-347
Franklin,251
Gasconade,26
Gentry,-27
Greene,2032
Grundy,-125
Harrison,-42
Henry,16
Hickory,86
Holt,-9
Howard,-58
Howell,-9
Iron,-62
Jackson,2227
Jasper,873
Jefferson,671
Johnson,441
Knox,-6
Laclede,127
Lafayette,166
Lawrence,91
Lewis,-63
Lincoln,1400
Linn,-119
Livingston,46
McDonald,-126
Macon,-50
Madison,-100
Maries,-73
Marion,-10
Mercer,-9
Miller,304
Mississippi,-214
Moniteau,-54
Monroe,8
Montgomery,63
Morgan,213
New Madrid,-196
Newton,78
Nodaway,-131
Oregon,-29
Osage,-37
Ozark,104
Pemiscot,-451
Perry,-138
Pettis,-102
Phelps,22
Pike,-200
Platte,1654
Polk,-65
Pulaski,610
Putnam,-52
Ralls,75
Randolph,16
Ray,73
Reynolds,-12
Ripley,-132
St. Charles,3242
St. Clair,8
Ste. Genevieve,17
St. Francois,478
St. Louis,-1014
Saline,-129
Schuyler,66
Scotland,-36
Scott,-261
Shannon,-23
Shelby,-67
Stoddard,-239
Stone,251
Sullivan,-144
Taney,209
Texas,-108
Vernon,71
Warren,883
Washington,-203
Wayne,-259
Webster,413
Worth,-13
Wright,102
St. Louis City,-2843
Beaverhead,41
Big Horn,-46
Blaine,-93
Broadwater,165
Carbon,34
Carter,22
Cascade,-322
Chouteau,-105
Custer,-190
Daniels,-39
Dawson,-67
Deer Lodge,11
Fallon,-66
Fergus,-67
Flathead,1789
Gallatin,2752
Garfield,1
Glacier,-75
Golden Valley,-1
Granite,8
Hill,142
Jefferson,127
Judith Basin,61
Lake,238
Lewis and Clark,810
Liberty,-79
Lincoln,183
McCone,-5
Madison,70
Meagher,5
Mineral,90
Missoula,960
Musselshell,1
Park,-42
Petroleum,-25
Phillips,-106
Pondera,-49
Powder River,-38
Powell,-63
Prairie,7
Ravalli,640
Richland,-52
Roosevelt,-65
Rosebud,-103
Sanders,266
Sheridan,-77
Silver Bow,176
Stillwater,159
Sweet Grass,34
Teton,30
Toole,-99
Treasure,23
Valley,-10
Wheatland,-58
Wibaux,-61
Yellowstone,1271
Adams,-151
Antelope,-10
Arthur,1
Banner,20
Blaine,-15
Boone,-49
Box Butte,50
Boyd,-31
Brown,-12
Buffalo,307
Burt,-27
Butler,-27
Cass,59
Cedar,-51
Chase,-13
Cherry,-74
Cheyenne,-372
Clay,1
Colfax,-25
Cuming,-89
Custer,-53
Dakota,24
Dawes,-116
Dawson,-149
Deuel,-27
Dixon,-64
Dodge,-160
Douglas,4936
Dundy,-71
Fillmore,-73
Franklin,-34
Frontier,27
Furnas,-25
Gage,18
Garden,-53
Garfield,-5
Gosper,-6
Grant,-34
Greeley,1
Hall,67
Hamilton,64
Harlan,-6
Hayes,5
Hitchcock,-39
Holt,-81
Hooker,6
Howard,-12
Jefferson,-52
Johnson,-44
Kearney,-44
Keith,31
Keya Paha,0
Kimball,54
Knox,-73
Lancaster,2563
Lincoln,-234
Logan,-7
Loup,47
McPherson,4
Madison,-90
Merrick,22
Morrill,-32
Nance,13
Nemaha,15
Nuckolls,-59
Otoe,29
Pawnee,-10
Perkins,-11
Phelps,28
Pierce,3
Platte,183
Polk,-27
Red Willow,19
Richardson,-73
Rock,6
Saline,-112
Sarpy,3134
Saunders,304
Scotts Bluff,-307
Seward,11
Sheridan,57
Sherman,-43
Sioux,-20
Stanton,-50
Thayer,-36
Thomas,8
Thurston,-50
Valley,-39
Washington,112
Wayne,67
Webster,-47
Wheeler,-19
York,-69
Churchill,403
Clark,40600
Douglas,416
Elko,239
Esmeralda,46
Eureka,31
Humboldt,53
Lander,-15
Lincoln,-54
Lyon,1697
Mineral,-39
Nye,1337
Pershing,40
Storey,142
Washoe,7165
White Pine,40
Carson City,714
Belknap,158
Carroll,156
Cheshire,184
Coos,77
Grafton,185
Hillsborough,2395
Merrimack,741
Rockingham,1482
Strafford,836
Sullivan,32
Atlantic,-319
Bergen,-614
Burlington,604
Camden,118
Cape May,-407
Cumberland,-1108
Essex,405
Gloucester,111
Hudson,460
Hunterdon,-436
Mercer,-758
Middlesex,-1110
Monmouth,-1664
Morris,-1225
Ocean,5708
Passaic,-1357
Salem,-361
Somerset,-1247
Sussex,-313
Union,-61
Warren,-261
Bernalillo,1087
Catron,-27
Chaves,61
Cibola,-91
Colfax,-130
Curry,-384
De Baca,-31
Dona Ana,917
Eddy,731
Grant,-305
Guadalupe,-34
Harding,-25
Hidalgo,-33
Lea,1527
Lincoln,54
Los Alamos,381
Luna,-168
McKinley,-544
Mora,34
Otero,831
Quay,11
Rio Arriba,-102
Roosevelt,-259
Sandoval,1652
San Juan,-1541
San Miguel,-203
Santa Fe,597
Sierra,-158
Socorro,-67
Taos,24
Torrance,-51
Union,-49
Valencia,383
Albany,-1079
Allegany,-241
Bronx,-13880
Broome,-1437
Cattaraugus,-609
Cayuga,-545
Chautauqua,-569
Chemung,-479
Chenango,-238
Clinton,-194
Columbia,-324
Cortland,-141
Delaware,-391
Dutchess,279
Erie,-1015
Essex,-403
Franklin,-257
Fulton,-250
Genesee,-207
Greene,-193
Hamilton,-16
Herkimer,-394
Jefferson,-2032
Kings,-18171
Lewis,-190
Livingston,-299
Madison,-176
Monroe,-1094
Montgomery,-173
Nassau,-610
New York,-349
Niagara,-779
Oneida,-803
Onondaga,-1121
Ontario,39
Orange,2814
Orleans,-303
Oswego,-391
Otsego,-317
Putnam,-494
Queens,-20747
Rensselaer,-569
Richmond,-117
Rockland,267
St. Lawrence,-587
Saratoga,-307
Schenectady,220
Schoharie,-147
Schuyler,-77
Seneca,-163
Steuben,-481
Suffolk,-4229
Sullivan,33
Tioga,-238
Tompkins,-239
Ulster,-845
Warren,-271
Washington,-70
Wayne,-282
Westchester,-707
Wyoming,-164
Yates,-38
Alamance,2995
Alexander,166
Alleghany,-1
Anson,-24
Ashe,104
Avery,29
Beaufort,-62
Bertie,-159
Bladen,-429
Brunswick,5940
Buncombe,1932
Burke,80
Cabarrus,4856
Caldwell,152
Camden,191
Carteret,35
Caswell,-30
Catawba,864
Chatham,1343
Cherokee,243
Chowan,-122
Clay,107
Cleveland,428
Columbus,-311
Craven,-199
Cumberland,2079
Currituck,747
Dare,402
Davidson,1251
Davie,283
Duplin,-250
Durham,4509
Edgecombe,-512
Forsyth,3079
Franklin,2060
Gaston,1899
Gates,-1
Graham,-20
Granville,464
Greene,-37
Guilford,4567
Halifax,-624
Harnett,1640
Haywood,427
Henderson,917
Hertford,-201
Hoke,539
Hyde,-89
Iredell,3474
Jackson,338
Johnston,6647
Jones,-194
Lee,571
Lenoir,-41
Lincoln,2019
McDowell,291
Macon,584
Madison,90
Martin,-220
Mecklenburg,16606
Mitchell,-32
Montgomery,96
Moore,2075
Nash,204
New Hanover,2217
Northampton,-215
Onslow,1023
Orange,496
Pamlico,93
Pasquotank,241
Pender,1043
Perquimans,82
Person,54
Pitt,1167
Polk,56
Randolph,418
Richmond,-59
Robeson,-1259
Rockingham,393
Rowan,960
Rutherford,254
Sampson,186
Scotland,72
Stanly,626
Stokes,80
Surry,-176
Swain,22
Transylvania,212
Tyrrell,-99
Union,4029
Vance,-100
Wake,20488
Warren,-88
Washington,-189
Watauga,143
Wayne,-106
Wilkes,-151
Wilson,409
Yadkin,186
Yancey,196
Adams,-60
Barnes,-112
Benson,-126
Billings,10
Bottineau,-116
Bowman,-43
Burke,21
Burleigh,350
Cass,1629
Cavalier,-49
Dickey,-59
Divide,0
Dunn,96
Eddy,-22
Emmons,-37
Foster,3
Golden Valley,-2
Grand Forks,-904
Grant,-80
Griggs,3
Hettinger,-4
Kidder,27
LaMoure,-29
Logan,-37
McHenry,-63
McIntosh,-69
McKenzie,1430
McLean,-79
Mercer,-79
Morton,306
Mountrail,306
Nelson,-6
Oliver,14
Pembina,-94
Pierce,-95
Ramsey,-61
Ransom,-6
Renville,-31
Richland,-52
Rolette,-173
Sargent,47
Sheridan,-27
Sioux,-147
Slope,-11
Stark,596
Steele,-2
Stutsman,-171
Towner,4
Traill,16
Walsh,-4
Ward,-72
Wells,-74
Williams,2120
Adams,4
Allen,-374
Ashland,-222
Ashtabula,-346
Athens,-192
Auglaize,-80
Belmont,-527
Brown,-138
Butler,1134
Carroll,-168
Champaign,100
Clark,-445
Clermont,902
Clinton,-117
Columbiana,-590
Coshocton,4
Crawford,10
Cuyahoga,-6646
Darke,-186
Defiance,-2
Delaware,4086
Erie,-247
Fairfield,1592
Fayette,-128
Franklin,9058
Fulton,-141
Gallia,-47
Geauga,-296
Greene,1491
Guernsey,-136
Hamilton,2028
Hancock,-137
Hardin,-53
Harrison,-127
Henry,-85
Highland,109
Hocking,-93
Holmes,41
Huron,-98
Jackson,47
Jefferson,-449
Knox,422
Lake,47
Lawrence,-304
Licking,1196
Logan,340
Lorain,781
Lucas,-1264
Madison,342
Mahoning,-533
Marion,-334
Medina,768
Meigs,-157
Mercer,220
Miami,945
Monroe,-133
Montgomery,87
Morgan,-73
Morrow,215
Muskingum,84
Noble,77
Ottawa,-244
Paulding,-70
Perry,95
Pickaway,380
Pike,-160
Portage,-36
Preble,-129
Putnam,59
Richland,167
Ross,-218
Sandusky,-222
Scioto,-166
Seneca,-16
Shelby,-32
Stark,-642
Summit,-340
Trumbull,-565
Tuscarawas,-92
Union,1206
Van Wert,22
Vinton,-60
Warren,2657
Washington,-200
Wayne,-80
Williams,-47
Wood,376
Wyandot,-146
Adair,-30
Alfalfa,-63
Atoka,-37
Beaver,-7
Beckham,139
Blaine,-25
Bryan,804
Caddo,-266
Canadian,3880
Carter,-102
Cherokee,50
Choctaw,-26
Cimarron,-28
Cleveland,2848
Coal,-25
Comanche,221
Cotton,-154
Craig,-158
Creek,-208
Custer,8
Delaware,195
Dewey,-40
Ellis,-80
Garfield,-39
Garvin,-35
Grady,386
Grant,12
Greer,-102
Harmon,-38
Harper,-39
Haskell,-9
Hughes,-26
Jackson,-245
Jefferson,-104
Johnston,65
Kay,-406
Kingfisher,-49
Kiowa,-24
Latimer,-102
Le Flore,-240
Lincoln,40
Logan,763
Love,97
McClain,587
McCurtain,-135
McIntosh,-149
Major,2
Marshall,204
Mayes,-110
Murray,105
Muskogee,-327
Noble,-148
Nowata,-202
Okfuskee,-88
Oklahoma,6841
Okmulgee,144
Osage,-158
Ottawa,-192
Pawnee,20
Payne,-388
Pittsburg,-216
Pontotoc,12
Pottawatomie,79
Pushmataha,-96
Roger Mills,-63
Rogers,658
Seminole,-262
Sequoyah,-16
Stephens,-36
Texas,-508
Tillman,-73
Tulsa,3869
Wagoner,1166
Washington,-264
Washita,-120
Woods,-100
Woodward,-101
Baker,90
Benton,611
Clackamas,2771
Clatsop,513
Columbia,109
Coos,215
Crook,579
Curry,130
Deschutes,5787
Douglas,866
Gilliam,19
Grant,14
Harney,101
Hood River,115
Jackson,1533
Jefferson,508
Josephine,337
Klamath,551
Lake,34
Lane,3518
Lincoln,738
Linn,2298
Malheur,18
Marion,2406
Morrow,243
Multnomah,3783
Polk,1093
Sherman,80
Tillamook,326
Umatilla,529
Union,134
Wallowa,150
Wasco,250
Washington,4688
Wheeler,-19
Yamhill,733
Adams,-53
Allegheny,-1236
Armstrong,-617
Beaver,-653
Bedford,-206
Berks,635
Blair,-674
Bradford,-471
Bucks,458
Butler,215
Cambria,-1257
Cameron,-54
Carbon,7
Centre,-216
Chester,2903
Clarion,-234
Clearfield,-317
Clinton,-64
Columbia,-251
Crawford,-481
Cumberland,2239
Dauphin,1435
Delaware,1516
Elk,-200
Erie,-1816
Fayette,-1049
Forest,-37
Franklin,448
Fulton,5
Greene,-428
Huntingdon,-251
Indiana,-368
Jefferson,-189
Juniata,45
Lackawanna,-595
Lancaster,1755
Lawrence,-616
Lebanon,454
Lehigh,959
Luzerne,-442
Lycoming,-567
McKean,-325
Mercer,-1047
Mifflin,-73
Monroe,977
Montgomery,3991
Montour,-10
Northampton,721
Northumberland,-237
Perry,118
Philadelphia,472
Pike,29
Potter,-97
Schuylkill,-456
Snyder,-146
Somerset,-425
Sullivan,-10
Susquehanna,-232
Tioga,-99
Union,-94
Venango,-533
Warren,-360
Washington,-153
Wayne,-34
Westmoreland,-1560
Wyoming,-293
York,1211
Bristol,-158
Kent,239
Newport,-465
Providence,1978
Washington,-520
Abbeville,-60
Aiken,1423
Allendale,-236
Anderson,2266
Bamberg,-206
Barnwell,-255
Beaufort,3246
Berkeley,6725
Calhoun,-10
Charleston,5184
Cherokee,231
Chester,-60
Chesterfield,-231
Clarendon,3
Colleton,1
Darlington,-141
Dillon,-133
Dorchester,2091
Edgefield,128
Fairfield,-29
Florence,16
Georgetown,448
Greenville,8921
Greenwood,214
Hampton,-126
Horry,9976
Jasper,926
Kershaw,749
Lancaster,2977
Laurens,603
Lee,-466
Lexington,4400
McCormick,55
Marion,-399
Marlboro,-274
Newberry,-3
Oconee,1239
Orangeburg,-838
Pickens,1659
Richland,1557
Saluda,76
Spartanburg,5648
Sumter,312
Union,-8
Williamsburg,-238
York,7197
Aurora,-34
Beadle,30
Bennett,-108
Bon Homme,-9
Brookings,0
Brown,-306
Brule,67
Buffalo,-65
Butte,176
Campbell,10
Charles Mix,-39
Clark,10
Clay,87
Codington,-24
Corson,-92
Custer,160
Davison,-9
Day,-83
Deuel,-1
Dewey,-33
Douglas,-5
Edmunds,-37
Fall River,-27
Faulk,-16
Grant,-51
Gregory,-4
Haakon,-3
Hamlin,94
Hand,-49
Hanson,89
Harding,46
Hughes,-157
Hutchinson,-15
Hyde,30
Jackson,66
Jerauld,-13
Jones,-25
Kingsbury,13
Lake,-258
Lawrence,117
Lincoln,2333
Lyman,-23
McCook,-15
McPherson,-22
Marshall,14
Meade,128
Mellette,27
Miner,12
Minnehaha,2142
Moody,74
Oglala Lakota,-154
Pennington,1825
Perkins,-43
Potter,-53
Roberts,18
Sanborn,-52
Spink,-108
Stanley,81
Sully,14
Todd,-68
Tripp,-50
Turner,-38
Union,362
Walworth,-42
Yankton,55
Ziebach,12
Anderson,691
Bedford,567
Benton,-86
Bledsoe,181
Blount,1757
Bradley,1060
Campbell,47
Cannon,238
Carroll,-208
Carter,-26
Cheatham,165
Chester,52
Claiborne,109
Clay,-62
Cocke,146
Coffee,643
Crockett,-66
Cumberland,782
Davidson,3628
Decatur,-36
DeKalb,357
Dickson,502
Dyer,-127
Fayette,577
Fentress,201
Franklin,273
Gibson,-38
Giles,18
Grainger,183
Greene,-95
Grundy,79
Hamblen,305
Hamilton,3511
Hancock,59
Hardeman,-226
Hardin,-41
Hawkins,73
Haywood,-43
Henderson,134
Henry,9
Hickman,171
Houston,-33
Humphreys,31
Jackson,9
Jefferson,483
Johnson,14
Knox,4055
Lake,-391
Lauderdale,-364
Lawrence,371
Lewis,194
Lincoln,177
Loudon,986
McMinn,458
McNairy,-136
Macon,313
Madison,381
Marion,309
Marshall,569
Maury,2114
Meigs,125
Monroe,276
Montgomery,3681
Moore,31
Morgan,-131
Obion,-205
Overton,173
Perry,26
Pickett,-5
Polk,-86
Putnam,1614
Rhea,256
Roane,124
Robertson,634
Rutherford,7638
Scott,40
Sequatchie,135
Sevier,355
Shelby,801
Smith,178
Stewart,96
Sullivan,749
Sumner,3793
Tipton,23
Trousdale,251
Unicoi,61
Union,283
Van Buren,109
Warren,451
Washington,714
Wayne,38
Weakley,-85
White,259
Williamson,6434
Wilson,3703
Anderson,-239
Andrews,694
Angelina,-95
Aransas,64
Archer,-147
Armstrong,8
Atascosa,831
Austin,67
Bailey,-15
Bandera,320
Bastrop,2128
Baylor,-64
Bee,98
Bell,7527
Bexar,22367
Blanco,283
Borden,7
Bosque,56
Bowie,-443
Brazoria,5377
Brazos,3430
Brewster,-69
Briscoe,34
Brooks,-6
Brown,44
Burleson,108
Burnet,811
Caldwell,503
Calhoun,-214
Callahan,-47
Cameron,1024
Camp,111
Carson,-81
Cass,-80
Castro,-58
Chambers,1610
Cherokee,265
Childress,-9
Clay,23
Cochran,22
Coke,32
Coleman,-192
Collin,30423
Collingsworth,-22
Colorado,188
Comal,8068
Comanche,95
Concho,43
Cooke,753
Coryell,1210
Cottle,16
Crane,42
Crockett,25
Crosby,-27
Culberson,-23
Dallam,-16
Dallas,6166
Dawson,123
Deaf Smith,-165
Delta,-1
Denton,28466
DeWitt,54
Dickens,-7
Dimmit,-71
Donley,-37
Duval,10
Eastland,41
Ector,4263
Edwards,24
Ellis,5820
El Paso,2413
Erath,475
Falls,66
Fannin,329
Fayette,68
Fisher,9
Floyd,-71
Foard,-36
Fort Bend,23607
Franklin,-53
Freestone,-72
Frio,95
Gaines,672
Galveston,4281
Garza,-14
Gillespie,286
Glasscock,18
Goliad,70
Gonzales,56
Gray,-165
Grayson,2425
Gregg,694
Grimes,589
Guadalupe,3571
Hale,-225
Hall,-61
Hamilton,-16
Hansford,-71
Hardeman,4
Hardin,495
Harris,33280
Harrison,-31
Hartley,-35
Haskell,-41
Hays,7485
Hemphill,-26
Henderson,634
Hidalgo,6409
Hill,484
Hockley,50
Hood,1466
Hopkins,346
Houston,-100
Howard,739
Hudspeth,98
Hunt,1988
Hutchinson,-181
Irion,20
Jack,110
Jackson,-74
Jasper,-240
Jeff Davis,31
Jefferson,-1669
Jim Hogg,8
Jim Wells,-274
Johnson,4696
Jones,217
Karnes,-59
Kaufman,7875
Kendall,1828
Kenedy,-33
Kent,36
Kerr,185
Kimble,-1
King,-4
Kinney,-25
Kleberg,-42
Knox,2
Lamar,130
Lamb,-210
Lampasas,294
La Salle,27
Lavaca,40
Lee,142
Leon,144
Liberty,2417
Limestone,94
Lipscomb,-109
Live Oak,59
Llano,195
Loving,21
Lubbock,2942
Lynn,103
McCulloch,2
McLennan,2427
McMullen,12
Madison,-79
Marion,-61
Martin,90
Mason,15
Matagorda,77
Maverick,446
Medina,722
Menard,18
Midland,4327
Milam,-222
Mills,-10
Mitchell,20
Montague,234
Montgomery,17621
Moore,-143
Morris,85
Motley,-32
Nacogdoches,43
Navarro,577
Newton,-156
Nolan,-85
Nueces,268
Ochiltree,-30
Oldham,-6
Orange,-78
Palo Pinto,315
Panola,52
Parker,4808
Parmer,-114
Pecos,114
Polk,1398
Potter,-1296
Presidio,-152
Rains,367
Randall,2022
Reagan,113
Real,-25
Red River,-120
Reeves,463
Refugio,-52
Roberts,-44
Robertson,-145
Rockwall,4369
Runnels,86
Rusk,105
Sabine,-34
San Augustine,-17
San Jacinto,142
San Patricio,59
San Saba,-5
Schleicher,-87
Scurry,-109
Shackelford,9
Shelby,-33
Sherman,-79
Smith,3002
Somervell,98
Starr,384
Stephens,-39
Sterling,-13
Stonewall,-2
Sutton,24
Swisher,-16
Tarrant,21069
Taylor,740
Terrell,-34
Terry,-7
Throckmorton,-3
Titus,7
Tom Green,1186
Travis,27382
Trinity,-37
Tyler,63
Upshur,574
Upton,20
Uvalde,-46
Val Verde,37
Van Zandt,624
Victoria,206
Walker,-165
Waller,1734
Ward,289
Washington,386
Webb,1532
Wharton,57
Wheeler,-102
Wichita,423
Wilbarger,-8
Willacy,-92
Williamson,24088
Wilson,874
Winkler,232
Wise,1700
Wood,382
Yoakum,123
Young,24
Zapata,30
Zavala,-129
Beaver,85
Box Elder,1140
Cache,1889
Carbon,230
Daggett,-24
Davis,4380
Duchesne,-5
Emery,9
Garfield,49
Grand,68
Iron,2161
Juab,388
Kane,209
Millard,201
Morgan,168
Piute,41
Rich,27
Salt Lake,11745
San Juan,-50
Sanpete,436
Sevier,123
Summit,255
Tooele,2270
Uintah,329
Utah,14715
Wasatch,1024
Washington,5989
Wayne,40
Weber,4516
Addison,-96
Bennington,-50
Caledonia,-243
Chittenden,203
Essex,-71
Franklin,144
Grand Isle,125
Lamoille,67
Orange,4
Orleans,178
Rutland,-405
Washington,330
Windham,-413
Windsor,-142
Accomack,-265
Albemarle,953
Alleghany,-126
Amelia,88
Amherst,-79
Appomattox,30
Arlington,817
Augusta,23
Bath,-106
Bedford,115
Bland,-23
Botetourt,67
Brunswick,-105
Buchanan,-365
Buckingham,105
Campbell,-252
Caroline,-26
Carroll,50
Charles City,-37
Charlotte,-64
Chesterfield,4521
Clarke,108
Craig,29
Culpeper,810
Cumberland,75
Dickenson,-208
Dinwiddie,-89
Essex,57
Fairfax,-931
Fauquier,580
Floyd,-41
Fluvanna,372
Franklin,-149
Frederick,1140
Giles,-79
Gloucester,7
Goochland,534
Grayson,-85
Greene,127
Greensville,-96
Halifax,-270
Hanover,880
Henrico,1825
Henry,-493
Highland,-18
Isle of Wight,137
James City,490
King and Queen,-20
King George,224
King William,229
Lancaster,-93
Lee,-233
Loudoun,8016
Louisa,807
Lunenburg,-19
Madison,13
Mathews,42
Mecklenburg,-37
Middlesex,-151
Montgomery,3
Nelson,68
New Kent,774
Northampton,-51
Northumberland,-73
Nottoway,-168
Orange,453
Page,-70
Patrick,-55
Pittsylvania,-547
Powhatan,442
Prince Edward,-104
Prince George,360
Prince William,4100
Pulaski,-33
Rappahannock,25
Richmond,53
Roanoke,100
Rockbridge,-188
Rockingham,687
Russell,-209
Scott,-106
Shenandoah,143
Smyth,-350
Southampton,-82
Spotsylvania,2204
Stafford,3058
Surry,-41
Sussex,-82
Tazewell,-463
Warren,158
Washington,-327
Westmoreland,198
Wise,-492
Wythe,-14
York,304
Alexandria City,359
Bristol City,77
Buena Vista City,-16
Charlottesville City,-240
Chesapeake City,2476
Colonial Heights City,-134
Covington City,-40
Danville City,-605
Emporia City,-17
Fairfax City,294
Falls Church City,150
Franklin City,-122
Fredericksburg City,-135
Galax City,-1
Hampton City,180
Harrisonburg City,-472
Hopewell City,51
Lexington City,149
Lynchburg City,859
Manassas City,39
Manassas Park City,-240
Martinsville City,-73
Newport News City,702
Norfolk City,-843
Norton City,9
Petersburg City,290
Poquoson City,102
Portsmouth City,-352
Radford City,148
Richmond City,1215
Roanoke City,134
Salem City,8
Staunton City,370
Suffolk City,1133
Virginia Beach City,125
Waynesboro City,99
Williamsburg City,-48
Winchester City,116
Adams,247
Asotin,-34
Benton,3104
Chelan,448
Clallam,780
Clark,6814
Columbia,-54
Cowlitz,1841
Douglas,680
Ferry,-11
Franklin,1219
Garfield,-15
Grant,1061
Grays Harbor,1260
Island,914
Jefferson,475
King,24418
Kitsap,2197
Kittitas,577
Klickitat,289
Lewis,1138
Lincoln,213
Mason,1388
Okanogan,126
Pacific,397
Pend Oreille,138
Pierce,11224
San Juan,458
Skagit,1370
Skamania,164
Snohomish,9024
Spokane,9195
Stevens,499
Thurston,4480
Wahkiakum,73
Walla Walla,145
Whatcom,4050
Whitman,421
Yakima,311
Barbour,-46
Berkeley,1935
Boone,-496
Braxton,-119
Brooke,-190
Cabell,-1090
Calhoun,-108
Clay,-131
Doddridge,-108
Fayette,-576
Gilmer,-75
Grant,-62
Greenbrier,-130
Hampshire,-182
Hancock,-269
Hardy,12
Harrison,-238
Jackson,-119
Jefferson,256
Kanawha,-2286
Lewis,-110
Lincoln,-174
Logan,-590
McDowell,-597
Marion,-19
Marshall,-290
Mason,-236
Mercer,-444
Mineral,-85
Mingo,-427
Monongalia,-39
Monroe,-14
Morgan,54
Nicholas,-339
Ohio,-294
Pendleton,-15
Pleasants,-45
Pocahontas,-161
Preston,-121
Putnam,-192
Raleigh,-811
Randolph,-119
Ritchie,-194
Roane,-230
Summers,-99
Taylor,-133
Tucker,-98
Tyler,-149
Upshur,-196
Wayne,-559
Webster,-160
Wetzel,-194
Wirt,10
Wood,-662
Wyoming,-390
Adams,-121
Ashland,-25
Barron,94
Bayfield,10
Brown,1377
Buffalo,-83
Burnett,40
Calumet,-43
Chippewa,549
Clark,69
Columbia,199
Crawford,-134
Dane,4747
Dodge,6
Door,79
Douglas,7
Dunn,277
Eau Claire,291
Florence,1
Fond du Lac,402
Forest,27
Grant,-5
Green,36
Green Lake,64
Iowa,-44
Iron,0
Jackson,171
Jefferson,-280
Juneau,94
Kenosha,635
Kewaunee,39
La Crosse,-25
Lafayette,-7
Langlade,-47
Lincoln,-80
Manitowoc,-34
Marathon,271
Marinette,-52
Marquette,156
Menominee,-39
Milwaukee,-1243
Monroe,112
Oconto,106
Oneida,151
Outagamie,1006
Ozaukee,162
Pepin,-17
Pierce,162
Polk,215
Portage,-78
Price,-6
Racine,-46
Richland,-145
Rock,480
Rusk,68
St. Croix,999
Sauk,124
Sawyer,94
Shawano,128
Sheboygan,107
Taylor,-21
Trempealeau,155
Vernon,50
Vilas,267
Walworth,318
Washburn,-117
Washington,589
Waukesha,1676
Waupaca,-140
Waushara,176
Winnebago,1029
Wood,45
Albany,152
Big Horn,-87
Campbell,42
Carbon,-79
Converse,164
Crook,139
Fremont,-300
Goshen,-81
Hot Springs,-155
Johnson,-1
Laramie,635
Lincoln,385
Natrona,683
Niobrara,-44
Park,-16
Platte,-123
Sheridan,266
Sublette,33
Sweetwater,-515
Teton,195
Uinta,-66
Washakie,-72
Weston,3
