County_Name,pct_rural
Autauga,42
Baldwin,42
Barbour,67
Bibb,68
Blount,89
Bullock,51
Butler,71
Calhoun,33
Chambers,49
Cherokee,85
Chilton,86
Choctaw,100
Clarke,75
Clay,100
Cleburne,100
Coffee,47
Colbert,43
Conecuh,80
Coosa,100
Covington,69
Crenshaw,100
Cullman,73
Dale,50
Dallas,45
DeKalb,90
Elmore,54
Escambia,63
Etowah,37
Fayette,80
Franklin,70
Geneva,89
Greene,100
Hale,89
Henry,87
Houston,33
Jackson,77
Jefferson,9
Lamar,100
Lauderdale,49
Lawrence,91
Lee,27
Limestone,57
Lowndes,100
Macon,55
Madison,16
Marengo,69
Marion,88
Marshall,53
Mobile,20
Monroe,79
Montgomery,10
Morgan,38
Perry,100
Pickens,100
Pike,51
Randolph,81
Russell,35
St. Clair,72
Shelby,22
Sumter,100
Talladega,55
Tallapoosa,74
Tuscaloosa,25
Walker,74
Washington,100
Wilcox,100
Winston,84
Aleutians East,100
Aleutians West,100
Anchorage,4
Bethel,73
Bristol Bay,100
Denali,100
Dillingham,100
Fairbanks North Star,30
Haines,100
Hoonah-Angoon,
Juneau,21
Kenai Peninsula,79
Ketchikan Gateway,23
Kodiak Island,31
Kusilvak,
Lake and Peninsula,100
Matanuska-Susitna,50
Nome,66
North Slope,59
Northwest Arctic,57
Petersburg,
Prince of Wales-Hyder,
Sitka,20
Skagway,
Southeast Fairbanks,100
Valdez-Cordova,100
Wrangell,
Yakutat,100
Yukon-Koyukuk,100
Apache,74
Cochise,36
Coconino,31
Gila,41
Graham,46
Greenlee,46
La Paz,56
Maricopa,2
Mohave,22
Navajo,54
Pima,7
Pinal,21
Santa Cruz,26
Yavapai,33
Yuma,10
Arkansas,34
Ashley,51
Baxter,65
Benton,25
Boone,62
Bradley,49
Calhoun,100
Carroll,72
Chicot,54
Clark,54
Clay,58
Cleburne,75
Cleveland,100
Columbia,57
Conway,70
Craighead,32
Crawford,51
Crittenden,20
Cross,56
Dallas,52
Desha,31
Drew,48
Faulkner,38
Franklin,82
Fulton,92
Garland,36
Grant,75
Greene,41
Hempstead,55
Hot Spring,65
Howard,67
Independence,68
Izard,100
Jackson,65
Jefferson,30
Johnson,71
Lafayette,100
Lawrence,63
Lee,63
Lincoln,100
Little River,68
Logan,71
Lonoke,44
Madison,100
Marion,100
Miller,40
Mississippi,36
Monroe,68
Montgomery,100
Nevada,69
Newton,100
Ouachita,56
Perry,100
Phillips,47
Pike,100
Poinsett,71
Polk,73
Pope,54
Prairie,100
Pulaski,12
Randolph,67
St. Francis,51
Saline,36
Scott,70
Searcy,100
Sebastian,20
Sevier,63
Sharp,80
Stone,100
Union,54
Van Buren,100
Washington,25
White,54
Woodruff,100
Yell,79
Alameda,0
Alpine,100
Amador,60
Butte,18
Calaveras,75
Colusa,31
Contra Costa,0
Del Norte,33
El Dorado,34
Fresno,10
Glenn,40
Humboldt,29
Imperial,17
Inyo,46
Kern,10
Kings,10
Lake,33
Lassen,70
Los Angeles,0
Madera,32
Marin,6
Mariposa,100
Mendocino,45
Merced,14
Modoc,69
Mono,45
Monterey,9
Napa,13
Nevada,42
Orange,0
Placer,13
Plumas,74
Riverside,4
Sacramento,2
San Benito,24
San Bernardino,4
San Diego,3
San Francisco,0
San Joaquin,8
San Luis Obispo,16
San Mateo,1
Santa Barbara,5
Santa Clara,1
Santa Cruz,12
Shasta,29
Sierra,99
Siskiyou,65
Solano,3
Sonoma,12
Stanislaus,7
Sutter,14
Tehama,51
Trinity,100
Tulare,15
Tuolumne,48
Ventura,3
Yolo,6
Yuba,26
Adams,3
Alamosa,36
Arapahoe,1
Archuleta,59
Baca,100
Bent,37
Boulder,8
Broomfield,0
Chaffee,37
Cheyenne,100
Clear Creek,100
Conejos,100
Costilla,100
Crowley,100
Custer,100
Delta,63
Denver,0
Dolores,100
Douglas,10
Eagle,19
Elbert,100
El Paso,8
Fremont,26
Garfield,24
Gilpin,100
Grand,82
Gunnison,58
Hinsdale,100
Huerfano,56
Jackson,100
Jefferson,6
Kiowa,100
Kit Carson,48
Lake,31
La Plata,59
Larimer,11
Las Animas,40
Lincoln,100
Logan,29
Mesa,12
Mineral,100
Moffat,27
Montezuma,67
Montrose,44
Morgan,32
Otero,34
Ouray,100
Park,100
Phillips,100
Pitkin,44
Prowers,37
Pueblo,14
Rio Blanco,100
Rio Grande,62
Routt,45
Saguache,100
San Juan,100
San Miguel,100
Sedgwick,100
Summit,19
Teller,62
Washington,100
Weld,20
Yuma,64
Fairfield,4
Hartford,5
Litchfield,41
Middlesex,24
New Haven,3
New London,25
Tolland,38
Windham,49
Kent,26
New Castle,4
Sussex,41
District of Columbia,0
Alachua,21
Baker,59
Bay,11
Bradford,75
Brevard,5
Broward,0
Calhoun,67
Charlotte,8
Citrus,34
Clay,14
Collier,8
Columbia,62
DeSoto,46
Dixie,77
Duval,2
Escambia,8
Flagler,10
Franklin,68
Gadsden,65
Gilchrist,83
Glades,70
Gulf,77
Hamilton,63
Hardee,47
Hendry,37
Hernando,19
Highlands,21
Hillsborough,3
Holmes,78
Indian River,4
Jackson,75
Jefferson,100
Lafayette,100
Lake,19
Lee,5
Leon,12
Levy,92
Liberty,100
Madison,80
Manatee,5
Marion,31
Martin,8
Miami-Dade,0
Monroe,8
Nassau,48
Okaloosa,12
Okeechobee,36
Orange,2
Osceola,7
Palm Beach,1
Pasco,9
Pinellas,0
Polk,13
Putnam,56
St. Johns,23
St. Lucie,3
Santa Rosa,20
Sarasota,4
Seminole,3
Sumter,34
Suwannee,83
Taylor,69
Union,67
Volusia,9
Wakulla,61
Walton,63
Washington,84
Appling,71
Atkinson,100
Bacon,69
Baker,100
Baldwin,35
Banks,93
Barrow,30
Bartow,35
Ben Hill,34
Berrien,76
Bibb,14
Bleckley,51
Brantley,99
Brooks,71
Bryan,52
Bulloch,48
Burke,74
Butts,77
Calhoun,100
Camden,31
Candler,66
Carroll,41
Catoosa,28
Charlton,51
Chatham,4
Chattahoochee,29
Chattooga,57
Cherokee,17
Clarke,5
Clay,100
Clayton,0
Clinch,60
Cobb,0
Coffee,66
Colquitt,58
Columbia,16
Cook,59
Coweta,32
Crawford,100
Crisp,47
Dade,72
Dawson,80
Decatur,56
DeKalb,0
Dodge,72
Dooly,53
Dougherty,13
Douglas,15
Early,65
Echols,100
Effingham,67
Elbert,70
Emanuel,66
Evans,61
Fannin,100
Fayette,18
Floyd,36
Forsyth,9
Franklin,88
Fulton,1
Gilmer,87
Glascock,100
Glynn,20
Gordon,51
Grady,62
Greene,82
Gwinnett,0
Habersham,58
Hall,20
Hancock,61
Haralson,77
Harris,96
Hart,74
Heard,100
Henry,13
Houston,9
Irwin,64
Jackson,60
Jasper,81
Jeff Davis,69
Jefferson,80
Jenkins,66
Johnson,65
Jones,67
Lamar,60
Lanier,71
Laurens,56
Lee,36
Liberty,23
Lincoln,100
Long,81
Lowndes,27
Lumpkin,83
McDuffie,60
McIntosh,74
Macon,53
Madison,91
Marion,100
Meriwether,83
Miller,100
Mitchell,54
Monroe,80
Montgomery,98
Morgan,75
Murray,70
Muscogee,2
Newton,31
Oconee,50
Oglethorpe,99
Paulding,20
Peach,38
Pickens,73
Pierce,79
Pike,98
Polk,51
Pulaski,66
Putnam,80
Quitman,73
Rabun,79
Randolph,50
Richmond,9
Rockdale,14
Schley,100
Screven,78
Seminole,68
Spalding,41
Stephens,58
Stewart,100
Sumter,41
Talbot,93
Taliaferro,100
Tattnall,68
Taylor,100
Telfair,46
Terrell,52
Thomas,46
Tift,40
Toombs,51
Towns,100
Treutlen,58
Troup,44
Turner,49
Twiggs,100
Union,100
Upson,46
Walker,43
Walton,42
Ware,29
Warren,100
Washington,65
Wayne,57
Webster,100
Wheeler,100
White,83
Whitfield,29
Wilcox,100
Wilkes,67
Wilkinson,100
Worth,69
Hawaii,37
Honolulu,0
Kalawao,100
Kauai,12
Maui,14
Ada,5
Adams,100
Bannock,15
Bear Lake,100
Benewah,71
Bingham,56
Blaine,32
Boise,100
Bonner,72
Bonneville,12
Boundary,76
Butte,100
Camas,100
Canyon,19
Caribou,59
Cassia,51
Clark,100
Clearwater,58
Custer,100
Elmore,26
Franklin,66
Fremont,72
Gem,45
Gooding,58
Idaho,80
Jefferson,66
Jerome,51
Kootenai,24
Latah,34
Lemhi,61
Lewis,100
Lincoln,100
Madison,28
Minidoka,44
Nez Perce,19
Oneida,100
Owyhee,77
Payette,42
Power,42
Shoshone,56
Teton,100
Twin Falls,27
Valley,100
Washington,45
Adams,32
Alexander,61
Bond,60
Boone,19
Brown,41
Bureau,57
Calhoun,100
Carroll,81
Cass,52
Champaign,12
Christian,43
Clark,59
Clay,64
Clinton,48
Coles,24
Cook,0
Crawford,60
Cumberland,100
DeKalb,20
De Witt,48
Douglas,61
DuPage,0
Edgar,51
Edwards,100
Effingham,59
Fayette,66
Ford,41
Franklin,48
Fulton,60
Gallatin,100
Greene,70
Grundy,24
Hamilton,68
Hancock,70
Hardin,100
Henderson,99
Henry,50
Iroquois,71
Jackson,37
Jasper,69
Jefferson,58
Jersey,60
Jo Daviess,72
Johnson,100
Kane,3
Kankakee,24
Kendall,10
Knox,24
Lake,1
LaSalle,30
Lawrence,58
Lee,53
Livingston,40
Logan,39
McDonough,29
McHenry,9
McLean,16
Macon,15
Macoupin,58
Madison,13
Marion,45
Marshall,100
Mason,77
Massac,50
Menard,75
Mercer,77
Monroe,41
Montgomery,41
Morgan,36
Moultrie,69
Ogle,47
Peoria,14
Perry,43
Piatt,67
Pike,72
Pope,100
Pulaski,100
Putnam,100
Randolph,42
Richland,43
Rock Island,10
St. Clair,9
Saline,43
Sangamon,14
Schuyler,57
Scott,100
Shelby,77
Stark,100
Stephenson,40
Tazewell,20
Union,65
Vermilion,31
Wabash,38
Warren,45
Washington,73
Wayne,69
White,62
Whiteside,37
Will,3
Williamson,34
Winnebago,7
Woodford,54
Adams,53
Allen,11
Bartholomew,33
Benton,100
Blackford,50
Boone,34
Brown,100
Carroll,81
Cass,44
Clark,20
Clay,60
Clinton,49
Crawford,100
Daviess,60
Dearborn,53
Decatur,53
DeKalb,42
Delaware,22
Dubois,49
Elkhart,20
Fayette,36
Floyd,20
Fountain,65
Franklin,88
Fulton,64
Gibson,53
Grant,28
Greene,74
Hamilton,5
Hancock,30
Harrison,85
Hendricks,17
Henry,42
Howard,21
Huntington,50
Jackson,43
Jasper,68
Jay,55
Jefferson,45
Jennings,60
Johnson,13
Knox,36
Kosciusko,46
LaGrange,91
Lake,3
LaPorte,35
Lawrence,58
Madison,23
Marion,0
Marshall,63
Martin,72
Miami,46
Monroe,21
Montgomery,52
Morgan,49
Newton,100
Noble,68
Ohio,100
Orange,83
Owen,100
Parke,74
Perry,55
Pike,100
Porter,20
Posey,66
Pulaski,80
Putnam,64
Randolph,61
Ripley,83
Rush,61
St. Joseph,9
Scott,52
Shelby,52
Spencer,100
Starke,82
Steuben,67
Sullivan,78
Switzerland,100
Tippecanoe,14
Tipton,61
Union,100
Vanderburgh,9
Vermillion,60
Vigo,23
Wabash,49
Warren,77
Warrick,29
Washington,76
Wayne,33
Wells,50
White,67
Whitley,71
Adair,100
Adams,100
Allamakee,73
Appanoose,58
Audubon,100
Benton,80
Black Hawk,13
Boone,50
Bremer,64
Buchanan,68
Buena Vista,43
Butler,100
Calhoun,100
Carroll,52
Cass,53
Cedar,83
Cerro Gordo,20
Cherokee,61
Chickasaw,73
Clarke,48
Clay,34
Clayton,96
Clinton,32
Crawford,51
Dallas,30
Davis,100
Decatur,100
Delaware,71
Des Moines,26
Dickinson,35
Dubuque,27
Emmet,39
Fayette,70
Floyd,52
Franklin,60
Fremont,100
Greene,58
Grundy,100
Guthrie,100
Hamilton,50
Hancock,70
Hardin,71
Harrison,81
Henry,57
Howard,62
Humboldt,46
Ida,100
Iowa,82
Jackson,53
Jasper,57
Jefferson,38
Johnson,18
Jones,57
Keokuk,100
Kossuth,65
Lee,40
Linn,12
Louisa,100
Lucas,56
Lyon,100
Madison,67
Mahaska,43
Marion,48
Marshall,33
Mills,59
Mitchell,67
Monona,71
Monroe,55
Montgomery,47
Muscatine,25
O'Brien,66
Osceola,58
Page,33
Palo Alto,61
Plymouth,62
Pocahontas,100
Polk,4
Pottawattamie,26
Poweshiek,51
Ringgold,100
Sac,100
Scott,13
Shelby,59
Sioux,50
Story,16
Tama,72
Taylor,100
Union,39
Van Buren,100
Wapello,30
Warren,41
Washington,69
Wayne,100
Webster,33
Winnebago,66
Winneshiek,58
Woodbury,17
Worth,100
Wright,56
Allen,57
Anderson,58
Atchison,34
Barber,100
Barton,31
Bourbon,47
Brown,68
Butler,40
Chase,100
Chautauqua,100
Cherokee,49
Cheyenne,100
Clark,100
Clay,49
Cloud,43
Coffey,70
Comanche,100
Cowley,30
Crawford,34
Decatur,100
Dickinson,64
Doniphan,70
Douglas,11
Edwards,100
Elk,100
Ellis,25
Ellsworth,54
Finney,18
Ford,19
Franklin,52
Geary,11
Gove,100
Graham,100
Grant,19
Gray,100
Greeley,100
Greenwood,61
Hamilton,100
Harper,100
Harvey,30
Haskell,100
Hodgeman,100
Jackson,75
Jefferson,98
Jewell,100
Johnson,3
Kearny,100
Kingman,62
Kiowa,100
Labette,52
Lane,100
Leavenworth,29
Lincoln,100
Linn,100
Logan,100
Lyon,26
McPherson,43
Marion,77
Marshall,70
Meade,100
Miami,50
Mitchell,48
Montgomery,43
Morris,100
Morton,100
Nemaha,75
Neosho,45
Ness,100
Norton,48
Osage,83
Osborne,100
Ottawa,100
Pawnee,31
Phillips,53
Pottawatomie,58
Pratt,32
Rawlins,100
Reno,31
Republic,100
Rice,63
Riley,13
Rooks,100
Rush,100
Russell,41
Saline,14
Scott,26
Sedgwick,7
Seward,11
Shawnee,15
Sheridan,100
Sherman,24
Smith,100
Stafford,100
Stanton,100
Stevens,31
Sumner,62
Thomas,30
Trego,100
Wabaunsee,100
Wallace,100
Washington,100
Wichita,100
Wilson,72
Woodson,100
Wyandotte,6
Adair,75
Allen,78
Anderson,41
Ballard,100
Barren,63
Bath,100
Bell,62
Boone,13
Bourbon,44
Boyd,25
Boyle,34
Bracken,100
Breathitt,81
Breckinridge,100
Bullitt,30
Butler,100
Caldwell,54
Calloway,48
Campbell,15
Carlisle,100
Carroll,52
Carter,79
Casey,100
Christian,28
Clark,27
Clay,78
Clinton,100
Crittenden,70
Cumberland,100
Daviess,27
Edmonson,100
Elliott,100
Estill,76
Fayette,3
Fleming,80
Floyd,83
Franklin,27
Fulton,64
Gallatin,100
Garrard,77
Grant,64
Graves,69
Grayson,73
Green,100
Greenup,39
Hancock,89
Hardin,34
Harlan,54
Harrison,65
Hart,87
Henderson,38
Henry,100
Hickman,100
Hopkins,47
Jackson,100
Jefferson,1
Jessamine,25
Johnson,73
Kenton,6
Knott,100
Knox,62
Larue,75
Laurel,56
Lawrence,77
Lee,100
Leslie,100
Letcher,100
Lewis,100
Lincoln,81
Livingston,95
Logan,74
Lyon,100
McCracken,27
McCreary,100
McLean,100
Madison,38
Magoffin,100
Marion,71
Marshall,85
Martin,100
Mason,55
Meade,85
Menifee,100
Mercer,59
Metcalfe,100
Monroe,100
Montgomery,59
Morgan,100
Muhlenberg,68
Nelson,56
Nicholas,100
Ohio,73
Oldham,20
Owen,100
Owsley,100
Pendleton,100
Perry,74
Pike,87
Powell,67
Pulaski,53
Robertson,100
Rockcastle,83
Rowan,68
Russell,100
Scott,32
Shelby,47
Simpson,45
Spencer,100
Taylor,52
Todd,100
Trigg,79
Trimble,94
Union,65
Warren,31
Washington,100
Wayne,67
Webster,100
Whitley,65
Wolfe,100
Woodford,36
Acadia,51
Allen,69
Ascension,13
Assumption,44
Avoyelles,63
Beauregard,66
Bienville,79
Bossier,24
Caddo,14
Calcasieu,20
Caldwell,100
Cameron,100
Catahoula,100
Claiborne,82
Concordia,33
De Soto,77
East Baton Rouge,6
East Carroll,34
East Feliciana,100
Evangeline,61
Franklin,74
Grant,85
Iberia,28
Iberville,59
Jackson,65
Jefferson,1
Jefferson Davis,50
Lafayette,8
Lafourche,24
La Salle,73
Lincoln,40
Livingston,41
Madison,22
Morehouse,50
Natchitoches,50
Orleans,0
Ouachita,24
Plaquemines,19
Pointe Coupee,57
Rapides,39
Red River,100
Richland,66
Sabine,88
St. Bernard,4
St. Charles,11
St. Helena,100
St. James,27
St. John the Baptist,13
St. Landry,48
St. Martin,49
St. Mary,13
St. Tammany,23
Tangipahoa,40
Tensas,100
Terrebonne,20
Union,82
Vermilion,54
Vernon,49
Washington,66
Webster,53
West Baton Rouge,30
West Carroll,100
West Feliciana,100
Winn,64
Androscoggin,43
Aroostook,80
Cumberland,36
Franklin,82
Hancock,90
Kennebec,62
Knox,67
Lincoln,100
Oxford,83
Penobscot,57
Piscataquis,100
Sagadahoc,61
Somerset,80
Waldo,91
Washington,92
York,56
Allegany,27
Anne Arundel,5
Baltimore,6
Calvert,38
Caroline,75
Carroll,39
Cecil,42
Charles,29
Dorchester,56
Frederick,25
Garrett,83
Harford,17
Howard,9
Kent,72
Montgomery,2
Prince George's,1
Queen Anne's,54
St. Mary's,50
Somerset,45
Talbot,54
Washington,29
Wicomico,25
Worcester,35
Baltimore City,0
Barnstable,7
Berkshire,31
Bristol,9
Dukes,39
Essex,4
Franklin,54
Hampden,8
Hampshire,27
Middlesex,3
Nantucket,18
Norfolk,1
Plymouth,10
Suffolk,0
Worcester,18
Alcona,98
Alger,69
Allegan,64
Alpena,51
Antrim,100
Arenac,100
Baraga,100
Barry,77
Bay,30
Benzie,100
Berrien,32
Branch,62
Calhoun,30
Cass,71
Charlevoix,70
Cheboygan,82
Chippewa,48
Clare,70
Clinton,52
Crawford,72
Delta,43
Dickinson,32
Eaton,37
Emmet,74
Genesee,16
Gladwin,88
Gogebic,68
Grand Traverse,48
Gratiot,60
Hillsdale,69
Houghton,37
Huron,89
Ingham,13
Ionia,60
Iosco,58
Iron,72
Isabella,46
Jackson,41
Kalamazoo,17
Kalkaska,84
Kent,15
Keweenaw,100
Lake,100
Lapeer,77
Leelanau,91
Lenawee,51
Livingston,36
Luce,51
Mackinac,77
Macomb,2
Manistee,61
Marquette,41
Mason,62
Mecosta,66
Menominee,64
Midland,42
Missaukee,100
Monroe,37
Montcalm,84
Montmorency,100
Muskegon,23
Newaygo,83
Oakland,4
Oceana,89
Ogemaw,100
Ontonagon,100
Osceola,100
Oscoda,100
Otsego,65
Ottawa,20
Presque Isle,80
Roscommon,66
Saginaw,31
St. Clair,38
St. Joseph,54
Sanilac,90
Schoolcraft,58
Shiawassee,54
Tuscola,84
Van Buren,70
Washtenaw,16
Wayne,0
Wexford,64
Aitkin,100
Anoka,13
Becker,75
Beltrami,67
Benton,40
Big Stone,100
Blue Earth,26
Brown,34
Carlton,55
Carver,18
Cass,100
Chippewa,50
Chisago,55
Clay,27
Clearwater,100
Cook,100
Cottonwood,62
Crow Wing,62
Dakota,4
Dodge,51
Douglas,52
Faribault,77
Fillmore,93
Freeborn,42
Goodhue,47
Grant,100
Hennepin,2
Houston,57
Hubbard,83
Isanti,62
Itasca,79
Jackson,69
Kanabec,77
Kandiyohi,44
Kittson,100
Koochiching,46
Lac qui Parle,100
Lake,66
Lake of the Woods,100
Le Sueur,62
Lincoln,100
Lyon,47
McLeod,46
Mahnomen,100
Marshall,100
Martin,54
Meeker,65
Mille Lacs,70
Morrison,72
Mower,35
Murray,100
Nicollet,25
Nobles,40
Norman,100
Olmsted,16
Otter Tail,73
Pennington,36
Pine,89
Pipestone,57
Polk,48
Pope,100
Ramsey,0
Red Lake,100
Redwood,69
Renville,100
Rice,25
Rock,52
Roseau,82
St. Louis,37
Scott,17
Sherburne,44
Sibley,100
Stearns,36
Steele,30
Stevens,47
Swift,67
Todd,78
Traverse,100
Wabasha,64
Wadena,66
Waseca,50
Washington,14
Watonwan,59
Wilkin,50
Winona,34
Wright,32
Yellow Medicine,80
Adams,37
Alcorn,66
Amite,100
Attala,64
Benton,100
Bolivar,53
Calhoun,100
Carroll,100
Chickasaw,85
Choctaw,100
Claiborne,100
Clarke,100
Clay,55
Coahoma,31
Copiah,65
Covington,100
DeSoto,20
Forrest,29
Franklin,100
George,88
Greene,100
Grenada,52
Hancock,42
Harrison,22
Hinds,15
Holmes,86
Humphreys,49
Issaquena,100
Itawamba,86
Jackson,27
Jasper,100
Jefferson,100
Jefferson Davis,100
Jones,61
Kemper,100
Lafayette,45
Lamar,50
Lauderdale,48
Lawrence,100
Leake,81
Lee,45
Leflore,17
Lincoln,69
Lowndes,42
Madison,27
Marion,73
Marshall,83
Monroe,69
Montgomery,59
Neshoba,73
Newton,87
Noxubee,74
Oktibbeha,36
Panola,78
Pearl River,69
Perry,100
Pike,59
Pontotoc,83
Prentiss,76
Quitman,56
Rankin,33
Scott,72
Sharkey,100
Simpson,84
Smith,100
Stone,78
Sunflower,45
Tallahatchie,80
Tate,77
Tippah,83
Tishomingo,100
Tunica,66
Union,75
Walthall,100
Warren,40
Washington,17
Wayne,79
Webster,100
Wilkinson,100
Winston,75
Yalobusha,79
Yazoo,44
Adair,37
Andrew,61
Atchison,100
Audrain,41
Barry,73
Barton,63
Bates,77
Benton,86
Bollinger,100
Boone,18
Buchanan,13
Butler,52
Caldwell,100
Callaway,62
Camden,74
Cape Girardeau,30
Carroll,64
Carter,100
Cass,32
Cedar,75
Chariton,100
Christian,44
Clark,100
Clay,9
Clinton,76
Cole,29
Cooper,53
Crawford,73
Dade,100
Dallas,81
Daviess,100
DeKalb,62
Dent,68
Douglas,79
Dunklin,50
Franklin,55
Gasconade,80
Gentry,100
Greene,13
Grundy,45
Harrison,70
Henry,49
Hickory,100
Holt,100
Howard,64
Howell,72
Iron,74
Jackson,3
Jasper,23
Jefferson,30
Johnson,50
Knox,100
Laclede,60
Lafayette,56
Lawrence,58
Lewis,100
Lincoln,74
Linn,66
Livingston,36
McDonald,99
Macon,67
Madison,65
Maries,100
Marion,24
Mercer,100
Miller,79
Mississippi,32
Moniteau,52
Monroe,100
Montgomery,78
Morgan,100
New Madrid,56
Newton,64
Nodaway,43
Oregon,80
Osage,100
Ozark,100
Pemiscot,49
Perry,55
Pettis,37
Phelps,46
Pike,54
Platte,15
Polk,68
Pulaski,44
Putnam,100
Ralls,96
Randolph,45
Ray,75
Reynolds,100
Ripley,100
St. Charles,5
St. Clair,100
Ste. Genevieve,76
St. Francois,39
St. Louis,1
Saline,45
Schuyler,100
Scotland,100
Scott,41
Shannon,100
Shelby,100
Stoddard,69
Stone,88
Sullivan,100
Taney,43
Texas,99
Vernon,58
Warren,63
Washington,80
Wayne,100
Webster,73
Worth,100
Wright,76
St. Louis City,0
Beaverhead,50
Big Horn,71
Blaine,100
Broadwater,100
Carbon,100
Carter,100
Cascade,19
Chouteau,100
Custer,17
Daniels,100
Dawson,27
Deer Lodge,33
Fallon,100
Fergus,47
Flathead,51
Gallatin,33
Garfield,100
Glacier,44
Golden Valley,100
Granite,100
Hill,40
Jefferson,100
Judith Basin,100
Lake,83
Lewis and Clark,28
Liberty,100
Lincoln,79
McCone,100
Madison,100
Meagher,100
Mineral,100
Missoula,22
Musselshell,100
Park,47
Petroleum,100
Phillips,100
Pondera,58
Powder River,100
Powell,54
Prairie,100
Ravalli,84
Richland,44
Roosevelt,39
Rosebud,100
Sanders,100
Sheridan,100
Silver Bow,11
Stillwater,100
Sweet Grass,100
Teton,100
Toole,42
Treasure,100
Valley,55
Wheatland,100
Wibaux,100
Yellowstone,16
Adams,22
Antelope,100
Arthur,100
Banner,100
Blaine,100
Boone,100
Box Butte,24
Boyd,100
Brown,100
Buffalo,32
Burt,100
Butler,65
Cass,72
Cedar,100
Chase,100
Cherry,52
Cheyenne,36
Clay,100
Colfax,40
Cuming,65
Custer,67
Dakota,21
Dawes,39
Dawson,26
Deuel,100
Dixon,100
Dodge,25
Douglas,2
Dundy,100
Fillmore,100
Franklin,100
Frontier,100
Furnas,100
Gage,44
Garden,100
Garfield,100
Gosper,100
Grant,100
Greeley,100
Hall,14
Hamilton,51
Harlan,100
Hayes,100
Hitchcock,100
Holt,64
Hooker,100
Howard,100
Jefferson,48
Johnson,100
Kearney,54
Keith,47
Keya Paha,100
Kimball,100
Knox,100
Lancaster,8
Lincoln,30
Logan,100
Loup,100
McPherson,100
Madison,27
Merrick,58
Morrill,100
Nance,100
Nemaha,52
Nuckolls,100
Otoe,55
Pawnee,100
Perkins,100
Phelps,41
Pierce,100
Platte,31
Polk,100
Red Willow,31
Richardson,50
Rock,100
Saline,51
Sarpy,5
Saunders,66
Scotts Bluff,29
Seward,60
Sheridan,100
Sherman,100
Sioux,100
Stanton,73
Thayer,100
Thomas,100
Thurston,100
Valley,100
Washington,61
Wayne,42
Webster,100
Wheeler,100
York,44
Churchill,34
Clark,1
Douglas,31
Elko,37
Esmeralda,100
Eureka,100
Humboldt,37
Lander,39
Lincoln,100
Lyon,36
Mineral,31
Nye,35
Pershing,100
Storey,92
Washoe,4
White Pine,53
Carson City,4
Belknap,66
Carroll,90
Cheshire,65
Coos,66
Grafton,68
Hillsborough,21
Merrimack,54
Rockingham,24
Strafford,32
Sullivan,64
Atlantic,12
Bergen,0
Burlington,6
Camden,1
Cape May,17
Cumberland,23
Essex,0
Gloucester,8
Hudson,0
Hunterdon,49
Mercer,3
Middlesex,0
Monmouth,3
Morris,6
Ocean,2
Passaic,2
Salem,45
Somerset,5
Sussex,39
Union,0
Warren,37
Bernalillo,4
Catron,100
Chaves,24
Cibola,55
Colfax,52
Curry,14
De Baca,100
Dona Ana,19
Eddy,20
Grant,42
Guadalupe,44
Harding,100
Hidalgo,100
Lea,21
Lincoln,53
Los Alamos,11
Luna,40
McKinley,57
Mora,100
Otero,29
Quay,41
Rio Arriba,49
Roosevelt,36
Sandoval,17
San Juan,33
San Miguel,46
Santa Fe,25
Sierra,33
Socorro,49
Taos,58
Torrance,98
Union,100
Valencia,16
Albany,9
Allegany,78
Bronx,0
Broome,26
Cattaraugus,61
Cayuga,55
Chautauqua,43
Chemung,24
Chenango,83
Clinton,64
Columbia,73
Cortland,44
Delaware,78
Dutchess,25
Erie,9
Essex,74
Franklin,62
Fulton,50
Genesee,59
Greene,73
Hamilton,100
Herkimer,51
Jefferson,48
Kings,0
Lewis,86
Livingston,54
Madison,58
Monroe,6
Montgomery,40
Nassau,0
New York,0
Niagara,22
Oneida,32
Onondaga,12
Ontario,47
Orange,22
Orleans,60
Oswego,61
Otsego,70
Putnam,20
Queens,0
Rensselaer,30
Richmond,0
Rockland,0
St. Lawrence,61
Saratoga,29
Schenectady,8
Schoharie,82
Schuyler,81
Seneca,58
Steuben,60
Suffolk,2
Sullivan,74
Tioga,65
Tompkins,43
Ulster,46
Warren,33
Washington,67
Wayne,60
Westchester,3
Wyoming,64
Yates,71
Alamance,28
Alexander,72
Alleghany,100
Anson,78
Ashe,84
Avery,88
Beaufort,65
Bertie,83
Bladen,91
Brunswick,42
Buncombe,24
Burke,42
Cabarrus,19
Caldwell,34
Camden,99
Carteret,32
Caswell,99
Catawba,30
Chatham,65
Cherokee,100
Chowan,67
Clay,100
Cleveland,55
Columbus,80
Craven,27
Cumberland,13
Currituck,98
Dare,28
Davidson,47
Davie,70
Duplin,86
Durham,5
Edgecombe,45
Forsyth,7
Franklin,85
Gaston,19
Gates,100
Graham,100
Granville,54
Greene,100
Guilford,12
Halifax,54
Harnett,55
Haywood,55
Henderson,33
Hertford,68
Hoke,43
Hyde,100
Iredell,37
Jackson,73
Johnston,52
Jones,100
Lee,42
Lenoir,45
Lincoln,54
McDowell,70
Macon,80
Madison,90
Martin,78
Mecklenburg,1
Mitchell,82
Montgomery,76
Moore,50
Nash,47
New Hanover,2
Northampton,89
Onslow,26
Orange,28
Pamlico,100
Pasquotank,41
Pender,68
Perquimans,100
Person,75
Pitt,25
Polk,92
Randolph,56
Richmond,45
Robeson,62
Rockingham,61
Rowan,38
Rutherford,61
Sampson,84
Scotland,48
Stanly,67
Stokes,75
Surry,68
Swain,100
Transylvania,59
Tyrrell,100
Union,27
Vance,54
Wake,6
Warren,100
Washington,67
Watauga,55
Wayne,46
Wilkes,72
Wilson,38
Yadkin,84
Yancey,100
Adams,100
Barnes,39
Benson,100
Billings,100
Bottineau,100
Bowman,100
Burke,100
Burleigh,18
Cass,10
Cavalier,100
Dickey,100
Divide,100
Dunn,100
Eddy,100
Emmons,100
Foster,100
Golden Valley,100
Grand Forks,16
Grant,100
Griggs,100
Hettinger,100
Kidder,100
LaMoure,100
Logan,100
McHenry,100
McIntosh,100
McKenzie,100
McLean,100
Mercer,64
Morton,31
Mountrail,100
Nelson,100
Oliver,100
Pembina,100
Pierce,35
Ramsey,34
Ransom,100
Renville,100
Richland,52
Rolette,100
Sargent,100
Sheridan,100
Sioux,100
Slope,100
Stark,27
Steele,100
Stutsman,27
Towner,100
Traill,100
Walsh,62
Ward,21
Wells,100
Williams,32
Adams,89
Allen,25
Ashland,61
Ashtabula,46
Athens,43
Auglaize,39
Belmont,54
Brown,76
Butler,9
Carroll,70
Champaign,70
Clark,23
Clermont,22
Clinton,54
Columbiana,43
Coshocton,61
Crawford,35
Cuyahoga,0
Darke,66
Defiance,43
Delaware,19
Erie,26
Fairfield,34
Fayette,47
Franklin,1
Fulton,56
Gallia,81
Geauga,63
Greene,14
Guernsey,61
Hamilton,2
Hancock,31
Hardin,55
Harrison,84
Henry,69
Highland,73
Hocking,70
Holmes,92
Huron,50
Jackson,64
Jefferson,38
Knox,55
Lake,6
Lawrence,45
Licking,35
Logan,56
Lorain,11
Lucas,4
Madison,48
Mahoning,15
Marion,30
Medina,29
Meigs,81
Mercer,61
Miami,30
Monroe,97
Montgomery,4
Morgan,81
Morrow,88
Muskingum,47
Noble,62
Ottawa,49
Paulding,81
Perry,75
Pickaway,49
Pike,74
Portage,32
Preble,69
Putnam,84
Richland,32
Ross,58
Sandusky,44
Scioto,54
Seneca,47
Shelby,51
Stark,13
Summit,3
Trumbull,27
Tuscarawas,41
Union,49
Van Wert,50
Vinton,100
Warren,17
Washington,56
Wayne,51
Williams,63
Wood,29
Wyandot,57
Adair,83
Alfalfa,100
Atoka,100
Beaver,100
Beckham,32
Blaine,57
Bryan,61
Caddo,79
Canadian,22
Carter,56
Cherokee,60
Choctaw,66
Cimarron,100
Cleveland,16
Coal,100
Comanche,21
Cotton,59
Craig,60
Creek,53
Custer,30
Delaware,81
Dewey,100
Ellis,100
Garfield,21
Garvin,68
Grady,63
Grant,100
Greer,52
Harmon,100
Harper,100
Haskell,77
Hughes,58
Jackson,24
Jefferson,100
Johnston,100
Kay,24
Kingfisher,72
Kiowa,61
Latimer,73
Le Flore,72
Lincoln,92
Logan,55
Love,100
McClain,77
McCurtain,69
McIntosh,87
Major,100
Marshall,72
Mayes,77
Murray,45
Muskogee,41
Noble,56
Nowata,57
Okfuskee,74
Oklahoma,6
Okmulgee,48
Osage,59
Ottawa,49
Pawnee,81
Payne,33
Pittsburg,51
Pontotoc,53
Pottawatomie,50
Pushmataha,100
Roger Mills,100
Rogers,50
Seminole,64
Sequoyah,66
Stephens,43
Texas,45
Tillman,51
Tulsa,4
Wagoner,37
Washington,23
Washita,75
Woods,36
Woodward,43
Baker,41
Benton,18
Clackamas,18
Clatsop,38
Columbia,43
Coos,38
Crook,48
Curry,38
Deschutes,27
Douglas,41
Gilliam,100
Grant,100
Harney,44
Hood River,52
Jackson,20
Jefferson,63
Josephine,44
Klamath,37
Lake,63
Lane,17
Lincoln,37
Linn,31
Malheur,48
Marion,13
Morrow,45
Multnomah,1
Polk,19
Sherman,100
Tillamook,69
Umatilla,29
Union,42
Wallowa,100
Wasco,33
Washington,5
Wheeler,100
Yamhill,22
Adams,53
Allegheny,2
Armstrong,67
Beaver,25
Bedford,83
Berks,23
Blair,23
Bradford,72
Bucks,8
Butler,41
Cambria,32
Cameron,47
Carbon,47
Centre,32
Chester,13
Clarion,76
Clearfield,53
Clinton,45
Columbia,40
Crawford,63
Cumberland,22
Dauphin,13
Delaware,0
Elk,55
Erie,20
Fayette,47
Forest,100
Franklin,40
Fulton,100
Greene,66
Huntingdon,68
Indiana,60
Jefferson,61
Juniata,82
Lackawanna,16
Lancaster,21
Lawrence,40
Lebanon,26
Lehigh,7
Luzerne,19
Lycoming,36
McKean,63
Mercer,44
Mifflin,50
Monroe,38
Montgomery,2
Montour,53
Northampton,12
Northumberland,34
Perry,88
Philadelphia,0
Pike,70
Potter,100
Schuylkill,36
Snyder,66
Somerset,70
Sullivan,100
Susquehanna,84
Tioga,90
Union,42
Venango,54
Warren,55
Washington,30
Wayne,88
Westmoreland,25
Wyoming,83
York,24
Bristol,1
Kent,7
Newport,12
Providence,5
Washington,30
Abbeville,78
Aiken,36
Allendale,68
Anderson,37
Bamberg,54
Barnwell,82
Beaufort,19
Berkeley,28
Calhoun,100
Charleston,10
Cherokee,61
Chester,71
Chesterfield,73
Clarendon,85
Colleton,75
Darlington,57
Dillon,69
Dorchester,19
Edgefield,73
Fairfield,78
Florence,38
Georgetown,41
Greenville,12
Greenwood,39
Hampton,78
Horry,30
Jasper,66
Kershaw,57
Lancaster,49
Laurens,64
Lee,71
Lexington,25
McCormick,100
Marion,60
Marlboro,55
Newberry,67
Oconee,64
Orangeburg,63
Pickens,35
Richland,9
Saluda,80
Spartanburg,27
Sumter,31
Union,65
Williamsburg,81
York,22
Aurora,100
Beadle,27
Bennett,100
Bon Homme,100
Brookings,29
Brown,28
Brule,100
Buffalo,100
Butte,48
Campbell,100
Charles Mix,100
Clark,100
Clay,24
Codington,22
Corson,100
Custer,100
Davison,23
Day,100
Deuel,100
Dewey,64
Douglas,100
Edmunds,100
Fall River,49
Faulk,100
Grant,55
Gregory,100
Haakon,100
Hamlin,100
Hand,100
Hanson,100
Harding,100
Hughes,25
Hutchinson,100
Hyde,100
Jackson,100
Jerauld,100
Jones,100
Kingsbury,100
Lake,44
Lawrence,36
Lincoln,29
Lyman,100
McCook,100
McPherson,100
Marshall,100
Meade,37
Mellette,100
Miner,100
Minnehaha,13
Moody,100
Oglala Lakota,
Pennington,20
Perkins,100
Potter,100
Roberts,100
Sanborn,100
Spink,100
Stanley,42
Sully,100
Todd,100
Tripp,48
Turner,100
Union,61
Walworth,36
Yankton,34
Ziebach,73
Anderson,34
Bedford,55
Benton,78
Bledsoe,100
Blount,32
Bradley,32
Campbell,55
Cannon,81
Carroll,83
Carter,40
Cheatham,82
Chester,65
Claiborne,71
Clay,100
Cocke,67
Coffee,47
Crockett,67
Cumberland,60
Davidson,3
Decatur,100
DeKalb,78
Dickson,67
Dyer,42
Fayette,79
Fentress,100
Franklin,69
Gibson,47
Giles,73
Grainger,100
Greene,65
Grundy,100
Hamblen,21
Hamilton,10
Hancock,100
Hardeman,80
Hardin,67
Hawkins,57
Haywood,47
Henderson,76
Henry,66
Hickman,100
Houston,100
Humphreys,82
Jackson,100
Jefferson,59
Johnson,85
Knox,10
Lake,100
Lauderdale,58
Lawrence,75
Lewis,70
Lincoln,72
Loudon,40
McMinn,60
McNairy,85
Macon,79
Madison,25
Marion,77
Marshall,65
Maury,41
Meigs,100
Monroe,76
Montgomery,19
Moore,99
Morgan,99
Obion,61
Overton,84
Perry,100
Pickett,100
Polk,100
Putnam,34
Rhea,68
Roane,50
Robertson,53
Rutherford,17
Scott,80
Sequatchie,73
Sevier,56
Shelby,2
Smith,82
Stewart,100
Sullivan,25
Sumner,27
Tipton,55
Trousdale,100
Unicoi,44
Union,100
Van Buren,100
Warren,61
Washington,26
Wayne,100
Weakley,67
White,78
Williamson,19
Wilson,38
Anderson,67
Andrews,16
Angelina,43
Aransas,27
Archer,88
Armstrong,100
Atascosa,60
Austin,66
Bailey,28
Bandera,100
Bastrop,63
Baylor,100
Bee,42
Bell,15
Bexar,4
Blanco,100
Borden,100
Bosque,81
Bowie,35
Brazoria,22
Brazos,12
Brewster,34
Briscoe,100
Brooks,31
Brown,40
Burleson,76
Burnet,55
Caldwell,42
Calhoun,44
Callahan,72
Cameron,8
Camp,61
Carson,95
Cass,74
Castro,45
Chambers,45
Cherokee,63
Childress,33
Clay,74
Cochran,100
Coke,100
Coleman,51
Collin,5
Collingsworth,100
Colorado,62
Comal,46
Comanche,71
Concho,100
Cooke,59
Coryell,19
Cottle,100
Crane,10
Crockett,22
Crosby,100
Culberson,100
Dallam,23
Dallas,0
Dawson,16
Deaf Smith,17
Delta,100
Denton,6
DeWitt,49
Dickens,100
Dimmit,39
Donley,100
Duval,67
Eastland,60
Ector,9
Edwards,100
Ellis,31
El Paso,2
Erath,46
Falls,67
Fannin,70
Fayette,67
Fisher,100
Floyd,53
Foard,100
Fort Bend,5
Franklin,69
Freestone,66
Frio,22
Gaines,63
Galveston,6
Garza,22
Gillespie,53
Glasscock,100
Goliad,100
Gonzales,65
Gray,19
Grayson,43
Gregg,13
Grimes,68
Guadalupe,26
Hale,23
Hall,100
Hamilton,64
Hansford,40
Hardeman,100
Hardin,51
Harris,1
Harrison,56
Hartley,57
Haskell,47
Hays,31
Hemphill,26
Henderson,60
Hidalgo,5
Hill,76
Hockley,39
Hood,32
Hopkins,59
Houston,73
Howard,20
Hudspeth,100
Hunt,56
Hutchinson,22
Irion,100
Jack,53
Jackson,61
Jasper,78
Jeff Davis,100
Jefferson,8
Jim Hogg,17
Jim Wells,40
Johnson,37
Jones,85
Karnes,38
Kaufman,48
Kendall,58
Kenedy,100
Kent,100
Kerr,41
Kimble,44
King,100
Kinney,20
Kleberg,18
Knox,100
Lamar,47
Lamb,57
Lampasas,68
La Salle,46
Lavaca,81
Lee,69
Leon,100
Liberty,63
Limestone,53
Lipscomb,100
Live Oak,100
Llano,45
Loving,100
Lubbock,11
Lynn,56
McCulloch,35
McLennan,23
McMullen,100
Madison,67
Marion,100
Martin,100
Mason,100
Matagorda,36
Maverick,9
Medina,61
Menard,100
Midland,12
Milam,56
Mills,100
Mitchell,36
Montague,58
Montgomery,22
Moore,16
Morris,78
Motley,100
Nacogdoches,46
Navarro,52
Newton,100
Nolan,32
Nueces,6
Ochiltree,13
Oldham,100
Orange,35
Palo Pinto,50
Panola,72
Parker,56
Parmer,60
Pecos,39
Polk,77
Potter,8
Presidio,40
Rains,93
Randall,14
Reagan,13
Real,100
Red River,75
Reeves,14
Refugio,60
Roberts,100
Robertson,73
Rockwall,16
Runnels,40
Rusk,65
Sabine,100
San Augustine,100
San Jacinto,100
San Patricio,19
San Saba,49
Schleicher,100
Scurry,31
Shackelford,100
Shelby,79
Sherman,100
Smith,31
Somervell,100
Starr,23
Stephens,39
Sterling,100
Stonewall,100
Sutton,18
Swisher,37
Tarrant,1
Taylor,16
Terrell,100
Terry,24
Throckmorton,100
Titus,50
Tom Green,15
Travis,5
Trinity,77
Tyler,78
Upshur,79
Upton,100
Uvalde,31
Val Verde,10
Van Zandt,75
Victoria,26
Walker,45
Waller,61
Ward,27
Washington,53
Webb,2
Wharton,49
Wheeler,100
Wichita,10
Wilbarger,21
Willacy,34
Williamson,11
Wilson,85
Winkler,18
Wise,72
Wood,74
Yoakum,37
Young,33
Zapata,23
Zavala,38
Beaver,56
Box Elder,31
Cache,15
Carbon,33
Daggett,100
Davis,0
Duchesne,68
Emery,73
Garfield,100
Grand,25
Iron,22
Juab,43
Kane,54
Millard,73
Morgan,62
Piute,100
Rich,100
Salt Lake,0
San Juan,77
Sanpete,40
Sevier,64
Summit,39
Tooele,17
Uintah,46
Utah,3
Wasatch,26
Washington,15
Wayne,100
Weber,5
Addison,78
Bennington,64
Caledonia,74
Chittenden,25
Essex,100
Franklin,71
Grand Isle,100
Lamoille,100
Orange,97
Orleans,85
Rutland,61
Washington,52
Windham,68
Windsor,75
Accomack,100
Albemarle,45
Alleghany,52
Amelia,100
Amherst,63
Appomattox,100
Arlington,0
Augusta,66
Bath,100
Bedford,78
Bland,100
Botetourt,64
Brunswick,75
Buchanan,100
Buckingham,100
Campbell,61
Caroline,78
Carroll,97
Charles City,100
Charlotte,100
Chesterfield,5
Clarke,69
Craig,100
Culpeper,61
Cumberland,96
Dickenson,100
Dinwiddie,71
Essex,77
Fairfax,1
Fauquier,57
Floyd,100
Fluvanna,62
Franklin,89
Frederick,44
Giles,66
Gloucester,64
Goochland,96
Grayson,99
Greene,51
Greensville,87
Halifax,77
Hanover,39
Henrico,4
Henry,60
Highland,100
Isle of Wight,57
James City,15
King and Queen,100
King George,73
King William,83
Lancaster,100
Lee,99
Loudoun,12
Louisa,100
Lunenburg,100
Madison,100
Mathews,100
Mecklenburg,77
Middlesex,100
Montgomery,24
Nelson,100
New Kent,100
Northampton,100
Northumberland,100
Nottoway,52
Orange,57
Page,80
Patrick,100
Pittsylvania,85
Powhatan,99
Prince Edward,63
Prince George,53
Prince William,4
Pulaski,46
Rappahannock,100
Richmond,100
Roanoke,18
Rockbridge,91
Rockingham,59
Russell,88
Scott,82
Shenandoah,66
Smyth,75
Southampton,97
Spotsylvania,32
Stafford,19
Surry,100
Sussex,100
Tazewell,51
Warren,50
Washington,71
Westmoreland,78
Wise,56
Wythe,75
York,6
Alexandria City,0
Bristol City,0
Buena Vista City,3
Charlottesville City,0
Chesapeake City,7
Colonial Heights City,0
Covington City,0
Danville City,4
Emporia City,6
Fairfax City,0
Falls Church City,0
Franklin City,3
Fredericksburg City,1
Galax City,13
Hampton City,0
Harrisonburg City,0
Hopewell City,0
Lexington City,0
Lynchburg City,2
Manassas City,0
Manassas Park City,0
Martinsville City,0
Newport News City,0
Norfolk City,0
Norton City,2
Petersburg City,2
Poquoson City,6
Portsmouth City,0
Radford City,2
Richmond City,0
Roanoke City,0
Salem City,0
Staunton City,3
Suffolk City,21
Virginia Beach City,1
Waynesboro City,2
Williamsburg City,0
Winchester City,0
Adams,40
Asotin,6
Benton,10
Chelan,27
Clallam,35
Clark,13
Columbia,34
Cowlitz,28
Douglas,26
Ferry,100
Franklin,13
Garfield,100
Grant,38
Grays Harbor,40
Island,46
Jefferson,57
King,3
Kitsap,16
Kittitas,40
Klickitat,60
Lewis,60
Lincoln,100
Mason,63
Okanogan,79
Pacific,64
Pend Oreille,83
Pierce,6
San Juan,100
Skagit,29
Skamania,100
Snohomish,10
Spokane,13
Stevens,79
Thurston,20
Wahkiakum,100
Walla Walla,17
Whatcom,25
Whitman,27
Yakima,23
Barbour,83
Berkeley,31
Boone,81
Braxton,100
Brooke,42
Cabell,21
Calhoun,100
Clay,100
Doddridge,100
Fayette,57
Gilmer,60
Grant,78
Greenbrier,69
Hampshire,100
Hancock,30
Hardy,80
Harrison,37
Jackson,71
Jefferson,48
Kanawha,25
Lewis,68
Lincoln,100
Logan,70
McDowell,85
Marion,41
Marshall,48
Mason,65
Mercer,40
Mineral,64
Mingo,89
Monongalia,26
Monroe,88
Morgan,100
Nicholas,87
Ohio,23
Pendleton,100
Pleasants,54
Pocahontas,100
Preston,90
Putnam,35
Raleigh,39
Randolph,62
Ritchie,100
Roane,79
Summers,72
Taylor,59
Tucker,100
Tyler,91
Upshur,64
Wayne,65
Webster,100
Wetzel,53
Wirt,100
Wood,26
Wyoming,88
Adams,100
Ashland,54
Barron,65
Bayfield,100
Brown,14
Buffalo,100
Burnett,100
Calumet,27
Chippewa,46
Clark,91
Columbia,60
Crawford,62
Dane,12
Dodge,48
Door,68
Douglas,38
Dunn,59
Eau Claire,23
Florence,100
Fond du Lac,35
Forest,100
Grant,64
Green,60
Green Lake,74
Iowa,79
Iron,67
Jackson,72
Jefferson,34
Juneau,83
Kenosha,10
Kewaunee,72
La Crosse,16
Lafayette,100
Langlade,59
Lincoln,54
Manitowoc,38
Marathon,42
Marinette,61
Marquette,100
Menominee,100
Milwaukee,0
Monroe,57
Oconto,81
Oneida,74
Outagamie,24
Ozaukee,24
Pepin,100
Pierce,53
Polk,85
Portage,36
Price,100
Racine,12
Richland,72
Rock,20
Rusk,76
St. Croix,53
Sauk,46
Sawyer,84
Shawano,74
Sheboygan,28
Taylor,80
Trempealeau,89
Vernon,85
Vilas,100
Walworth,34
Washburn,83
Washington,30
Waukesha,9
Waupaca,64
Waushara,89
Winnebago,13
Wood,36
Albany,11
Big Horn,100
Campbell,29
Carbon,41
Converse,55
Crook,100
Fremont,51
Goshen,45
Hot Springs,31
Johnson,49
Laramie,19
Lincoln,82
Natrona,14
Niobrara,100
Park,44
Platte,58
Sheridan,35
Sublette,100
Sweetwater,10
Teton,46
Uinta,43
Washakie,35
Weston,54
