County_Name,suicide_rate
Autauga,18
Baldwin,19
Barbour,12
Bibb,20
Blount,17
Bullock,
Butler,9
Calhoun,19
Chambers,20
Cherokee,23
Chilton,14
Choctaw,
Clarke,9
Clay,23
Cleburne,13
Coffee,14
Colbert,17
Conecuh,
Coosa,17
Covington,15
Crenshaw,
Cullman,22
Dale,16
Dallas,11
DeKalb,18
Elmore,20
Escambia,20
Etowah,15
Fayette,24
Franklin,14
Geneva,15
Greene,
Hale,13
Henry,15
Houston,15
Jackson,24
Jefferson,12
Lamar,
Lauderdale,13
Lawrence,21
Lee,12
Limestone,14
Lowndes,
Macon,
Madison,16
Marengo,
Marion,18
Marshall,16
Mobile,15
Monroe,14
Montgomery,11
Morgan,21
Perry,
Pickens,
Pike,9
Randolph,22
Russell,17
St. Clair,19
Shelby,14
Sumter,
Talladega,18
Tallapoosa,17
Tuscaloosa,11
Walker,23
Washington,15
Wilcox,
Winston,15
Aleutians East,
Aleutians West,
Anchorage,21
Bethel,36
Bristol Bay,
Denali,
Dillingham,
Fairbanks North Star,24
Haines,
Hoonah-Angoon,
Juneau,22
Kenai Peninsula,28
Ketchikan Gateway,24
Kodiak Island,17
Kusilvak,113
Lake and Peninsula,
Matanuska-Susitna,22
Nome,63
North Slope,30
Northwest Arctic,73
Petersburg,
Prince of Wales-Hyder,
Sitka,
Skagway,
Southeast Fairbanks,
Valdez-Cordova,33
Wrangell,
Yakutat,
Yukon-Koyukuk,39
Apache,35
Cochise,21
Coconino,25
Gila,39
Graham,20
Greenlee,
La Paz,36
Maricopa,15
Mohave,31
Navajo,35
Pima,18
Pinal,16
Santa Cruz,9
Yavapai,31
Yuma,14
Arkansas,14
Ashley,12
Baxter,29
Benton,17
Boone,21
Bradley,
Calhoun,
Carroll,23
Chicot,
Clark,12
Clay,16
Cleburne,21
Cleveland,
Columbia,17
Conway,20
Craighead,16
Crawford,23
Crittenden,10
Cross,24
Dallas,
Desha,
Drew,18
Faulkner,17
Franklin,25
Fulton,34
Garland,30
Grant,19
Greene,28
Hempstead,
Hot Spring,28
Howard,13
Independence,20
Izard,32
Jackson,13
Jefferson,13
Johnson,19
Lafayette,
Lawrence,17
Lee,
Lincoln,14
Little River,18
Logan,29
Lonoke,23
Madison,24
Marion,35
Miller,17
Mississippi,15
Monroe,
Montgomery,23
Nevada,
Newton,
Ouachita,16
Perry,19
Phillips,18
Pike,
Poinsett,29
Polk,25
Pope,18
Prairie,
Pulaski,16
Randolph,21
St. Francis,7
Saline,18
Scott,22
Searcy,28
Sebastian,17
Sevier,14
Sharp,29
Stone,40
Union,16
Van Buren,15
Washington,16
White,19
Woodruff,
Yell,15
Alameda,8
Alpine,
Amador,27
Butte,18
Calaveras,23
Colusa,15
Contra Costa,9
Del Norte,17
El Dorado,16
Fresno,11
Glenn,23
Humboldt,24
Imperial,8
Inyo,14
Kern,13
Kings,12
Lake,29
Lassen,25
Los Angeles,8
Madera,11
Marin,13
Mariposa,31
Mendocino,20
Merced,10
Modoc,24
Mono,
Monterey,9
Napa,9
Nevada,19
Orange,9
Placer,12
Plumas,21
Riverside,11
Sacramento,12
San Benito,9
San Bernardino,10
San Diego,12
San Francisco,9
San Joaquin,10
San Luis Obispo,17
San Mateo,7
Santa Barbara,12
Santa Clara,7
Santa Cruz,15
Shasta,24
Sierra,
Siskiyou,22
Solano,12
Sonoma,13
Stanislaus,10
Sutter,15
Tehama,20
Trinity,37
Tulare,10
Tuolumne,19
Ventura,10
Yolo,10
Yuba,19
Adams,19
Alamosa,24
Arapahoe,17
Archuleta,25
Baca,
Bent,
Boulder,17
Broomfield,17
Chaffee,26
Cheyenne,
Clear Creek,25
Conejos,27
Costilla,
Crowley,
Custer,69
Delta,30
Denver,17
Dolores,
Douglas,16
Eagle,15
Elbert,20
El Paso,25
Fremont,28
Garfield,21
Gilpin,
Grand,23
Gunnison,36
Hinsdale,
Huerfano,43
Jackson,
Jefferson,18
Kiowa,
Kit Carson,33
Lake,27
La Plata,22
Larimer,22
Las Animas,35
Lincoln,
Logan,20
Mesa,29
Mineral,
Moffat,21
Montezuma,42
Montrose,24
Morgan,20
Otero,16
Ouray,
Park,36
Phillips,
Pitkin,18
Prowers,19
Pueblo,26
Rio Blanco,29
Rio Grande,22
Routt,13
Saguache,46
San Juan,
San Miguel,
Sedgwick,
Summit,20
Teller,39
Washington,
Weld,19
Yuma,
Fairfield,7
Hartford,9
Litchfield,12
Middlesex,9
New Haven,11
New London,12
Tolland,13
Windham,14
Kent,13
New Castle,11
Sussex,12
District of Columbia,6
Alachua,13
Baker,13
Bay,23
Bradford,13
Brevard,20
Broward,11
Calhoun,
Charlotte,17
Citrus,23
Clay,17
Collier,11
Columbia,17
DeSoto,16
Dixie,14
Duval,15
Escambia,19
Flagler,22
Franklin,12
Gadsden,11
Gilchrist,18
Glades,18
Gulf,18
Hamilton,
Hardee,13
Hendry,15
Hernando,17
Highlands,21
Hillsborough,13
Holmes,18
Indian River,15
Jackson,15
Jefferson,
Lafayette,
Lake,16
Lee,16
Leon,11
Levy,19
Liberty,
Madison,
Manatee,15
Marion,20
Martin,15
Miami-Dade,8
Monroe,23
Nassau,20
Okaloosa,19
Okeechobee,15
Orange,10
Osceola,10
Palm Beach,14
Pasco,18
Pinellas,18
Polk,13
Putnam,21
St. Johns,17
St. Lucie,15
Santa Rosa,19
Sarasota,19
Seminole,12
Sumter,13
Suwannee,19
Taylor,18
Union,21
Volusia,20
Wakulla,19
Walton,17
Washington,22
Appling,18
Atkinson,
Bacon,
Baker,
Baldwin,15
Banks,20
Barrow,17
Bartow,17
Ben Hill,11
Berrien,21
Bibb,12
Bleckley,17
Brantley,13
Brooks,19
Bryan,17
Bulloch,11
Burke,19
Butts,17
Calhoun,
Camden,17
Candler,18
Carroll,18
Catoosa,15
Charlton,18
Chatham,15
Chattahoochee,
Chattooga,14
Cherokee,15
Clarke,14
Clay,
Clayton,9
Clinch,
Cobb,12
Coffee,13
Colquitt,15
Columbia,14
Cook,15
Coweta,12
Crawford,16
Crisp,22
Dade,21
Dawson,33
Decatur,20
DeKalb,8
Dodge,17
Dooly,
Dougherty,8
Douglas,12
Early,
Echols,
Effingham,18
Elbert,15
Emanuel,9
Evans,19
Fannin,21
Fayette,11
Floyd,16
Forsyth,13
Franklin,23
Fulton,10
Gilmer,18
Glascock,
Glynn,15
Gordon,16
Grady,16
Greene,22
Gwinnett,11
Habersham,15
Hall,16
Hancock,
Haralson,17
Harris,14
Hart,19
Heard,
Henry,11
Houston,15
Irwin,
Jackson,23
Jasper,
Jeff Davis,
Jefferson,
Jenkins,
Johnson,
Jones,23
Lamar,10
Lanier,
Laurens,10
Lee,15
Liberty,19
Lincoln,
Long,
Lowndes,11
Lumpkin,22
McDuffie,10
McIntosh,14
Macon,
Madison,19
Marion,
Meriwether,16
Miller,
Mitchell,16
Monroe,17
Montgomery,25
Morgan,10
Murray,13
Muscogee,12
Newton,13
Oconee,15
Oglethorpe,20
Paulding,13
Peach,21
Pickens,25
Pierce,14
Pike,16
Polk,19
Pulaski,25
Putnam,14
Quitman,
Rabun,10
Randolph,
Richmond,14
Rockdale,13
Schley,
Screven,
Seminole,
Spalding,14
Stephens,22
Stewart,
Sumter,15
Talbot,
Taliaferro,
Tattnall,17
Taylor,
Telfair,10
Terrell,
Thomas,12
Tift,13
Toombs,14
Towns,19
Treutlen,
Troup,14
Turner,
Twiggs,27
Union,21
Upson,14
Walker,15
Walton,17
Ware,14
Warren,
Washington,10
Wayne,18
Webster,
Wheeler,
White,14
Whitfield,12
Wilcox,22
Wilkes,20
Wilkinson,
Worth,18
Hawaii,19
Honolulu,11
Kalawao,
Kauai,22
Maui,16
Ada,20
Adams,
Bannock,30
Bear Lake,
Benewah,34
Bingham,24
Blaine,19
Boise,36
Bonner,22
Bonneville,25
Boundary,26
Butte,
Camas,
Canyon,19
Caribou,40
Cassia,23
Clark,
Clearwater,33
Custer,
Elmore,21
Franklin,26
Fremont,
Gem,22
Gooding,19
Idaho,37
Jefferson,16
Jerome,17
Kootenai,20
Latah,16
Lemhi,25
Lewis,
Lincoln,
Madison,10
Minidoka,22
Nez Perce,24
Oneida,
Owyhee,26
Payette,23
Power,
Shoshone,40
Teton,17
Twin Falls,26
Valley,14
Washington,
Adams,18
Alexander,
Bond,11
Boone,7
Brown,
Bureau,16
Calhoun,
Carroll,
Cass,18
Champaign,11
Christian,18
Clark,20
Clay,16
Clinton,9
Coles,8
Cook,8
Crawford,11
Cumberland,
DeKalb,14
De Witt,15
Douglas,16
DuPage,9
Edgar,22
Edwards,37
Effingham,15
Fayette,14
Ford,
Franklin,18
Fulton,17
Gallatin,
Greene,
Grundy,13
Hamilton,
Hancock,18
Hardin,
Henderson,
Henry,14
Iroquois,15
Jackson,12
Jasper,
Jefferson,15
Jersey,18
Jo Daviess,12
Johnson,
Kane,8
Kankakee,10
Kendall,9
Knox,17
Lake,9
LaSalle,17
Lawrence,18
Lee,17
Livingston,20
Logan,18
McDonough,13
McHenry,11
McLean,11
Macon,12
Macoupin,15
Madison,17
Marion,28
Marshall,
Mason,32
Massac,26
Menard,
Mercer,22
Monroe,10
Montgomery,15
Morgan,19
Moultrie,23
Ogle,12
Peoria,13
Perry,18
Piatt,
Pike,23
Pope,
Pulaski,
Putnam,
Randolph,18
Richland,15
Rock Island,15
St. Clair,11
Saline,16
Sangamon,14
Schuyler,
Scott,
Shelby,18
Stark,
Stephenson,11
Tazewell,14
Union,27
Vermilion,15
Wabash,
Warren,12
Washington,23
Wayne,18
White,20
Whiteside,18
Will,10
Williamson,18
Winnebago,13
Woodford,21
Adams,7
Allen,13
Bartholomew,15
Benton,23
Blackford,
Boone,16
Brown,16
Carroll,17
Cass,20
Clark,16
Clay,21
Clinton,20
Crawford,
Daviess,11
Dearborn,23
Decatur,11
DeKalb,14
Delaware,14
Dubois,19
Elkhart,12
Fayette,20
Floyd,14
Fountain,24
Franklin,17
Fulton,14
Gibson,25
Grant,17
Greene,14
Hamilton,11
Hancock,15
Harrison,12
Hendricks,16
Henry,17
Howard,14
Huntington,13
Jackson,20
Jasper,16
Jay,17
Jefferson,27
Jennings,27
Johnson,13
Knox,17
Kosciusko,12
LaGrange,11
Lake,13
LaPorte,15
Lawrence,16
Madison,19
Marion,15
Marshall,16
Martin,
Miami,11
Monroe,14
Montgomery,16
Morgan,18
Newton,16
Noble,11
Ohio,
Orange,14
Owen,21
Parke,13
Perry,14
Pike,28
Porter,16
Posey,18
Pulaski,
Putnam,22
Randolph,13
Ripley,18
Rush,27
St. Joseph,13
Scott,11
Shelby,18
Spencer,12
Starke,19
Steuben,14
Sullivan,17
Switzerland,
Tippecanoe,11
Tipton,16
Union,
Vanderburgh,19
Vermillion,17
Vigo,23
Wabash,9
Warren,
Warrick,15
Washington,20
Wayne,18
Wells,12
White,17
Whitley,15
Adair,
Adams,
Allamakee,14
Appanoose,19
Audubon,39
Benton,17
Black Hawk,14
Boone,12
Bremer,11
Buchanan,14
Buena Vista,
Butler,
Calhoun,
Carroll,13
Cass,26
Cedar,
Cerro Gordo,19
Cherokee,20
Chickasaw,
Clarke,
Clay,20
Clayton,13
Clinton,18
Crawford,12
Dallas,12
Davis,
Decatur,
Delaware,
Des Moines,19
Dickinson,
Dubuque,12
Emmet,
Fayette,18
Floyd,18
Franklin,
Fremont,
Greene,
Grundy,15
Guthrie,
Hamilton,
Hancock,
Hardin,
Harrison,16
Henry,18
Howard,
Humboldt,
Ida,
Iowa,26
Jackson,22
Jasper,16
Jefferson,21
Johnson,11
Jones,8
Keokuk,
Kossuth,
Lee,23
Linn,15
Louisa,19
Lucas,
Lyon,
Madison,
Mahaska,13
Marion,16
Marshall,9
Mills,16
Mitchell,
Monona,
Monroe,30
Montgomery,
Muscatine,16
O'Brien,
Osceola,
Page,
Palo Alto,28
Plymouth,9
Pocahontas,
Polk,14
Pottawattamie,17
Poweshiek,
Ringgold,
Sac,
Scott,15
Shelby,
Sioux,
Story,9
Tama,16
Taylor,
Union,25
Van Buren,
Wapello,19
Warren,14
Washington,17
Wayne,
Webster,18
Winnebago,
Winneshiek,10
Woodbury,13
Worth,
Wright,
Allen,17
Anderson,29
Atchison,14
Barber,
Barton,19
Bourbon,13
Brown,
Butler,23
Chase,
Chautauqua,
Cherokee,18
Cheyenne,
Clark,
Clay,
Cloud,
Coffey,
Comanche,
Cowley,16
Crawford,16
Decatur,
Dickinson,18
Doniphan,
Douglas,16
Edwards,
Elk,
Ellis,13
Ellsworth,
Finney,13
Ford,19
Franklin,13
Geary,24
Gove,
Graham,
Grant,
Gray,
Greeley,
Greenwood,
Hamilton,
Harper,42
Harvey,13
Haskell,
Hodgeman,
Jackson,
Jefferson,28
Jewell,
Johnson,15
Kearny,
Kingman,26
Kiowa,
Labette,19
Lane,
Leavenworth,18
Lincoln,
Linn,
Logan,
Lyon,16
McPherson,20
Marion,
Marshall,21
Meade,
Miami,21
Mitchell,
Montgomery,15
Morris,
Morton,
Nemaha,
Neosho,
Ness,
Norton,
Osage,17
Osborne,
Ottawa,
Pawnee,
Phillips,
Pottawatomie,15
Pratt,26
Rawlins,
Reno,16
Republic,
Rice,36
Riley,13
Rooks,
Rush,
Russell,
Saline,18
Scott,
Sedgwick,18
Seward,14
Shawnee,21
Sheridan,
Sherman,29
Smith,
Stafford,
Stanton,
Stevens,
Sumner,17
Thomas,
Trego,
Wabaunsee,
Wallace,
Washington,
Wichita,
Wilson,36
Woodson,
Wyandotte,17
Adair,14
Allen,18
Anderson,15
Ballard,
Barren,26
Bath,18
Bell,20
Boone,16
Bourbon,12
Boyd,17
Boyle,20
Bracken,
Breathitt,26
Breckinridge,18
Bullitt,22
Butler,16
Caldwell,22
Calloway,18
Campbell,12
Carlisle,
Carroll,28
Carter,12
Casey,34
Christian,19
Clark,14
Clay,14
Clinton,
Crittenden,29
Cumberland,
Daviess,20
Edmonson,
Elliott,
Estill,31
Fayette,12
Fleming,16
Floyd,19
Franklin,13
Fulton,
Gallatin,
Garrard,17
Grant,16
Graves,19
Grayson,26
Green,
Greenup,16
Hancock,23
Hardin,13
Harlan,17
Harrison,16
Hart,14
Henderson,20
Henry,13
Hickman,
Hopkins,21
Jackson,16
Jefferson,16
Jessamine,17
Johnson,15
Kenton,14
Knott,14
Knox,13
Larue,14
Laurel,18
Lawrence,
Lee,
Leslie,24
Letcher,20
Lewis,19
Lincoln,20
Livingston,15
Logan,11
Lyon,22
McCracken,20
McCreary,14
McLean,
Madison,15
Magoffin,
Marion,14
Marshall,24
Martin,
Mason,11
Meade,17
Menifee,
Mercer,15
Metcalfe,21
Monroe,
Montgomery,17
Morgan,15
Muhlenberg,16
Nelson,18
Nicholas,
Ohio,19
Oldham,10
Owen,19
Owsley,
Pendleton,26
Perry,15
Pike,18
Powell,17
Pulaski,18
Robertson,
Rockcastle,11
Rowan,14
Russell,17
Scott,14
Shelby,14
Simpson,17
Spencer,14
Taylor,12
Todd,
Trigg,27
Trimble,23
Union,31
Warren,16
Washington,
Wayne,21
Webster,19
Whitley,23
Wolfe,32
Woodford,20
Acadia,15
Allen,16
Ascension,14
Assumption,11
Avoyelles,21
Beauregard,12
Bienville,
Bossier,14
Caddo,13
Calcasieu,18
Caldwell,21
Cameron,
Catahoula,
Claiborne,16
Concordia,18
De Soto,14
East Baton Rouge,11
East Carroll,
East Feliciana,7
Evangeline,35
Franklin,17
Grant,14
Iberia,13
Iberville,9
Jackson,12
Jefferson,14
Jefferson Davis,13
Lafayette,14
Lafourche,20
La Salle,14
Lincoln,14
Livingston,18
Madison,
Morehouse,7
Natchitoches,14
Orleans,11
Ouachita,12
Plaquemines,13
Pointe Coupee,20
Rapides,18
Red River,
Richland,11
Sabine,20
St. Bernard,16
St. Charles,13
St. Helena,
St. James,9
St. John the Baptist,8
St. Landry,22
St. Martin,18
St. Mary,14
St. Tammany,17
Tangipahoa,16
Tensas,
Terrebonne,13
Union,
Vermilion,17
Vernon,21
Washington,10
Webster,19
West Baton Rouge,19
West Carroll,
West Feliciana,19
Winn,15
Androscoggin,17
Aroostook,18
Cumberland,12
Franklin,18
Hancock,15
Kennebec,19
Knox,17
Lincoln,20
Oxford,15
Penobscot,17
Piscataquis,23
Sagadahoc,23
Somerset,20
Waldo,20
Washington,25
York,16
Allegany,17
Anne Arundel,12
Baltimore,10
Calvert,14
Caroline,14
Carroll,14
Cecil,15
Charles,11
Dorchester,13
Frederick,11
Garrett,17
Harford,12
Howard,7
Kent,13
Montgomery,7
Prince George's,5
Queen Anne's,14
St. Mary's,11
Somerset,
Talbot,12
Washington,13
Wicomico,9
Worcester,8
Baltimore City,8
Barnstable,15
Berkshire,12
Bristol,11
Dukes,11
Essex,9
Franklin,10
Hampden,10
Hampshire,9
Middlesex,8
Nantucket,13
Norfolk,8
Plymouth,10
Suffolk,5
Worcester,9
Alcona,40
Alger,
Allegan,14
Alpena,19
Antrim,19
Arenac,21
Baraga,21
Barry,17
Bay,18
Benzie,
Berrien,16
Branch,18
Calhoun,19
Cass,18
Charlevoix,13
Cheboygan,19
Chippewa,18
Clare,21
Clinton,11
Crawford,28
Delta,23
Dickinson,13
Eaton,18
Emmet,20
Genesee,13
Gladwin,20
Gogebic,13
Grand Traverse,16
Gratiot,11
Hillsdale,18
Houghton,15
Huron,23
Ingham,13
Ionia,18
Iosco,23
Iron,
Isabella,11
Jackson,13
Kalamazoo,12
Kalkaska,14
Kent,11
Keweenaw,
Lake,24
Lapeer,15
Leelanau,13
Lenawee,13
Livingston,14
Luce,
Mackinac,23
Macomb,14
Manistee,26
Marquette,19
Mason,19
Mecosta,15
Menominee,20
Midland,11
Missaukee,
Monroe,16
Montcalm,17
Montmorency,24
Muskegon,16
Newaygo,16
Oakland,12
Oceana,17
Ogemaw,26
Ontonagon,
Osceola,18
Oscoda,46
Otsego,18
Ottawa,9
Presque Isle,23
Roscommon,22
Saginaw,12
St. Clair,16
St. Joseph,19
Sanilac,13
Schoolcraft,
Shiawassee,18
Tuscola,16
Van Buren,17
Washtenaw,9
Wayne,12
Wexford,19
Aitkin,31
Anoka,13
Becker,17
Beltrami,16
Benton,16
Big Stone,
Blue Earth,14
Brown,16
Carlton,15
Carver,10
Cass,24
Chippewa,
Chisago,14
Clay,12
Clearwater,
Cook,
Cottonwood,
Crow Wing,19
Dakota,12
Dodge,16
Douglas,11
Faribault,17
Fillmore,19
Freeborn,16
Goodhue,16
Grant,
Hennepin,10
Houston,10
Hubbard,17
Isanti,18
Itasca,27
Jackson,
Kanabec,20
Kandiyohi,13
Kittson,
Koochiching,17
Lac qui Parle,
Lake,
Lake of the Woods,
Le Sueur,13
Lincoln,
Lyon,11
McLeod,13
Mahnomen,
Marshall,
Martin,14
Meeker,17
Mille Lacs,22
Morrison,10
Mower,11
Murray,
Nicollet,11
Nobles,
Norman,
Olmsted,10
Otter Tail,21
Pennington,19
Pine,19
Pipestone,
Polk,18
Pope,
Ramsey,13
Red Lake,
Redwood,14
Renville,
Rice,9
Rock,
Roseau,21
St. Louis,20
Scott,9
Sherburne,13
Sibley,
Stearns,12
Steele,10
Stevens,
Swift,
Todd,14
Traverse,
Wabasha,
Wadena,21
Waseca,13
Washington,11
Watonwan,21
Wilkin,
Winona,13
Wright,12
Yellow Medicine,
Adams,12
Alcorn,21
Amite,16
Attala,13
Benton,
Bolivar,8
Calhoun,
Carroll,
Chickasaw,
Choctaw,
Claiborne,
Clarke,10
Clay,11
Coahoma,
Copiah,17
Covington,17
DeSoto,13
Forrest,15
Franklin,
George,13
Greene,
Grenada,14
Hancock,17
Harrison,21
Hinds,9
Holmes,
Humphreys,
Issaquena,
Itawamba,13
Jackson,16
Jasper,12
Jefferson,
Jefferson Davis,20
Jones,13
Kemper,
Lafayette,10
Lamar,14
Lauderdale,8
Lawrence,16
Leake,18
Lee,11
Leflore,8
Lincoln,12
Lowndes,13
Madison,11
Marion,11
Marshall,12
Monroe,14
Montgomery,
Neshoba,19
Newton,17
Noxubee,
Oktibbeha,9
Panola,14
Pearl River,21
Perry,
Pike,13
Pontotoc,17
Prentiss,12
Quitman,
Rankin,15
Scott,13
Sharkey,
Simpson,12
Smith,15
Stone,14
Sunflower,10
Tallahatchie,
Tate,13
Tippah,15
Tishomingo,23
Tunica,
Union,13
Walthall,15
Warren,13
Washington,7
Wayne,18
Webster,
Wilkinson,
Winston,16
Yalobusha,
Yazoo,7
Adair,21
Andrew,13
Atchison,
Audrain,19
Barry,17
Barton,
Bates,18
Benton,33
Bollinger,18
Boone,11
Buchanan,19
Butler,18
Caldwell,
Callaway,18
Camden,20
Cape Girardeau,18
Carroll,26
Carter,
Cass,21
Cedar,24
Chariton,
Christian,18
Clark,
Clay,19
Clinton,25
Cole,15
Cooper,13
Crawford,26
Dade,
Dallas,17
Daviess,
DeKalb,14
Dent,11
Douglas,32
Dunklin,22
Franklin,24
Gasconade,17
Gentry,
Greene,21
Grundy,
Harrison,
Henry,26
Hickory,32
Holt,
Howard,20
Howell,23
Iron,17
Jackson,18
Jasper,26
Jefferson,22
Johnson,20
Knox,
Laclede,22
Lafayette,16
Lawrence,20
Lewis,30
Lincoln,22
Linn,28
Livingston,17
McDonald,14
Macon,18
Madison,24
Maries,
Marion,19
Mercer,
Miller,18
Mississippi,17
Moniteau,14
Monroe,
Montgomery,33
Morgan,24
New Madrid,23
Newton,19
Nodaway,15
Oregon,26
Osage,20
Ozark,25
Pemiscot,14
Perry,13
Pettis,16
Phelps,21
Pike,17
Platte,17
Polk,19
Pulaski,19
Putnam,
Ralls,19
Randolph,23
Ray,23
Reynolds,33
Ripley,21
St. Charles,14
St. Clair,23
Ste. Genevieve,12
St. Francois,18
St. Louis,13
Saline,13
Schuyler,
Scotland,
Scott,27
Shannon,
Shelby,33
Stoddard,16
Stone,33
Sullivan,
Taney,19
Texas,14
Vernon,23
Warren,19
Washington,23
Wayne,26
Webster,22
Worth,
Wright,22
St. Louis City,11
Beaverhead,29
Big Horn,27
Blaine,
Broadwater,
Carbon,33
Carter,
Cascade,22
Chouteau,35
Custer,33
Daniels,
Dawson,
Deer Lodge,39
Fallon,
Fergus,14
Flathead,23
Gallatin,18
Garfield,
Glacier,30
Golden Valley,
Granite,
Hill,19
Jefferson,29
Judith Basin,
Lake,41
Lewis and Clark,25
Liberty,
Lincoln,33
McCone,
Madison,17
Meagher,
Mineral,56
Missoula,24
Musselshell,57
Park,40
Petroleum,
Phillips,38
Pondera,
Powder River,
Powell,27
Prairie,
Ravalli,28
Richland,35
Roosevelt,27
Rosebud,29
Sanders,14
Sheridan,
Silver Bow,35
Stillwater,32
Sweet Grass,
Teton,
Toole,
Treasure,
Valley,26
Wheatland,
Wibaux,
Yellowstone,24
Adams,16
Antelope,
Arthur,
Banner,
Blaine,
Boone,
Box Butte,29
Boyd,
Brown,
Buffalo,15
Burt,
Butler,
Cass,16
Cedar,
Chase,
Cherry,
Cheyenne,
Clay,
Colfax,17
Cuming,
Custer,24
Dakota,
Dawes,
Dawson,13
Deuel,
Dixon,
Dodge,16
Douglas,11
Dundy,
Fillmore,
Franklin,
Frontier,
Furnas,
Gage,24
Garden,
Garfield,
Gosper,
Grant,
Greeley,
Hall,14
Hamilton,
Harlan,
Hayes,
Hitchcock,
Holt,
Hooker,
Howard,
Jefferson,
Johnson,
Kearney,
Keith,
Keya Paha,
Kimball,
Knox,26
Lancaster,13
Lincoln,17
Logan,
Loup,
McPherson,
Madison,14
Merrick,
Morrill,
Nance,
Nemaha,
Nuckolls,
Otoe,16
Pawnee,
Perkins,
Phelps,
Pierce,
Platte,11
Polk,
Red Willow,
Richardson,
Rock,
Saline,
Sarpy,9
Saunders,13
Scotts Bluff,9
Seward,
Sheridan,
Sherman,
Sioux,
Stanton,
Thayer,
Thomas,
Thurston,
Valley,
Washington,8
Wayne,
Webster,
Wheeler,
York,23
Churchill,32
Clark,18
Douglas,21
Elko,26
Esmeralda,
Eureka,
Humboldt,33
Lander,
Lincoln,
Lyon,27
Mineral,
Nye,33
Pershing,33
Storey,
Washoe,21
White Pine,33
Carson City,24
Belknap,18
Carroll,24
Cheshire,20
Coos,23
Grafton,15
Hillsborough,18
Merrimack,19
Rockingham,15
Strafford,17
Sullivan,23
Atlantic,12
Bergen,7
Burlington,10
Camden,10
Cape May,11
Cumberland,8
Essex,5
Gloucester,9
Hudson,6
Hunterdon,11
Mercer,7
Middlesex,7
Monmouth,8
Morris,7
Ocean,9
Passaic,5
Salem,11
Somerset,6
Sussex,13
Union,6
Warren,12
Bernalillo,21
Catron,
Chaves,19
Cibola,22
Colfax,38
Curry,20
De Baca,
Dona Ana,16
Eddy,31
Grant,37
Guadalupe,
Harding,
Hidalgo,63
Lea,18
Lincoln,33
Los Alamos,11
Luna,21
McKinley,27
Mora,
Otero,26
Quay,41
Rio Arriba,24
Roosevelt,18
Sandoval,18
San Juan,29
San Miguel,29
Santa Fe,24
Sierra,38
Socorro,29
Taos,34
Torrance,30
Union,
Valencia,22
Albany,9
Allegany,15
Bronx,5
Broome,11
Cattaraugus,16
Cayuga,10
Chautauqua,13
Chemung,12
Chenango,12
Clinton,11
Columbia,15
Cortland,12
Delaware,16
Dutchess,11
Erie,11
Essex,11
Franklin,10
Fulton,14
Genesee,10
Greene,16
Hamilton,
Herkimer,13
Jefferson,11
Kings,5
Lewis,20
Livingston,10
Madison,11
Monroe,9
Montgomery,10
Nassau,6
New York,7
Niagara,14
Oneida,9
Onondaga,10
Ontario,12
Orange,8
Orleans,8
Oswego,14
Otsego,13
Putnam,7
Queens,5
Rensselaer,12
Richmond,6
Rockland,6
St. Lawrence,9
Saratoga,11
Schenectady,10
Schoharie,15
Schuyler,20
Seneca,14
Steuben,13
Suffolk,8
Sullivan,13
Tioga,12
Tompkins,10
Ulster,12
Warren,10
Washington,11
Wayne,10
Westchester,6
Wyoming,14
Yates,11
Alamance,13
Alexander,19
Alleghany,27
Anson,14
Ashe,16
Avery,15
Beaufort,21
Bertie,11
Bladen,12
Brunswick,13
Buncombe,17
Burke,18
Cabarrus,12
Caldwell,17
Camden,33
Carteret,21
Caswell,7
Catawba,17
Chatham,12
Cherokee,19
Chowan,13
Clay,
Cleveland,17
Columbus,11
Craven,14
Cumberland,15
Currituck,19
Dare,19
Davidson,16
Davie,17
Duplin,8
Durham,8
Edgecombe,10
Forsyth,11
Franklin,13
Gaston,16
Gates,
Graham,29
Granville,14
Greene,10
Guilford,11
Halifax,12
Harnett,13
Haywood,18
Henderson,18
Hertford,11
Hoke,13
Hyde,
Iredell,15
Jackson,16
Johnston,12
Jones,
Lee,13
Lenoir,10
Lincoln,11
McDowell,16
Macon,18
Madison,13
Martin,13
Mecklenburg,10
Mitchell,26
Montgomery,11
Moore,16
Nash,13
New Hanover,14
Northampton,12
Onslow,20
Orange,9
Pamlico,24
Pasquotank,16
Pender,21
Perquimans,13
Person,16
Pitt,11
Polk,29
Randolph,18
Richmond,12
Robeson,13
Rockingham,15
Rowan,20
Rutherford,21
Sampson,8
Scotland,10
Stanly,16
Stokes,22
Surry,25
Swain,14
Transylvania,25
Tyrrell,
Union,10
Vance,11
Wake,9
Warren,11
Washington,
Watauga,15
Wayne,10
Wilkes,19
Wilson,9
Yadkin,17
Yancey,19
Adams,
Barnes,
Benson,
Billings,
Bottineau,
Bowman,
Burke,
Burleigh,17
Cass,16
Cavalier,
Dickey,
Divide,
Dunn,
Eddy,
Emmons,
Foster,
Golden Valley,
Grand Forks,16
Grant,
Griggs,
Hettinger,
Kidder,
LaMoure,
Logan,
McHenry,
McIntosh,
McKenzie,26
McLean,
Mercer,35
Morton,16
Mountrail,19
Nelson,
Oliver,
Pembina,
Pierce,
Ramsey,17
Ransom,
Renville,
Richland,14
Rolette,31
Sargent,
Sheridan,
Sioux,49
Slope,
Stark,23
Steele,
Stutsman,16
Towner,
Traill,
Walsh,23
Ward,17
Wells,
Williams,20
Adams,19
Allen,14
Ashland,11
Ashtabula,21
Athens,12
Auglaize,11
Belmont,17
Brown,19
Butler,13
Carroll,15
Champaign,17
Clark,17
Clermont,13
Clinton,13
Columbiana,18
Coshocton,12
Crawford,12
Cuyahoga,12
Darke,15
Defiance,15
Delaware,9
Erie,13
Fairfield,11
Fayette,11
Franklin,12
Fulton,17
Gallia,20
Geauga,12
Greene,13
Guernsey,17
Hamilton,12
Hancock,14
Hardin,12
Harrison,
Henry,12
Highland,15
Hocking,19
Holmes,7
Huron,18
Jackson,19
Jefferson,17
Knox,13
Lake,13
Lawrence,14
Licking,15
Logan,18
Lorain,15
Lucas,14
Madison,14
Mahoning,14
Marion,16
Medina,14
Meigs,24
Mercer,11
Miami,14
Monroe,
Montgomery,15
Morgan,
Morrow,14
Muskingum,19
Noble,15
Ottawa,14
Paulding,20
Perry,16
Pickaway,14
Pike,24
Portage,13
Preble,13
Putnam,10
Richland,14
Ross,16
Sandusky,14
Scioto,17
Seneca,17
Shelby,12
Stark,18
Summit,16
Trumbull,18
Tuscarawas,12
Union,10
Van Wert,12
Vinton,17
Warren,11
Washington,14
Wayne,11
Williams,15
Wood,14
Wyandot,14
Adair,17
Alfalfa,
Atoka,21
Beaver,
Beckham,23
Blaine,
Bryan,19
Caddo,22
Canadian,18
Carter,24
Cherokee,21
Choctaw,24
Cimarron,
Cleveland,17
Coal,41
Comanche,15
Cotton,39
Craig,30
Creek,26
Custer,14
Delaware,21
Dewey,
Ellis,
Garfield,18
Garvin,25
Grady,22
Grant,
Greer,
Harmon,
Harper,
Haskell,18
Hughes,24
Jackson,14
Jefferson,
Johnston,22
Kay,22
Kingfisher,22
Kiowa,36
Latimer,32
Le Flore,23
Lincoln,20
Logan,19
Love,26
McClain,24
McCurtain,23
McIntosh,25
Major,40
Marshall,26
Mayes,28
Murray,17
Muskogee,22
Noble,23
Nowata,
Okfuskee,22
Oklahoma,18
Okmulgee,23
Osage,20
Ottawa,22
Pawnee,27
Payne,17
Pittsburg,29
Pontotoc,15
Pottawatomie,20
Pushmataha,17
Roger Mills,
Rogers,17
Seminole,15
Sequoyah,21
Stephens,19
Texas,14
Tillman,34
Tulsa,19
Wagoner,19
Washington,20
Washita,
Woods,
Woodward,23
Baker,38
Benton,14
Clackamas,15
Clatsop,25
Columbia,24
Coos,24
Crook,21
Curry,36
Deschutes,21
Douglas,25
Gilliam,
Grant,38
Harney,36
Hood River,13
Jackson,23
Jefferson,16
Josephine,29
Klamath,28
Lake,25
Lane,21
Lincoln,32
Linn,20
Malheur,17
Marion,15
Morrow,
Multnomah,16
Polk,11
Sherman,
Tillamook,22
Umatilla,20
Union,16
Wallowa,25
Wasco,20
Washington,12
Wheeler,
Yamhill,19
Adams,13
Allegheny,13
Armstrong,16
Beaver,14
Bedford,18
Berks,14
Blair,13
Bradford,21
Bucks,12
Butler,12
Cambria,18
Cameron,
Carbon,24
Centre,9
Chester,11
Clarion,17
Clearfield,20
Clinton,13
Columbia,15
Crawford,19
Cumberland,13
Dauphin,13
Delaware,12
Elk,22
Erie,18
Fayette,17
Forest,
Franklin,14
Fulton,12
Greene,13
Huntingdon,20
Indiana,14
Jefferson,15
Juniata,15
Lackawanna,18
Lancaster,11
Lawrence,17
Lebanon,14
Lehigh,15
Luzerne,19
Lycoming,17
McKean,15
Mercer,15
Mifflin,19
Monroe,17
Montgomery,12
Montour,14
Northampton,17
Northumberland,15
Perry,19
Philadelphia,10
Pike,16
Potter,15
Schuylkill,22
Snyder,10
Somerset,16
Sullivan,
Susquehanna,20
Tioga,15
Union,9
Venango,19
Warren,16
Washington,16
Wayne,22
Westmoreland,17
Wyoming,20
York,17
Bristol,14
Kent,12
Newport,10
Providence,10
Washington,10
Abbeville,18
Aiken,20
Allendale,
Anderson,19
Bamberg,
Barnwell,12
Beaufort,12
Berkeley,15
Calhoun,12
Charleston,14
Cherokee,20
Chester,17
Chesterfield,15
Clarendon,10
Colleton,23
Darlington,16
Dillon,11
Dorchester,16
Edgefield,13
Fairfield,10
Florence,9
Georgetown,11
Greenville,15
Greenwood,15
Hampton,
Horry,16
Jasper,17
Kershaw,16
Lancaster,14
Laurens,17
Lee,12
Lexington,17
McCormick,25
Marion,15
Marlboro,13
Newberry,15
Oconee,19
Orangeburg,12
Pickens,24
Richland,13
Saluda,10
Spartanburg,18
Sumter,10
Union,9
Williamsburg,7
York,15
Aurora,
Beadle,20
Bennett,
Bon Homme,
Brookings,15
Brown,12
Brule,
Buffalo,118
Butte,
Campbell,
Charles Mix,33
Clark,
Clay,
Codington,10
Corson,51
Custer,24
Davison,16
Day,
Deuel,
Dewey,51
Douglas,
Edmunds,
Fall River,30
Faulk,
Grant,
Gregory,
Haakon,
Hamlin,
Hand,
Hanson,
Harding,
Hughes,18
Hutchinson,
Hyde,
Jackson,
Jerauld,
Jones,
Kingsbury,
Lake,
Lawrence,22
Lincoln,9
Lyman,75
McCook,
McPherson,
Marshall,
Meade,17
Mellette,
Miner,
Minnehaha,19
Moody,
Oglala Lakota,53
Pennington,23
Perkins,
Potter,
Roberts,37
Sanborn,
Spink,
Stanley,
Sully,
Todd,64
Tripp,
Turner,
Union,13
Walworth,
Yankton,16
Ziebach,
Anderson,16
Bedford,15
Benton,26
Bledsoe,25
Blount,16
Bradley,13
Campbell,19
Cannon,21
Carroll,19
Carter,16
Cheatham,22
Chester,12
Claiborne,25
Clay,47
Cocke,22
Coffee,21
Crockett,16
Cumberland,26
Davidson,13
Decatur,
DeKalb,23
Dickson,22
Dyer,15
Fayette,13
Fentress,12
Franklin,15
Gibson,17
Giles,22
Grainger,17
Greene,18
Grundy,15
Hamblen,21
Hamilton,13
Hancock,31
Hardeman,10
Hardin,19
Hawkins,12
Haywood,11
Henderson,15
Henry,30
Hickman,16
Houston,
Humphreys,17
Jackson,18
Jefferson,12
Johnson,27
Knox,15
Lake,
Lauderdale,13
Lawrence,21
Lewis,32
Lincoln,29
Loudon,15
McMinn,21
McNairy,21
Macon,27
Madison,15
Marion,16
Marshall,17
Maury,16
Meigs,
Monroe,20
Montgomery,20
Moore,
Morgan,19
Obion,17
Overton,18
Perry,29
Pickett,
Polk,26
Putnam,20
Rhea,22
Roane,26
Robertson,19
Rutherford,13
Scott,31
Sequatchie,26
Sevier,19
Shelby,9
Smith,18
Stewart,29
Sullivan,18
Sumner,17
Tipton,18
Trousdale,28
Unicoi,12
Union,29
Van Buren,
Warren,18
Washington,16
Wayne,18
Weakley,20
White,20
Williamson,12
Wilson,17
Anderson,25
Andrews,20
Angelina,14
Aransas,21
Archer,22
Armstrong,
Atascosa,16
Austin,24
Bailey,
Bandera,18
Bastrop,18
Baylor,
Bee,18
Bell,17
Bexar,11
Blanco,33
Borden,
Bosque,20
Bowie,19
Brazoria,13
Brazos,11
Brewster,31
Briscoe,
Brooks,
Brown,22
Burleson,20
Burnet,15
Caldwell,14
Calhoun,17
Callahan,20
Cameron,7
Camp,
Carson,
Cass,25
Castro,
Chambers,15
Cherokee,17
Childress,
Clay,17
Cochran,
Coke,
Coleman,
Collin,10
Collingsworth,
Colorado,16
Comal,15
Comanche,
Concho,
Cooke,23
Coryell,18
Cottle,
Crane,
Crockett,
Crosby,
Culberson,
Dallam,
Dallas,10
Dawson,20
Deaf Smith,17
Delta,
Denton,10
DeWitt,15
Dickens,
Dimmit,
Donley,
Duval,29
Eastland,17
Ector,15
Edwards,
Ellis,12
El Paso,10
Erath,15
Falls,
Fannin,27
Fayette,8
Fisher,
Floyd,
Foard,
Fort Bend,10
Franklin,
Freestone,23
Frio,10
Gaines,
Galveston,15
Garza,
Gillespie,20
Glasscock,
Goliad,25
Gonzales,12
Gray,21
Grayson,20
Gregg,15
Grimes,16
Guadalupe,12
Hale,14
Hall,
Hamilton,
Hansford,
Hardeman,
Hardin,19
Harris,10
Harrison,18
Hartley,
Haskell,
Hays,13
Hemphill,
Henderson,21
Hidalgo,6
Hill,24
Hockley,16
Hood,19
Hopkins,20
Houston,17
Howard,25
Hudspeth,
Hunt,17
Hutchinson,16
Irion,
Jack,28
Jackson,19
Jasper,17
Jeff Davis,
Jefferson,13
Jim Hogg,
Jim Wells,20
Johnson,14
Jones,28
Karnes,
Kaufman,17
Kendall,17
Kenedy,
Kent,
Kerr,23
Kimble,
King,
Kinney,
Kleberg,8
Knox,
Lamar,16
Lamb,
Lampasas,21
La Salle,
Lavaca,9
Lee,21
Leon,24
Liberty,18
Limestone,14
Lipscomb,
Live Oak,22
Llano,17
Loving,
Lubbock,16
Lynn,
McCulloch,
McLennan,13
McMullen,
Madison,
Marion,28
Martin,
Mason,
Matagorda,17
Maverick,6
Medina,12
Menard,
Midland,14
Milam,17
Mills,
Mitchell,
Montague,22
Montgomery,15
Moore,13
Morris,19
Motley,
Nacogdoches,15
Navarro,22
Newton,27
Nolan,18
Nueces,13
Ochiltree,23
Oldham,
Orange,18
Palo Pinto,16
Panola,17
Parker,19
Parmer,
Pecos,13
Polk,25
Potter,22
Presidio,
Rains,23
Randall,22
Reagan,
Real,
Red River,15
Reeves,
Refugio,
Roberts,
Robertson,
Rockwall,14
Runnels,
Rusk,15
Sabine,19
San Augustine,
San Jacinto,16
San Patricio,15
San Saba,
Schleicher,
Scurry,
Shackelford,
Shelby,15
Sherman,
Smith,18
Somervell,23
Starr,8
Stephens,23
Sterling,
Stonewall,
Sutton,
Swisher,
Tarrant,12
Taylor,19
Terrell,
Terry,19
Throckmorton,
Titus,16
Tom Green,16
Travis,12
Trinity,20
Tyler,30
Upshur,17
Upton,
Uvalde,10
Val Verde,8
Van Zandt,20
Victoria,18
Walker,14
Waller,16
Ward,
Washington,6
Webb,5
Wharton,13
Wheeler,
Wichita,21
Wilbarger,19
Willacy,9
Williamson,13
Wilson,13
Winkler,29
Wise,17
Wood,17
Yoakum,
Young,24
Zapata,
Zavala,
Beaver,38
Box Elder,25
Cache,15
Carbon,32
Daggett,
Davis,18
Duchesne,43
Emery,34
Garfield,43
Grand,23
Iron,20
Juab,46
Kane,37
Millard,22
Morgan,
Piute,
Rich,
Salt Lake,22
San Juan,21
Sanpete,23
Sevier,38
Summit,15
Tooele,26
Uintah,32
Utah,16
Wasatch,18
Washington,26
Wayne,
Weber,27
Addison,7
Bennington,19
Caledonia,33
Chittenden,13
Essex,
Franklin,16
Grand Isle,
Lamoille,19
Orange,17
Orleans,13
Rutland,21
Washington,17
Windham,26
Windsor,21
Accomack,14
Albemarle,11
Alleghany,
Amelia,27
Amherst,15
Appomattox,22
Arlington,7
Augusta,18
Bath,
Bedford,18
Bland,
Botetourt,14
Brunswick,16
Buchanan,18
Buckingham,10
Campbell,15
Caroline,21
Carroll,22
Charles City,
Charlotte,20
Chesterfield,13
Clarke,25
Craig,
Culpeper,18
Cumberland,
Dickenson,33
Dinwiddie,18
Essex,
Fairfax,8
Fauquier,14
Floyd,18
Fluvanna,8
Franklin,15
Frederick,19
Giles,16
Gloucester,21
Goochland,15
Grayson,24
Greene,12
Greensville,
Halifax,17
Hanover,13
Henrico,11
Henry,18
Highland,
Isle of Wight,16
James City,14
King and Queen,
King George,23
King William,21
Lancaster,19
Lee,19
Loudoun,11
Louisa,13
Lunenburg,21
Madison,22
Mathews,31
Mecklenburg,17
Middlesex,22
Montgomery,12
Nelson,13
New Kent,22
Northampton,13
Northumberland,
Nottoway,9
Orange,19
Page,28
Patrick,17
Pittsylvania,18
Powhatan,13
Prince Edward,19
Prince George,17
Prince William,9
Pulaski,15
Rappahannock,
Richmond,20
Roanoke,17
Rockbridge,17
Rockingham,15
Russell,15
Scott,20
Shenandoah,15
Smyth,16
Southampton,
Spotsylvania,12
Stafford,12
Surry,
Sussex,
Tazewell,21
Warren,21
Washington,23
Westmoreland,15
Wise,22
Wythe,20
York,12
Alexandria City,8
Bristol City,19
Buena Vista City,
Charlottesville City,9
Chesapeake City,13
Colonial Heights City,28
Covington City,49
Danville City,16
Emporia City,
Fairfax City,16
Falls Church City,15
Franklin City,
Fredericksburg City,14
Galax City,
Hampton City,11
Harrisonburg City,14
Hopewell City,18
Lexington City,31
Lynchburg City,15
Manassas City,9
Manassas Park City,
Martinsville City,18
Newport News City,12
Norfolk City,12
Norton City,
Petersburg City,13
Poquoson City,
Portsmouth City,15
Radford City,
Richmond City,10
Roanoke City,20
Salem City,23
Staunton City,18
Suffolk City,10
Virginia Beach City,13
Waynesboro City,24
Williamsburg City,
Winchester City,14
Adams,
Asotin,23
Benton,17
Chelan,13
Clallam,27
Clark,16
Columbia,
Cowlitz,20
Douglas,11
Ferry,53
Franklin,11
Garfield,
Grant,12
Grays Harbor,21
Island,15
Jefferson,32
King,11
Kitsap,16
Kittitas,19
Klickitat,15
Lewis,20
Lincoln,18
Mason,21
Okanogan,20
Pacific,22
Pend Oreille,23
Pierce,18
San Juan,14
Skagit,16
Skamania,26
Snohomish,15
Spokane,19
Stevens,21
Thurston,17
Wahkiakum,
Walla Walla,14
Whatcom,16
Whitman,14
Yakima,14
Barbour,24
Berkeley,19
Boone,19
Braxton,25
Brooke,12
Cabell,18
Calhoun,
Clay,24
Doddridge,32
Fayette,18
Gilmer,
Grant,
Greenbrier,19
Hampshire,15
Hancock,25
Hardy,13
Harrison,24
Jackson,13
Jefferson,14
Kanawha,24
Lewis,19
Lincoln,18
Logan,18
McDowell,37
Marion,15
Marshall,20
Mason,16
Mercer,22
Mineral,22
Mingo,17
Monongalia,13
Monroe,17
Morgan,24
Nicholas,23
Ohio,18
Pendleton,
Pleasants,25
Pocahontas,
Preston,18
Putnam,13
Raleigh,21
Randolph,21
Ritchie,25
Roane,24
Summers,20
Taylor,
Tucker,
Tyler,
Upshur,15
Wayne,12
Webster,
Wetzel,16
Wirt,
Wood,20
Wyoming,25
Adams,17
Ashland,20
Barron,14
Bayfield,30
Brown,15
Buffalo,
Burnett,12
Calumet,13
Chippewa,20
Clark,13
Columbia,19
Crawford,17
Dane,12
Dodge,15
Door,19
Douglas,17
Dunn,11
Eau Claire,17
Florence,
Fond du Lac,16
Forest,
Grant,11
Green,11
Green Lake,11
Iowa,11
Iron,
Jackson,20
Jefferson,15
Juneau,21
Kenosha,13
Kewaunee,11
La Crosse,19
Lafayette,20
Langlade,22
Lincoln,14
Manitowoc,18
Marathon,15
Marinette,17
Marquette,22
Menominee,
Milwaukee,11
Monroe,13
Oconto,15
Oneida,15
Outagamie,15
Ozaukee,10
Pepin,
Pierce,9
Polk,22
Portage,14
Price,20
Racine,14
Richland,
Rock,17
Rusk,19
St. Croix,15
Sauk,14
Sawyer,28
Shawano,15
Sheboygan,15
Taylor,9
Trempealeau,19
Vernon,11
Vilas,22
Walworth,15
Washburn,23
Washington,12
Waukesha,13
Waupaca,17
Waushara,11
Winnebago,15
Wood,15
Albany,20
Big Horn,26
Campbell,21
Carbon,32
Converse,27
Crook,30
Fremont,29
Goshen,14
Hot Springs,
Johnson,36
Laramie,27
Lincoln,16
Natrona,29
Niobrara,
Park,26
Platte,44
Sheridan,26
Sublette,37
Sweetwater,22
Teton,12
Uinta,22
Washakie,
Weston,
