County_Name,avg_traffic_volume_per_meter_of_road
Autauga,88
Baldwin,86
Barbour,102
Bibb,29
Blount,33
Bullock,4
Butler,19
Calhoun,109
Chambers,20
Cherokee,25
Chilton,28
Choctaw,17
Clarke,66
Clay,37
Cleburne,41
Coffee,58
Colbert,80
Conecuh,34
Coosa,24
Covington,42
Crenshaw,57
Cullman,51
Dale,41
Dallas,60
DeKalb,53
Elmore,57
Escambia,35
Etowah,140
Fayette,34
Franklin,40
Geneva,44
Greene,35
Hale,42
Henry,29
Houston,139
Jackson,29
Jefferson,419
Lamar,28
Lauderdale,108
Lawrence,30
Lee,120
Limestone,49
Lowndes,11
Macon,14
Madison,199
Marengo,81
Marion,56
Marshall,64
Mobile,252
Monroe,32
Montgomery,359
Morgan,123
Perry,23
Pickens,32
Pike,66
Randolph,35
Russell,222
St. Clair,49
Shelby,113
Sumter,13
Talladega,69
Tallapoosa,44
Tuscaloosa,229
Walker,27
Washington,15
Wilcox,15
Winston,18
Aleutians East,0
Aleutians West,0
Anchorage,462
Bethel,4
Bristol Bay,0
Denali,5
Dillingham,0
Fairbanks North Star,107
Haines,9
Hoonah-Angoon,0
Juneau,95
Kenai Peninsula,42
Ketchikan Gateway,0
Kodiak Island,0
Kusilvak,0
Lake and Peninsula,0
Matanuska-Susitna,49
Nome,10
North Slope,10
Northwest Arctic,0
Petersburg,38
Prince of Wales-Hyder,0
Sitka,0
Skagway,59
Southeast Fairbanks,5
Valdez-Cordova,8
Wrangell,0
Yakutat,0
Yukon-Koyukuk,1
Apache,14
Cochise,36
Coconino,106
Gila,120
Graham,13
Greenlee,3
La Paz,111
Maricopa,885
Mohave,64
Navajo,65
Pima,1864
Pinal,63
Santa Cruz,167
Yavapai,63
Yuma,70
Arkansas,39
Ashley,26
Baxter,77
Benton,108
Boone,69
Bradley,5
Calhoun,32
Carroll,48
Chicot,46
Clark,127
Clay,53
Cleburne,8
Cleveland,8
Columbia,26
Conway,63
Craighead,125
Crawford,161
Crittenden,248
Cross,103
Dallas,85
Desha,70
Drew,69
Faulkner,125
Franklin,37
Fulton,38
Garland,188
Grant,54
Greene,106
Hempstead,47
Hot Spring,57
Howard,41
Independence,70
Izard,19
Jackson,21
Jefferson,93
Johnson,64
Lafayette,42
Lawrence,32
Lee,48
Lincoln,28
Little River,51
Logan,54
Lonoke,56
Madison,11
Marion,14
Miller,168
Mississippi,65
Monroe,76
Montgomery,23
Nevada,21
Newton,15
Ouachita,30
Perry,23
Phillips,47
Pike,46
Poinsett,50
Polk,47
Pope,102
Prairie,20
Pulaski,301
Randolph,23
St. Francis,29
Saline,115
Scott,18
Searcy,29
Sebastian,193
Sevier,52
Sharp,37
Stone,16
Union,70
Van Buren,28
Washington,178
White,69
Woodruff,23
Yell,67
Alameda,1620
Alpine,4
Amador,50
Butte,240
Calaveras,17
Colusa,152
Contra Costa,1015
Del Norte,57
El Dorado,113
Fresno,335
Glenn,132
Humboldt,280
Imperial,225
Inyo,94
Kern,302
Kings,117
Lake,34
Lassen,38
Los Angeles,2069
Madera,196
Marin,870
Mariposa,9
Mendocino,96
Merced,207
Modoc,13
Mono,10
Monterey,221
Napa,379
Nevada,155
Orange,1797
Placer,279
Plumas,44
Riverside,407
Sacramento,877
San Benito,120
San Bernardino,594
San Diego,986
San Francisco,2318
San Joaquin,595
San Luis Obispo,151
San Mateo,1478
Santa Barbara,332
Santa Clara,1524
Santa Cruz,374
Shasta,208
Sierra,13
Siskiyou,75
Solano,707
Sonoma,474
Stanislaus,305
Sutter,151
Tehama,85
Trinity,19
Tulare,191
Tuolumne,19
Ventura,637
Yolo,360
Yuba,189
Adams,490
Alamosa,143
Arapahoe,453
Archuleta,45
Baca,56
Bent,57
Boulder,306
Broomfield,187
Chaffee,113
Cheyenne,41
Clear Creek,454
Conejos,33
Costilla,39
Crowley,5
Custer,11
Delta,66
Denver,1028
Dolores,50
Douglas,194
Eagle,259
Elbert,14
El Paso,236
Fremont,42
Garfield,168
Gilpin,5
Grand,88
Gunnison,49
Hinsdale,14
Huerfano,112
Jackson,18
Jefferson,396
Kiowa,49
Kit Carson,75
Lake,1
La Plata,113
Larimer,119
Las Animas,68
Lincoln,49
Logan,55
Mesa,99
Mineral,17
Moffat,118
Montezuma,93
Montrose,92
Morgan,39
Otero,75
Ouray,82
Park,18
Phillips,54
Pitkin,271
Prowers,152
Pueblo,170
Rio Blanco,60
Rio Grande,115
Routt,117
Saguache,14
San Juan,3
San Miguel,25
Sedgwick,6
Summit,169
Teller,76
Washington,41
Weld,148
Yuma,83
Fairfield,776
Hartford,445
Litchfield,132
Middlesex,250
New Haven,550
New London,206
Tolland,108
Windham,109
Kent,67
New Castle,381
Sussex,70
District of Columbia,465
Alachua,331
Baker,26
Bay,181
Bradford,79
Brevard,267
Broward,817
Calhoun,26
Charlotte,118
Citrus,59
Clay,155
Collier,161
Columbia,101
DeSoto,116
Dixie,25
Duval,421
Escambia,256
Flagler,130
Franklin,45
Gadsden,35
Gilchrist,30
Glades,43
Gulf,55
Hamilton,17
Hardee,92
Hendry,87
Hernando,79
Highlands,118
Hillsborough,444
Holmes,32
Indian River,142
Jackson,30
Jefferson,45
Lafayette,41
Lake,189
Lee,189
Leon,197
Levy,46
Liberty,22
Madison,47
Manatee,339
Marion,99
Martin,183
Miami-Dade,1079
Monroe,286
Nassau,22
Okaloosa,221
Okeechobee,140
Orange,511
Osceola,270
Palm Beach,586
Pasco,167
Pinellas,347
Polk,197
Putnam,81
St. Johns,77
St. Lucie,267
Santa Rosa,106
Sarasota,256
Seminole,355
Sumter,48
Suwannee,11
Taylor,59
Union,11
Volusia,255
Wakulla,28
Walton,102
Washington,40
Appling,36
Atkinson,71
Bacon,47
Baker,4
Baldwin,89
Banks,19
Barrow,41
Bartow,148
Ben Hill,46
Berrien,22
Bibb,429
Bleckley,3
Brantley,20
Brooks,93
Bryan,105
Bulloch,81
Burke,51
Butts,23
Calhoun,17
Camden,47
Candler,24
Carroll,94
Catoosa,210
Charlton,27
Chatham,362
Chattahoochee,33
Chattooga,63
Cherokee,301
Clarke,268
Clay,5
Clayton,408
Clinch,57
Cobb,542
Coffee,57
Colquitt,83
Columbia,122
Cook,114
Coweta,102
Crawford,8
Crisp,88
Dade,119
Dawson,70
Decatur,96
DeKalb,991
Dodge,35
Dooly,51
Dougherty,221
Douglas,206
Early,31
Echols,1
Effingham,10
Elbert,259
Emanuel,29
Evans,53
Fannin,50
Fayette,55
Floyd,161
Forsyth,59
Franklin,42
Fulton,1682
Gilmer,24
Glascock,0
Glynn,174
Gordon,209
Grady,89
Greene,56
Gwinnett,311
Habersham,41
Hall,158
Hancock,23
Haralson,20
Harris,31
Hart,10
Heard,6
Henry,201
Houston,126
Irwin,34
Jackson,69
Jasper,8
Jeff Davis,43
Jefferson,46
Jenkins,26
Johnson,19
Jones,41
Lamar,17
Lanier,11
Laurens,55
Lee,39
Liberty,57
Lincoln,6
Long,26
Lowndes,106
Lumpkin,44
McDuffie,57
McIntosh,37
Macon,3
Madison,23
Marion,17
Meriwether,22
Miller,27
Mitchell,41
Monroe,182
Montgomery,31
Morgan,50
Murray,42
Muscogee,473
Newton,67
Oconee,45
Oglethorpe,18
Paulding,72
Peach,117
Pickens,39
Pierce,55
Pike,19
Polk,94
Pulaski,49
Putnam,40
Quitman,33
Rabun,65
Randolph,30
Richmond,395
Rockdale,178
Schley,10
Screven,22
Seminole,53
Spalding,142
Stephens,62
Stewart,21
Sumter,79
Talbot,13
Taliaferro,12
Tattnall,37
Taylor,30
Telfair,48
Terrell,193
Thomas,78
Tift,147
Toombs,60
Towns,60
Treutlen,31
Troup,89
Turner,93
Twiggs,13
Union,35
Upson,94
Walker,50
Walton,68
Ware,137
Warren,14
Washington,4
Wayne,52
Webster,8
Wheeler,17
White,44
Whitfield,225
Wilcox,20
Wilkes,17
Wilkinson,11
Worth,100
Hawaii,83
Honolulu,1370
Kalawao,0
Kauai,154
Maui,168
Ada,277
Adams,42
Bannock,251
Bear Lake,64
Benewah,67
Bingham,66
Blaine,41
Boise,22
Bonner,65
Bonneville,156
Boundary,76
Butte,35
Camas,7
Canyon,197
Caribou,28
Cassia,104
Clark,12
Clearwater,31
Custer,11
Elmore,67
Franklin,48
Fremont,73
Gem,56
Gooding,25
Idaho,32
Jefferson,50
Jerome,22
Kootenai,151
Latah,110
Lemhi,35
Lewis,37
Lincoln,66
Madison,205
Minidoka,40
Nez Perce,39
Oneida,14
Owyhee,41
Payette,121
Power,88
Shoshone,128
Teton,34
Twin Falls,135
Valley,40
Washington,45
Adams,98
Alexander,66
Bond,34
Boone,93
Brown,60
Bureau,69
Calhoun,4
Carroll,59
Cass,31
Champaign,213
Christian,82
Clark,44
Clay,55
Clinton,49
Coles,173
Cook,947
Crawford,42
Cumberland,45
DeKalb,114
De Witt,123
Douglas,46
DuPage,509
Edgar,114
Edwards,57
Effingham,139
Fayette,56
Ford,38
Franklin,130
Fulton,90
Gallatin,22
Greene,8
Grundy,154
Hamilton,38
Hancock,47
Hardin,7
Henderson,17
Henry,67
Iroquois,64
Jackson,152
Jasper,30
Jefferson,94
Jersey,42
Jo Daviess,66
Johnson,27
Kane,200
Kankakee,230
Kendall,152
Knox,93
Lake,203
LaSalle,122
Lawrence,38
Lee,133
Livingston,69
Logan,75
McDonough,104
McHenry,150
McLean,202
Macon,188
Macoupin,38
Madison,155
Marion,126
Marshall,37
Mason,37
Massac,37
Menard,16
Mercer,30
Monroe,118
Montgomery,61
Morgan,81
Moultrie,86
Ogle,83
Peoria,238
Perry,94
Piatt,42
Pike,54
Pope,2
Pulaski,8
Putnam,10
Randolph,85
Richland,39
Rock Island,204
St. Clair,182
Saline,111
Sangamon,216
Schuyler,47
Scott,18
Shelby,54
Stark,18
Stephenson,107
Tazewell,149
Union,76
Vermilion,160
Wabash,123
Warren,24
Washington,50
Wayne,72
White,110
Whiteside,106
Will,236
Williamson,101
Winnebago,271
Woodford,39
Adams,84
Allen,162
Bartholomew,144
Benton,28
Blackford,20
Boone,192
Brown,17
Carroll,55
Cass,61
Clark,319
Clay,138
Clinton,54
Crawford,4
Daviess,50
Dearborn,121
Decatur,125
DeKalb,72
Delaware,124
Dubois,143
Elkhart,179
Fayette,204
Floyd,343
Fountain,17
Franklin,54
Fulton,83
Gibson,120
Grant,132
Greene,66
Hamilton,186
Hancock,95
Harrison,20
Hendricks,88
Henry,79
Howard,59
Huntington,105
Jackson,153
Jasper,33
Jay,69
Jefferson,149
Jennings,102
Johnson,191
Knox,117
Kosciusko,95
LaGrange,43
Lake,416
LaPorte,219
Lawrence,107
Madison,146
Marion,688
Marshall,87
Martin,103
Miami,63
Monroe,251
Montgomery,150
Morgan,126
Newton,46
Noble,67
Ohio,75
Orange,126
Owen,77
Parke,46
Perry,166
Pike,89
Porter,128
Posey,9
Pulaski,69
Putnam,75
Randolph,74
Ripley,74
Rush,80
St. Joseph,263
Scott,113
Shelby,196
Spencer,36
Starke,36
Steuben,70
Sullivan,51
Switzerland,41
Tippecanoe,277
Tipton,83
Union,131
Vanderburgh,217
Vermillion,68
Vigo,252
Wabash,80
Warren,6
Warrick,66
Washington,79
Wayne,161
Wells,47
White,113
Whitley,78
Adair,445
Adams,145
Allamakee,459
Appanoose,614
Audubon,200
Benton,216
Black Hawk,1436
Boone,189
Bremer,616
Buchanan,289
Buena Vista,512
Butler,198
Calhoun,147
Carroll,416
Cass,633
Cedar,416
Cerro Gordo,1110
Cherokee,312
Chickasaw,364
Clarke,667
Clay,785
Clayton,253
Clinton,594
Crawford,512
Dallas,1562
Davis,185
Decatur,318
Delaware,341
Des Moines,672
Dickinson,867
Dubuque,1262
Emmet,564
Fayette,359
Floyd,318
Franklin,443
Fremont,184
Greene,272
Grundy,445
Guthrie,243
Hamilton,218
Hancock,118
Hardin,278
Harrison,247
Henry,79
Howard,171
Humboldt,364
Ida,200
Iowa,272
Jackson,580
Jasper,629
Jefferson,289
Johnson,1571
Jones,345
Keokuk,278
Kossuth,288
Lee,379
Linn,2691
Louisa,220
Lucas,262
Lyon,243
Madison,35
Mahaska,918
Marion,100
Marshall,708
Mills,125
Mitchell,292
Monona,275
Monroe,590
Montgomery,276
Muscatine,577
O'Brien,390
Osceola,16
Page,90
Palo Alto,501
Plymouth,340
Pocahontas,270
Polk,4149
Pottawattamie,2250
Poweshiek,544
Ringgold,175
Sac,122
Scott,1582
Shelby,228
Sioux,345
Story,1876
Tama,349
Taylor,139
Union,565
Van Buren,175
Wapello,153
Warren,770
Washington,538
Wayne,212
Webster,450
Winnebago,177
Winneshiek,206
Woodbury,906
Worth,273
Wright,287
Allen,47
Anderson,41
Atchison,17
Barber,27
Barton,82
Bourbon,52
Brown,25
Butler,72
Chase,18
Chautauqua,23
Cherokee,81
Cheyenne,14
Clark,80
Clay,46
Cloud,27
Coffey,40
Comanche,12
Cowley,58
Crawford,31
Decatur,37
Dickinson,15
Doniphan,39
Douglas,215
Edwards,64
Elk,8
Ellis,64
Ellsworth,20
Finney,22
Ford,25
Franklin,26
Geary,67
Gove,12
Graham,58
Grant,3
Gray,48
Greeley,42
Greenwood,18
Hamilton,78
Harper,25
Harvey,39
Haskell,32
Hodgeman,36
Jackson,33
Jefferson,28
Jewell,18
Johnson,248
Kearny,76
Kingman,80
Kiowa,52
Labette,46
Lane,32
Leavenworth,77
Lincoln,18
Linn,9
Logan,17
Lyon,113
McPherson,25
Marion,8
Marshall,65
Meade,80
Miami,19
Mitchell,36
Montgomery,55
Morris,29
Morton,16
Nemaha,17
Neosho,27
Ness,52
Norton,67
Osage,40
Osborne,19
Ottawa,4
Pawnee,48
Phillips,48
Pottawatomie,54
Pratt,78
Rawlins,22
Reno,22
Republic,23
Rice,70
Riley,79
Rooks,71
Rush,44
Russell,28
Saline,140
Scott,175
Sedgwick,181
Seward,21
Shawnee,200
Sheridan,45
Sherman,18
Smith,20
Stafford,14
Stanton,12
Stevens,67
Sumner,20
Thomas,5
Trego,14
Wabaunsee,15
Wallace,35
Washington,10
Wichita,84
Wilson,15
Woodson,34
Wyandotte,239
Adair,47
Allen,8
Anderson,50
Ballard,51
Barren,19
Bath,10
Bell,62
Boone,240
Bourbon,67
Boyd,126
Boyle,44
Bracken,5
Breathitt,24
Breckinridge,17
Bullitt,79
Butler,5
Caldwell,8
Calloway,67
Campbell,378
Carlisle,16
Carroll,21
Carter,19
Casey,16
Christian,81
Clark,93
Clay,18
Clinton,6
Crittenden,39
Cumberland,21
Daviess,178
Edmonson,11
Elliott,15
Estill,23
Fayette,481
Fleming,7
Floyd,47
Franklin,174
Fulton,21
Gallatin,50
Garrard,40
Grant,88
Graves,29
Grayson,10
Green,17
Greenup,79
Hancock,16
Hardin,106
Harlan,34
Harrison,4
Hart,12
Henderson,193
Henry,33
Hickman,20
Hopkins,30
Jackson,8
Jefferson,697
Jessamine,73
Johnson,13
Kenton,583
Knott,8
Knox,66
Larue,33
Laurel,85
Lawrence,22
Lee,17
Leslie,7
Letcher,45
Lewis,15
Lincoln,39
Livingston,7
Logan,18
Lyon,50
McCracken,183
McCreary,24
McLean,18
Madison,236
Magoffin,18
Marion,6
Marshall,49
Martin,7
Mason,21
Meade,42
Menifee,7
Mercer,20
Metcalfe,4
Monroe,0
Montgomery,25
Morgan,21
Muhlenberg,10
Nelson,18
Nicholas,3
Ohio,8
Oldham,44
Owen,7
Owsley,1
Pendleton,14
Perry,61
Pike,51
Powell,36
Pulaski,60
Robertson,0
Rockcastle,55
Rowan,10
Russell,21
Scott,219
Shelby,34
Simpson,14
Spencer,11
Taylor,69
Todd,26
Trigg,9
Trimble,15
Union,12
Warren,73
Washington,14
Wayne,4
Webster,7
Whitley,81
Wolfe,21
Woodford,98
Acadia,63
Allen,51
Ascension,118
Assumption,26
Avoyelles,18
Beauregard,71
Bienville,41
Bossier,196
Caddo,278
Calcasieu,183
Caldwell,47
Cameron,0
Catahoula,26
Claiborne,35
Concordia,144
De Soto,50
East Baton Rouge,401
East Carroll,41
East Feliciana,20
Evangeline,37
Franklin,33
Grant,16
Iberia,76
Iberville,88
Jackson,46
Jefferson,551
Jefferson Davis,72
Lafayette,246
Lafourche,37
La Salle,20
Lincoln,102
Livingston,71
Madison,64
Morehouse,70
Natchitoches,72
Orleans,751
Ouachita,191
Plaquemines,333
Pointe Coupee,21
Rapides,159
Red River,35
Richland,39
Sabine,30
St. Bernard,270
St. Charles,113
St. Helena,10
St. James,4
St. John the Baptist,84
St. Landry,118
St. Martin,73
St. Mary,139
St. Tammany,144
Tangipahoa,111
Tensas,6
Terrebonne,172
Union,32
Vermilion,66
Vernon,53
Washington,39
Webster,57
West Baton Rouge,217
West Carroll,31
West Feliciana,36
Winn,44
Androscoggin,175
Aroostook,33
Cumberland,153
Franklin,43
Hancock,36
Kennebec,32
Knox,75
Lincoln,28
Oxford,49
Penobscot,77
Piscataquis,28
Sagadahoc,77
Somerset,65
Waldo,22
Washington,21
York,66
Allegany,250
Anne Arundel,386
Baltimore,717
Calvert,69
Caroline,49
Carroll,128
Cecil,150
Charles,106
Dorchester,87
Frederick,272
Garrett,39
Harford,222
Howard,527
Kent,73
Montgomery,843
Prince George's,696
Queen Anne's,128
St. Mary's,95
Somerset,69
Talbot,203
Washington,237
Wicomico,208
Worcester,173
Baltimore City,1094
Barnstable,65
Berkshire,91
Bristol,104
Dukes,28
Essex,206
Franklin,36
Hampden,202
Hampshire,66
Middlesex,305
Nantucket,0
Norfolk,228
Plymouth,70
Suffolk,1040
Worcester,140
Alcona,12
Alger,96
Allegan,132
Alpena,103
Antrim,48
Arenac,73
Baraga,43
Barry,7
Bay,291
Benzie,42
Berrien,210
Branch,139
Calhoun,215
Cass,11
Charlevoix,74
Cheboygan,55
Chippewa,10
Clare,14
Clinton,86
Crawford,89
Delta,126
Dickinson,189
Eaton,161
Emmet,152
Genesee,344
Gladwin,16
Gogebic,105
Grand Traverse,112
Gratiot,104
Hillsdale,23
Houghton,264
Huron,75
Ingham,556
Ionia,50
Iosco,72
Iron,83
Isabella,80
Jackson,211
Kalamazoo,430
Kalkaska,79
Kent,614
Keweenaw,11
Lake,23
Lapeer,46
Leelanau,7
Lenawee,50
Livingston,187
Luce,23
Mackinac,85
Macomb,798
Manistee,103
Marquette,105
Mason,89
Mecosta,152
Menominee,170
Midland,122
Missaukee,10
Monroe,95
Montcalm,23
Montmorency,12
Muskegon,225
Newaygo,21
Oakland,830
Oceana,9
Ogemaw,16
Ontonagon,11
Osceola,22
Oscoda,26
Otsego,101
Ottawa,159
Presque Isle,19
Roscommon,5
Saginaw,343
St. Clair,127
St. Joseph,71
Sanilac,80
Schoolcraft,44
Shiawassee,21
Tuscola,15
Van Buren,51
Washtenaw,587
Wayne,1337
Wexford,104
Aitkin,58
Anoka,156
Becker,34
Beltrami,96
Benton,107
Big Stone,52
Blue Earth,93
Brown,173
Carlton,66
Carver,96
Cass,30
Chippewa,61
Chisago,95
Clay,205
Clearwater,55
Cook,2
Cottonwood,61
Crow Wing,84
Dakota,275
Dodge,33
Douglas,67
Faribault,41
Fillmore,68
Freeborn,93
Goodhue,122
Grant,38
Hennepin,896
Houston,54
Hubbard,61
Isanti,59
Itasca,76
Jackson,44
Kanabec,34
Kandiyohi,121
Kittson,34
Koochiching,71
Lac qui Parle,25
Lake,0
Lake of the Woods,38
Le Sueur,25
Lincoln,23
Lyon,126
McLeod,83
Mahnomen,18
Marshall,31
Martin,71
Meeker,75
Mille Lacs,104
Morrison,92
Mower,122
Murray,24
Nicollet,159
Nobles,55
Norman,38
Olmsted,269
Otter Tail,48
Pennington,138
Pine,33
Pipestone,70
Polk,98
Pope,15
Ramsey,699
Red Lake,17
Redwood,83
Renville,66
Rice,90
Rock,71
Roseau,53
St. Louis,120
Scott,119
Sherburne,53
Sibley,56
Stearns,129
Steele,39
Stevens,50
Swift,86
Todd,42
Traverse,44
Wabasha,178
Wadena,73
Waseca,77
Washington,149
Watonwan,38
Wilkin,54
Winona,114
Wright,130
Yellow Medicine,57
Adams,150
Alcorn,35
Amite,5
Attala,24
Benton,14
Bolivar,94
Calhoun,16
Carroll,13
Chickasaw,17
Choctaw,7
Claiborne,39
Clarke,9
Clay,66
Coahoma,93
Copiah,27
Covington,61
DeSoto,170
Forrest,163
Franklin,23
George,16
Greene,2
Grenada,131
Hancock,79
Harrison,168
Hinds,299
Holmes,20
Humphreys,67
Issaquena,4
Itawamba,11
Jackson,120
Jasper,7
Jefferson,13
Jefferson Davis,5
Jones,150
Kemper,5
Lafayette,91
Lamar,120
Lauderdale,103
Lawrence,2
Leake,6
Lee,81
Leflore,117
Lincoln,53
Lowndes,52
Madison,102
Marion,22
Marshall,38
Monroe,30
Montgomery,18
Neshoba,50
Newton,15
Noxubee,26
Oktibbeha,118
Panola,42
Pearl River,42
Perry,18
Pike,86
Pontotoc,33
Prentiss,32
Quitman,22
Rankin,128
Scott,23
Sharkey,49
Simpson,38
Smith,6
Stone,28
Sunflower,58
Tallahatchie,41
Tate,55
Tippah,47
Tishomingo,18
Tunica,98
Union,57
Walthall,8
Warren,112
Washington,149
Wayne,11
Webster,27
Wilkinson,12
Winston,26
Yalobusha,20
Yazoo,56
Adair,45
Andrew,22
Atchison,40
Audrain,54
Barry,30
Barton,39
Bates,18
Benton,30
Bollinger,20
Boone,210
Buchanan,176
Butler,59
Caldwell,19
Callaway,68
Camden,55
Cape Girardeau,79
Carroll,6
Carter,18
Cass,48
Cedar,58
Chariton,16
Christian,65
Clark,25
Clay,310
Clinton,50
Cole,178
Cooper,20
Crawford,90
Dade,20
Dallas,28
Daviess,12
DeKalb,50
Dent,56
Douglas,27
Dunklin,58
Franklin,120
Gasconade,59
Gentry,28
Greene,299
Grundy,66
Harrison,23
Henry,74
Hickory,11
Holt,23
Howard,58
Howell,36
Iron,39
Jackson,370
Jasper,110
Jefferson,187
Johnson,35
Knox,29
Laclede,64
Lafayette,37
Lawrence,55
Lewis,21
Lincoln,43
Linn,16
Livingston,77
McDonald,27
Macon,80
Madison,14
Maries,23
Marion,160
Mercer,31
Miller,49
Mississippi,65
Moniteau,50
Monroe,45
Montgomery,84
Morgan,31
New Madrid,28
Newton,85
Nodaway,13
Oregon,34
Osage,51
Ozark,7
Pemiscot,24
Perry,53
Pettis,142
Phelps,176
Pike,35
Platte,292
Polk,51
Pulaski,50
Putnam,26
Ralls,44
Randolph,24
Ray,12
Reynolds,10
Ripley,19
St. Charles,262
St. Clair,20
Ste. Genevieve,22
St. Francois,87
St. Louis,577
Saline,22
Schuyler,39
Scotland,26
Scott,52
Shannon,24
Shelby,26
Stoddard,49
Stone,27
Sullivan,10
Taney,73
Texas,23
Vernon,62
Warren,77
Washington,30
Wayne,19
Webster,58
Worth,1
Wright,49
St. Louis City,870
Beaverhead,55
Big Horn,30
Blaine,13
Broadwater,50
Carbon,30
Carter,1
Cascade,229
Chouteau,8
Custer,142
Daniels,21
Dawson,98
Deer Lodge,1
Fallon,54
Fergus,106
Flathead,123
Gallatin,110
Garfield,12
Glacier,26
Golden Valley,30
Granite,46
Hill,45
Jefferson,35
Judith Basin,11
Lake,50
Lewis and Clark,172
Liberty,17
Lincoln,53
McCone,19
Madison,20
Meagher,15
Mineral,76
Missoula,244
Musselshell,61
Park,114
Petroleum,0
Phillips,44
Pondera,15
Powder River,28
Powell,33
Prairie,8
Ravalli,45
Richland,149
Roosevelt,67
Rosebud,17
Sanders,11
Sheridan,61
Silver Bow,164
Stillwater,40
Sweet Grass,47
Teton,13
Toole,38
Treasure,0
Valley,75
Wheatland,40
Wibaux,39
Yellowstone,277
Adams,53
Antelope,22
Arthur,1
Banner,0
Blaine,6
Boone,24
Box Butte,28
Boyd,6
Brown,36
Buffalo,63
Burt,35
Butler,16
Cass,19
Cedar,13
Chase,13
Cherry,23
Cheyenne,10
Clay,6
Colfax,31
Cuming,45
Custer,40
Dakota,141
Dawes,37
Dawson,31
Deuel,20
Dixon,15
Dodge,42
Douglas,309
Dundy,4
Fillmore,8
Franklin,6
Frontier,8
Furnas,29
Gage,38
Garden,14
Garfield,3
Gosper,17
Grant,6
Greeley,5
Hall,59
Hamilton,33
Harlan,13
Hayes,0
Hitchcock,14
Holt,36
Hooker,10
Howard,9
Jefferson,38
Johnson,11
Kearney,30
Keith,20
Keya Paha,3
Kimball,21
Knox,5
Lancaster,106
Lincoln,42
Logan,4
Loup,7
McPherson,1
Madison,66
Merrick,39
Morrill,32
Nance,23
Nemaha,32
Nuckolls,21
Otoe,30
Pawnee,11
Perkins,20
Phelps,82
Pierce,22
Platte,84
Polk,22
Red Willow,38
Richardson,37
Rock,17
Saline,34
Sarpy,90
Saunders,18
Scotts Bluff,50
Seward,33
Sheridan,15
Sherman,5
Sioux,1
Stanton,5
Thayer,3
Thomas,14
Thurston,33
Valley,58
Washington,68
Wayne,41
Webster,13
Wheeler,2
York,32
Churchill,172
Clark,849
Douglas,238
Elko,129
Esmeralda,54
Eureka,23
Humboldt,79
Lander,55
Lincoln,21
Lyon,115
Mineral,84
Nye,33
Pershing,60
Storey,299
Washoe,1106
White Pine,202
Carson City,224
Belknap,74
Carroll,67
Cheshire,74
Coos,62
Grafton,54
Hillsborough,375
Merrimack,117
Rockingham,140
Strafford,113
Sullivan,50
Atlantic,288
Bergen,965
Burlington,240
Camden,623
Cape May,85
Cumberland,60
Essex,1347
Gloucester,233
Hudson,979
Hunterdon,223
Mercer,417
Middlesex,843
Monmouth,328
Morris,403
Ocean,266
Passaic,1006
Salem,107
Somerset,319
Sussex,70
Union,1046
Warren,186
Bernalillo,626
Catron,2
Chaves,82
Cibola,71
Colfax,81
Curry,84
De Baca,83
Dona Ana,196
Eddy,59
Grant,100
Guadalupe,128
Harding,2
Hidalgo,90
Lea,101
Lincoln,118
Los Alamos,141
Luna,73
McKinley,89
Mora,6
Otero,60
Quay,50
Rio Arriba,98
Roosevelt,78
Sandoval,144
San Juan,132
San Miguel,56
Santa Fe,288
Sierra,96
Socorro,91
Taos,73
Torrance,42
Union,101
Valencia,84
Albany,2106
Allegany,27
Bronx,3705
Broome,663
Cattaraugus,266
Cayuga,255
Chautauqua,227
Chemung,438
Chenango,167
Clinton,198
Columbia,69
Cortland,324
Delaware,48
Dutchess,726
Erie,1170
Essex,91
Franklin,147
Fulton,110
Genesee,176
Greene,39
Hamilton,20
Herkimer,391
Jefferson,111
Kings,3626
Lewis,35
Livingston,124
Madison,170
Monroe,1631
Montgomery,341
Nassau,2597
New York,4444
Niagara,788
Oneida,531
Onondaga,1060
Ontario,354
Orange,489
Orleans,196
Oswego,153
Otsego,161
Putnam,309
Queens,4496
Rensselaer,1307
Richmond,1550
Rockland,2018
St. Lawrence,31
Saratoga,435
Schenectady,714
Schoharie,65
Schuyler,232
Seneca,157
Steuben,183
Suffolk,776
Sullivan,112
Tioga,281
Tompkins,351
Ulster,325
Warren,174
Washington,160
Wayne,156
Westchester,2804
Wyoming,62
Yates,15
Alamance,181
Alexander,13
Alleghany,27
Anson,79
Ashe,18
Avery,35
Beaufort,53
Bertie,23
Bladen,18
Brunswick,43
Buncombe,270
Burke,96
Cabarrus,116
Caldwell,64
Camden,24
Carteret,129
Caswell,18
Catawba,106
Chatham,42
Cherokee,24
Chowan,82
Clay,20
Cleveland,94
Columbus,39
Craven,111
Cumberland,169
Currituck,45
Dare,124
Davidson,93
Davie,29
Duplin,20
Durham,394
Edgecombe,64
Forsyth,295
Franklin,36
Gaston,179
Gates,6
Graham,33
Granville,45
Greene,24
Guilford,271
Halifax,48
Harnett,53
Haywood,136
Henderson,115
Hertford,9
Hoke,31
Hyde,3
Iredell,84
Jackson,94
Johnston,62
Jones,45
Lee,97
Lenoir,76
Lincoln,48
McDowell,48
Macon,36
Madison,26
Martin,30
Mecklenburg,381
Mitchell,33
Montgomery,39
Moore,65
Nash,90
New Hanover,275
Northampton,26
Onslow,89
Orange,281
Pamlico,31
Pasquotank,66
Pender,30
Perquimans,20
Person,69
Pitt,111
Polk,36
Randolph,92
Richmond,109
Robeson,64
Rockingham,43
Rowan,98
Rutherford,30
Sampson,48
Scotland,98
Stanly,51
Stokes,36
Surry,37
Swain,22
Transylvania,97
Tyrrell,68
Union,50
Vance,117
Wake,237
Warren,10
Washington,53
Watauga,212
Wayne,66
Wilkes,31
Wilson,124
Yadkin,41
Yancey,53
Adams,36
Barnes,64
Benson,6
Billings,7
Bottineau,23
Bowman,49
Burke,4
Burleigh,262
Cass,277
Cavalier,28
Dickey,26
Divide,8
Dunn,36
Eddy,13
Emmons,12
Foster,43
Golden Valley,0
Grand Forks,229
Grant,5
Griggs,12
Hettinger,11
Kidder,9
LaMoure,9
Logan,16
McHenry,23
McIntosh,19
McKenzie,142
McLean,27
Mercer,41
Morton,200
Mountrail,86
Nelson,10
Oliver,2
Pembina,33
Pierce,38
Ramsey,85
Ransom,39
Renville,13
Richland,44
Rolette,20
Sargent,21
Sheridan,10
Sioux,2
Slope,4
Stark,148
Steele,5
Stutsman,140
Towner,15
Traill,24
Walsh,57
Ward,184
Wells,35
Williams,182
Adams,21
Allen,75
Ashland,74
Ashtabula,33
Athens,118
Auglaize,18
Belmont,97
Brown,32
Butler,97
Carroll,44
Champaign,45
Clark,75
Clermont,58
Clinton,31
Columbiana,43
Coshocton,8
Crawford,19
Cuyahoga,340
Darke,26
Defiance,6
Delaware,85
Erie,81
Fairfield,73
Fayette,9
Franklin,335
Fulton,21
Gallia,35
Geauga,15
Greene,118
Guernsey,49
Hamilton,386
Hancock,123
Hardin,5
Harrison,16
Henry,21
Highland,3
Hocking,21
Holmes,27
Huron,52
Jackson,13
Jefferson,112
Knox,72
Lake,113
Lawrence,52
Licking,111
Logan,56
Lorain,77
Lucas,285
Madison,23
Mahoning,74
Marion,50
Medina,47
Meigs,5
Mercer,20
Miami,71
Monroe,24
Montgomery,219
Morgan,31
Morrow,37
Muskingum,111
Noble,19
Ottawa,19
Paulding,18
Perry,31
Pickaway,30
Pike,35
Portage,74
Preble,16
Putnam,9
Richland,51
Ross,25
Sandusky,81
Scioto,67
Seneca,34
Shelby,30
Stark,149
Summit,255
Trumbull,93
Tuscarawas,67
Union,40
Van Wert,5
Vinton,28
Warren,69
Washington,79
Wayne,35
Williams,30
Wood,82
Wyandot,13
Adair,16
Alfalfa,1
Atoka,47
Beaver,6
Beckham,28
Blaine,12
Bryan,40
Caddo,31
Canadian,49
Carter,36
Cherokee,30
Choctaw,25
Cimarron,30
Cleveland,84
Coal,26
Comanche,116
Cotton,6
Craig,23
Creek,34
Custer,42
Delaware,15
Dewey,28
Ellis,28
Garfield,45
Garvin,23
Grady,28
Grant,14
Greer,17
Harmon,16
Harper,24
Haskell,22
Hughes,12
Jackson,39
Jefferson,8
Johnston,9
Kay,23
Kingfisher,51
Kiowa,14
Latimer,19
Le Flore,25
Lincoln,11
Logan,26
Love,18
McClain,37
McCurtain,25
McIntosh,13
Major,17
Marshall,38
Mayes,32
Murray,27
Muskogee,32
Noble,13
Nowata,23
Okfuskee,7
Oklahoma,156
Okmulgee,31
Osage,16
Ottawa,51
Pawnee,15
Payne,66
Pittsburg,36
Pontotoc,37
Pottawatomie,36
Pushmataha,19
Roger Mills,11
Rogers,32
Seminole,18
Sequoyah,22
Stephens,40
Texas,48
Tillman,19
Tulsa,152
Wagoner,37
Washington,49
Washita,10
Woods,38
Woodward,61
Baker,40
Benton,138
Clackamas,300
Clatsop,197
Columbia,122
Coos,164
Crook,61
Curry,137
Deschutes,134
Douglas,164
Gilliam,33
Grant,64
Harney,61
Hood River,84
Jackson,179
Jefferson,98
Josephine,163
Klamath,80
Lake,53
Lane,284
Lincoln,236
Linn,178
Malheur,92
Marion,415
Morrow,61
Multnomah,942
Polk,175
Sherman,64
Tillamook,96
Umatilla,139
Union,95
Wallowa,80
Wasco,125
Washington,431
Wheeler,8
Yamhill,193
Adams,113
Allegheny,271
Armstrong,44
Beaver,86
Bedford,58
Berks,181
Blair,143
Bradford,67
Bucks,260
Butler,81
Cambria,85
Cameron,109
Carbon,76
Centre,144
Chester,141
Clarion,97
Clearfield,58
Clinton,42
Columbia,142
Crawford,23
Cumberland,230
Dauphin,354
Delaware,505
Elk,37
Erie,191
Fayette,46
Forest,22
Franklin,86
Fulton,47
Greene,57
Huntingdon,66
Indiana,126
Jefferson,93
Juniata,34
Lackawanna,188
Lancaster,114
Lawrence,53
Lebanon,128
Lehigh,316
Luzerne,166
Lycoming,93
McKean,55
Mercer,73
Mifflin,128
Monroe,89
Montgomery,267
Montour,153
Northampton,157
Northumberland,107
Perry,75
Philadelphia,754
Pike,53
Potter,42
Schuylkill,94
Snyder,97
Somerset,44
Sullivan,15
Susquehanna,46
Tioga,57
Union,155
Venango,73
Warren,78
Washington,61
Wayne,22
Westmoreland,73
Wyoming,82
York,154
Bristol,267
Kent,333
Newport,271
Providence,759
Washington,142
Abbeville,11
Aiken,32
Allendale,21
Anderson,27
Bamberg,22
Barnwell,20
Beaufort,29
Berkeley,44
Calhoun,14
Charleston,149
Cherokee,23
Chester,11
Chesterfield,19
Clarendon,16
Colleton,9
Darlington,14
Dillon,15
Dorchester,36
Edgefield,12
Fairfield,3
Florence,32
Georgetown,44
Greenville,62
Greenwood,31
Hampton,20
Horry,58
Jasper,34
Kershaw,26
Lancaster,21
Laurens,18
Lee,8
Lexington,59
McCormick,10
Marion,19
Marlboro,15
Newberry,8
Oconee,10
Orangeburg,19
Pickens,23
Richland,115
Saluda,19
Spartanburg,38
Sumter,33
Union,5
Williamsburg,12
York,47
Aurora,3
Beadle,49
Bennett,6
Bon Homme,3
Brookings,6
Brown,78
Brule,45
Buffalo,9
Butte,32
Campbell,6
Charles Mix,16
Clark,4
Clay,11
Codington,59
Corson,3
Custer,19
Davison,14
Day,11
Deuel,8
Dewey,4
Douglas,5
Edmunds,12
Fall River,43
Faulk,4
Grant,41
Gregory,5
Haakon,5
Hamlin,4
Hand,26
Hanson,4
Harding,4
Hughes,99
Hutchinson,4
Hyde,7
Jackson,2
Jerauld,0
Jones,8
Kingsbury,16
Lake,47
Lawrence,27
Lincoln,21
Lyman,8
McCook,4
McPherson,6
Marshall,9
Meade,41
Mellette,8
Miner,8
Minnehaha,86
Moody,14
Oglala Lakota,19
Pennington,53
Perkins,4
Potter,11
Roberts,13
Sanborn,7
Spink,21
Stanley,47
Sully,0
Todd,26
Tripp,57
Turner,7
Union,284
Walworth,39
Yankton,60
Ziebach,0
Anderson,131
Bedford,80
Benton,22
Bledsoe,21
Blount,94
Bradley,138
Campbell,133
Cannon,47
Carroll,39
Carter,99
Cheatham,80
Chester,23
Claiborne,63
Clay,31
Cocke,107
Coffee,82
Crockett,30
Cumberland,28
Davidson,630
Decatur,46
DeKalb,61
Dickson,63
Dyer,51
Fayette,44
Fentress,24
Franklin,42
Gibson,61
Giles,26
Grainger,38
Greene,82
Grundy,23
Hamblen,88
Hamilton,285
Hancock,12
Hardeman,32
Hardin,43
Hawkins,78
Haywood,20
Henderson,61
Henry,79
Hickman,30
Houston,15
Humphreys,51
Jackson,18
Jefferson,97
Johnson,37
Knox,290
Lake,19
Lauderdale,23
Lawrence,47
Lewis,32
Lincoln,53
Loudon,79
McMinn,64
McNairy,36
Macon,31
Madison,114
Marion,65
Marshall,47
Maury,86
Meigs,21
Monroe,53
Montgomery,123
Moore,30
Morgan,22
Obion,51
Overton,48
Perry,23
Pickett,15
Polk,29
Putnam,95
Rhea,64
Roane,78
Robertson,93
Rutherford,137
Scott,46
Sequatchie,62
Sevier,111
Shelby,374
Smith,58
Stewart,27
Sullivan,147
Sumner,133
Tipton,43
Trousdale,24
Unicoi,82
Union,25
Van Buren,13
Warren,60
Washington,148
Wayne,24
Weakley,31
White,43
Williamson,123
Wilson,104
Anderson,71
Andrews,107
Angelina,133
Aransas,4
Archer,19
Armstrong,99
Atascosa,90
Austin,108
Bailey,102
Bandera,14
Bastrop,72
Baylor,65
Bee,68
Bell,229
Bexar,511
Blanco,91
Borden,3
Bosque,52
Bowie,162
Brazoria,86
Brazos,275
Brewster,77
Briscoe,6
Brooks,218
Brown,124
Burleson,137
Burnet,72
Caldwell,60
Calhoun,62
Callahan,89
Cameron,277
Camp,83
Carson,29
Cass,41
Castro,20
Chambers,101
Cherokee,80
Childress,164
Clay,59
Cochran,9
Coke,25
Coleman,55
Collin,315
Collingsworth,8
Colorado,45
Comal,272
Comanche,53
Concho,102
Cooke,133
Coryell,123
Cottle,15
Crane,111
Crockett,55
Crosby,38
Culberson,95
Dallam,148
Dallas,759
Dawson,129
Deaf Smith,30
Delta,11
Denton,348
DeWitt,84
Dickens,10
Dimmit,181
Donley,143
Duval,69
Eastland,54
Ector,241
Edwards,0
Ellis,119
El Paso,462
Erath,53
Falls,40
Fannin,10
Fayette,40
Fisher,13
Floyd,22
Foard,10
Fort Bend,132
Franklin,14
Freestone,29
Frio,113
Gaines,92
Galveston,230
Garza,96
Gillespie,45
Glasscock,47
Goliad,76
Gonzales,83
Gray,22
Grayson,107
Gregg,179
Grimes,51
Guadalupe,126
Hale,101
Hall,88
Hamilton,69
Hansford,7
Hardeman,158
Hardin,114
Harris,615
Harrison,90
Hartley,33
Haskell,32
Hays,299
Hemphill,141
Henderson,36
Hidalgo,248
Hill,50
Hockley,54
Hood,54
Hopkins,80
Houston,13
Howard,140
Hudspeth,20
Hunt,106
Hutchinson,8
Irion,47
Jack,51
Jackson,79
Jasper,54
Jeff Davis,1
Jefferson,310
Jim Hogg,39
Jim Wells,75
Johnson,101
Jones,30
Karnes,75
Kaufman,84
Kendall,156
Kenedy,64
Kent,6
Kerr,99
Kimble,16
King,8
Kinney,21
Kleberg,66
Knox,5
Lamar,88
Lamb,27
Lampasas,84
La Salle,47
Lavaca,26
Lee,81
Leon,50
Liberty,65
Limestone,44
Lipscomb,8
Live Oak,100
Llano,9
Loving,0
Lubbock,480
Lynn,29
McCulloch,119
McLennan,337
McMullen,84
Madison,61
Marion,69
Martin,37
Mason,15
Matagorda,87
Maverick,178
Medina,75
Menard,42
Midland,283
Milam,76
Mills,60
Mitchell,26
Montague,38
Montgomery,207
Moore,115
Morris,52
Motley,6
Nacogdoches,47
Navarro,102
Newton,9
Nolan,100
Nueces,517
Ochiltree,73
Oldham,45
Orange,154
Palo Pinto,51
Panola,18
Parker,82
Parmer,92
Pecos,64
Polk,56
Potter,359
Presidio,46
Rains,37
Randall,155
Reagan,52
Real,6
Red River,37
Reeves,165
Refugio,119
Roberts,37
Robertson,93
Rockwall,171
Runnels,58
Rusk,48
Sabine,7
San Augustine,22
San Jacinto,29
San Patricio,95
San Saba,50
Schleicher,56
Scurry,43
Shackelford,28
Shelby,39
Sherman,83
Smith,174
Somervell,54
Starr,190
Stephens,111
Sterling,150
Stonewall,18
Sutton,72
Swisher,36
Tarrant,578
Taylor,216
Terrell,36
Terry,119
Throckmorton,19
Titus,84
Tom Green,181
Travis,579
Trinity,19
Tyler,30
Upshur,49
Upton,18
Uvalde,141
Val Verde,137
Van Zandt,30
Victoria,166
Walker,144
Waller,57
Ward,101
Washington,55
Webb,401
Wharton,61
Wheeler,38
Wichita,258
Wilbarger,99
Willacy,62
Williamson,204
Wilson,62
Winkler,8
Wise,61
Wood,37
Yoakum,17
Young,49
Zapata,67
Zavala,69
Beaver,32
Box Elder,67
Cache,57
Carbon,81
Daggett,2
Davis,205
Duchesne,34
Emery,19
Garfield,13
Grand,55
Iron,98
Juab,22
Kane,18
Millard,14
Morgan,11
Piute,8
Rich,9
Salt Lake,246
San Juan,14
Sanpete,26
Sevier,34
Summit,104
Tooele,52
Uintah,26
Utah,188
Wasatch,50
Washington,92
Wayne,11
Weber,136
Addison,48
Bennington,78
Caledonia,52
Chittenden,281
Essex,15
Franklin,43
Grand Isle,23
Lamoille,64
Orange,18
Orleans,47
Rutland,113
Washington,106
Windham,92
Windsor,80
Accomack,60
Albemarle,173
Alleghany,68
Amelia,24
Amherst,80
Appomattox,26
Arlington,2106
Augusta,55
Bath,11
Bedford,32
Bland,34
Botetourt,96
Brunswick,43
Buchanan,17
Buckingham,12
Campbell,78
Caroline,47
Carroll,49
Charles City,3
Charlotte,16
Chesterfield,239
Clarke,98
Craig,20
Culpeper,116
Cumberland,11
Dickenson,20
Dinwiddie,58
Essex,74
Fairfax,842
Fauquier,146
Floyd,17
Fluvanna,10
Franklin,34
Frederick,150
Giles,93
Gloucester,82
Goochland,33
Grayson,16
Greene,57
Greensville,77
Halifax,42
Hanover,121
Henrico,319
Henry,69
Highland,8
Isle of Wight,83
James City,136
King and Queen,16
King George,73
King William,54
Lancaster,48
Lee,49
Loudoun,172
Louisa,29
Lunenburg,26
Madison,31
Mathews,20
Mecklenburg,56
Middlesex,14
Montgomery,142
Nelson,32
New Kent,47
Northampton,89
Northumberland,11
Nottoway,91
Orange,75
Page,28
Patrick,17
Pittsylvania,31
Powhatan,21
Prince Edward,84
Prince George,138
Prince William,252
Pulaski,121
Rappahannock,14
Richmond,45
Roanoke,135
Rockbridge,41
Rockingham,76
Russell,64
Scott,59
Shenandoah,121
Smyth,96
Southampton,33
Spotsylvania,98
Stafford,208
Surry,6
Sussex,47
Tazewell,58
Warren,157
Washington,75
Westmoreland,33
Wise,47
Wythe,92
York,235
Alexandria City,1988
Bristol City,322
Buena Vista City,178
Charlottesville City,433
Chesapeake City,297
Colonial Heights City,623
Covington City,235
Danville City,180
Emporia City,214
Fairfax City,1357
Falls Church City,996
Franklin City,48
Fredericksburg City,529
Galax City,211
Hampton City,374
Harrisonburg City,410
Hopewell City,218
Lexington City,276
Lynchburg City,325
Manassas City,85
Manassas Park City,142
Martinsville City,118
Newport News City,568
Norfolk City,1049
Norton City,156
Petersburg City,645
Poquoson City,0
Portsmouth City,545
Radford City,249
Richmond City,820
Roanoke City,411
Salem City,408
Staunton City,103
Suffolk City,170
Virginia Beach City,401
Waynesboro City,155
Williamsburg City,167
Winchester City,534
Adams,25
Asotin,82
Benton,212
Chelan,185
Clallam,89
Clark,404
Columbia,69
Cowlitz,232
Douglas,206
Ferry,12
Franklin,308
Garfield,83
Grant,93
Grays Harbor,172
Island,64
Jefferson,47
King,825
Kitsap,199
Kittitas,85
Klickitat,35
Lewis,156
Lincoln,61
Mason,83
Okanogan,53
Pacific,50
Pend Oreille,53
Pierce,365
San Juan,0
Skagit,206
Skamania,33
Snohomish,427
Spokane,406
Stevens,34
Thurston,198
Wahkiakum,22
Walla Walla,179
Whatcom,168
Whitman,252
Yakima,240
Barbour,24
Berkeley,58
Boone,16
Braxton,13
Brooke,70
Cabell,139
Calhoun,0
Clay,0
Doddridge,10
Fayette,31
Gilmer,8
Grant,20
Greenbrier,41
Hampshire,17
Hancock,56
Hardy,21
Harrison,74
Jackson,19
Jefferson,35
Kanawha,124
Lewis,12
Lincoln,4
Logan,29
McDowell,47
Marion,27
Marshall,76
Mason,13
Mercer,44
Mineral,53
Mingo,24
Monongalia,78
Monroe,13
Morgan,29
Nicholas,14
Ohio,171
Pendleton,9
Pleasants,79
Pocahontas,16
Preston,17
Putnam,43
Raleigh,37
Randolph,49
Ritchie,6
Roane,7
Summers,33
Taylor,6
Tucker,43
Tyler,38
Upshur,8
Wayne,34
Webster,0
Wetzel,91
Wirt,0
Wood,69
Wyoming,16
Adams,12
Ashland,104
Barron,76
Bayfield,34
Brown,310
Buffalo,20
Burnett,15
Calumet,170
Chippewa,70
Clark,38
Columbia,91
Crawford,122
Dane,523
Dodge,90
Door,53
Douglas,202
Dunn,157
Eau Claire,229
Florence,24
Fond du Lac,151
Forest,38
Grant,83
Green,83
Green Lake,60
Iowa,60
Iron,63
Jackson,77
Jefferson,161
Juneau,71
Kenosha,189
Kewaunee,20
La Crosse,300
Lafayette,41
Langlade,87
Lincoln,87
Manitowoc,112
Marathon,202
Marinette,71
Marquette,29
Menominee,16
Milwaukee,810
Monroe,115
Oconto,21
Oneida,74
Outagamie,239
Ozaukee,179
Pepin,47
Pierce,130
Polk,32
Portage,174
Price,54
Racine,178
Richland,62
Rock,180
Rusk,35
St. Croix,107
Sauk,131
Sawyer,25
Shawano,57
Sheboygan,114
Taylor,24
Trempealeau,49
Vernon,63
Vilas,29
Walworth,112
Washburn,56
Washington,162
Waukesha,269
Waupaca,67
Waushara,41
Winnebago,281
Wood,119
Albany,201
Big Horn,88
Campbell,80
Carbon,83
Converse,74
Crook,49
Fremont,93
Goshen,77
Hot Springs,123
Johnson,100
Laramie,269
Lincoln,36
Natrona,139
Niobrara,69
Park,85
Platte,64
Sheridan,100
Sublette,39
Sweetwater,154
Teton,135
Uinta,96
Washakie,82
Weston,64
