County_Name,pct_uninsured
Autauga,8
Baldwin,11
Barbour,12
Bibb,10
Blount,13
Bullock,11
Butler,11
Calhoun,11
Chambers,11
Cherokee,11
Chilton,13
Choctaw,11
Clarke,11
Clay,13
Cleburne,13
Coffee,11
Colbert,9
Conecuh,12
Coosa,13
Covington,12
Crenshaw,12
Cullman,12
Dale,9
Dallas,10
DeKalb,17
Elmore,8
Escambia,14
Etowah,12
Fayette,11
Franklin,15
Geneva,14
Greene,11
Hale,10
Henry,12
Houston,11
Jackson,13
Jefferson,10
Lamar,11
Lauderdale,11
Lawrence,14
Lee,10
Limestone,11
Lowndes,10
Macon,10
Madison,9
Marengo,9
Marion,11
Marshall,15
Mobile,11
Monroe,12
Montgomery,11
Morgan,11
Perry,11
Pickens,11
Pike,12
Randolph,13
Russell,11
St. Clair,10
Shelby,7
Sumter,11
Talladega,10
Tallapoosa,11
Tuscaloosa,9
Walker,11
Washington,13
Wilcox,10
Winston,12
Aleutians East,27
Aleutians West,20
Anchorage,12
Bethel,19
Bristol Bay,17
Denali,13
Dillingham,17
Fairbanks North Star,13
Haines,17
Hoonah-Angoon,22
Juneau,13
Kenai Peninsula,16
Ketchikan Gateway,17
Kodiak Island,18
Kusilvak,17
Lake and Peninsula,25
Matanuska-Susitna,14
Nome,21
North Slope,17
Northwest Arctic,24
Petersburg,18
Prince of Wales-Hyder,23
Sitka,18
Skagway,14
Southeast Fairbanks,21
Valdez-Cordova,14
Wrangell,18
Yakutat,18
Yukon-Koyukuk,24
Apache,19
Cochise,10
Coconino,13
Gila,13
Graham,10
Greenlee,8
La Paz,19
Maricopa,12
Mohave,13
Navajo,15
Pima,10
Pinal,11
Santa Cruz,13
Yavapai,12
Yuma,14
Arkansas,8
Ashley,9
Baxter,8
Benton,10
Boone,8
Bradley,11
Calhoun,8
Carroll,12
Chicot,8
Clark,7
Clay,8
Cleburne,9
Cleveland,8
Columbia,8
Conway,8
Craighead,7
Crawford,9
Crittenden,7
Cross,8
Dallas,8
Desha,9
Drew,8
Faulkner,7
Franklin,9
Fulton,9
Garland,9
Grant,6
Greene,7
Hempstead,10
Hot Spring,7
Howard,11
Independence,8
Izard,10
Jackson,8
Jefferson,7
Johnson,10
Lafayette,10
Lawrence,8
Lee,8
Lincoln,9
Little River,8
Logan,9
Lonoke,7
Madison,11
Marion,9
Miller,8
Mississippi,7
Monroe,8
Montgomery,11
Nevada,8
Newton,9
Ouachita,6
Perry,8
Phillips,7
Pike,11
Poinsett,9
Polk,12
Pope,10
Prairie,9
Pulaski,7
Randolph,8
St. Francis,8
Saline,7
Scott,11
Searcy,10
Sebastian,12
Sevier,17
Sharp,10
Stone,11
Union,8
Van Buren,9
Washington,12
White,8
Woodruff,9
Yell,12
Alameda,5
Alpine,7
Amador,6
Butte,7
Calaveras,7
Colusa,10
Contra Costa,5
Del Norte,6
El Dorado,5
Fresno,8
Glenn,10
Humboldt,8
Imperial,7
Inyo,8
Kern,8
Kings,9
Lake,9
Lassen,4
Los Angeles,10
Madera,10
Marin,5
Mariposa,7
Mendocino,10
Merced,8
Modoc,10
Mono,9
Monterey,11
Napa,8
Nevada,7
Orange,8
Placer,4
Plumas,6
Riverside,8
Sacramento,6
San Benito,8
San Bernardino,8
San Diego,8
San Francisco,5
San Joaquin,7
San Luis Obispo,7
San Mateo,5
Santa Barbara,10
Santa Clara,5
Santa Cruz,7
Shasta,7
Sierra,7
Siskiyou,8
Solano,5
Sonoma,7
Stanislaus,6
Sutter,8
Tehama,7
Trinity,8
Tulare,8
Tuolumne,6
Ventura,9
Yolo,5
Yuba,7
Adams,11
Alamosa,13
Arapahoe,8
Archuleta,12
Baca,15
Bent,10
Boulder,6
Broomfield,4
Chaffee,10
Cheyenne,14
Clear Creek,5
Conejos,10
Costilla,14
Crowley,11
Custer,12
Delta,10
Denver,10
Dolores,11
Douglas,3
Eagle,12
Elbert,7
El Paso,7
Fremont,9
Garfield,13
Gilpin,4
Grand,10
Gunnison,10
Hinsdale,10
Huerfano,7
Jackson,13
Jefferson,6
Kiowa,11
Kit Carson,14
Lake,11
La Plata,11
Larimer,7
Las Animas,12
Lincoln,9
Logan,10
Mesa,9
Mineral,9
Moffat,9
Montezuma,13
Montrose,12
Morgan,12
Otero,10
Ouray,8
Park,8
Phillips,13
Pitkin,12
Prowers,14
Pueblo,8
Rio Blanco,9
Rio Grande,13
Routt,8
Saguache,16
San Juan,8
San Miguel,11
Sedgwick,12
Summit,11
Teller,8
Washington,9
Weld,9
Yuma,13
Fairfield,8
Hartford,5
Litchfield,5
Middlesex,4
New Haven,5
New London,5
Tolland,3
Windham,5
Kent,6
New Castle,5
Sussex,7
District of Columbia,4
Alachua,11
Baker,11
Bay,14
Bradford,13
Brevard,13
Broward,16
Calhoun,15
Charlotte,17
Citrus,15
Clay,11
Collier,22
Columbia,12
DeSoto,23
Dixie,15
Duval,13
Escambia,11
Flagler,14
Franklin,17
Gadsden,16
Gilchrist,15
Glades,25
Gulf,13
Hamilton,15
Hardee,20
Hendry,26
Hernando,15
Highlands,18
Hillsborough,14
Holmes,15
Indian River,16
Jackson,15
Jefferson,13
Lafayette,19
Lake,15
Lee,18
Leon,10
Levy,18
Liberty,14
Madison,14
Manatee,16
Marion,15
Martin,16
Miami-Dade,20
Monroe,20
Nassau,12
Okaloosa,13
Okeechobee,22
Orange,15
Osceola,16
Palm Beach,17
Pasco,14
Pinellas,14
Polk,15
Putnam,17
St. Johns,10
St. Lucie,16
Santa Rosa,12
Sarasota,16
Seminole,10
Sumter,11
Suwannee,17
Taylor,14
Union,12
Volusia,14
Wakulla,12
Walton,17
Washington,16
Appling,19
Atkinson,22
Bacon,19
Baker,19
Baldwin,15
Banks,19
Barrow,16
Bartow,17
Ben Hill,16
Berrien,18
Bibb,14
Bleckley,13
Brantley,18
Brooks,19
Bryan,12
Bulloch,16
Burke,15
Butts,14
Calhoun,17
Camden,13
Candler,20
Carroll,15
Catoosa,12
Charlton,15
Chatham,16
Chattahoochee,12
Chattooga,16
Cherokee,12
Clarke,16
Clay,15
Clayton,18
Clinch,16
Cobb,13
Coffee,19
Colquitt,23
Columbia,11
Cook,18
Coweta,12
Crawford,16
Crisp,16
Dade,14
Dawson,17
Decatur,17
DeKalb,15
Dodge,16
Dooly,18
Dougherty,14
Douglas,14
Early,14
Echols,27
Effingham,13
Elbert,17
Emanuel,15
Evans,17
Fannin,18
Fayette,10
Floyd,17
Forsyth,11
Franklin,18
Fulton,13
Gilmer,22
Glascock,14
Glynn,17
Gordon,21
Grady,20
Greene,20
Gwinnett,18
Habersham,19
Hall,21
Hancock,15
Haralson,15
Harris,10
Hart,18
Heard,15
Henry,12
Houston,13
Irwin,14
Jackson,15
Jasper,17
Jeff Davis,18
Jefferson,16
Jenkins,15
Johnson,16
Jones,12
Lamar,14
Lanier,16
Laurens,15
Lee,12
Liberty,12
Lincoln,16
Long,16
Lowndes,17
Lumpkin,19
McDuffie,15
McIntosh,16
Macon,19
Madison,18
Marion,17
Meriwether,16
Miller,16
Mitchell,17
Monroe,13
Montgomery,16
Morgan,15
Murray,20
Muscogee,13
Newton,14
Oconee,11
Oglethorpe,18
Paulding,12
Peach,17
Pickens,17
Pierce,15
Pike,14
Polk,19
Pulaski,15
Putnam,18
Quitman,17
Rabun,21
Randolph,15
Richmond,14
Rockdale,15
Schley,15
Screven,16
Seminole,16
Spalding,15
Stephens,15
Stewart,17
Sumter,17
Talbot,15
Taliaferro,19
Tattnall,18
Taylor,15
Telfair,16
Terrell,18
Thomas,16
Tift,17
Toombs,18
Towns,17
Treutlen,16
Troup,14
Turner,18
Twiggs,17
Union,18
Upson,13
Walker,15
Walton,13
Ware,15
Warren,15
Washington,15
Wayne,14
Webster,16
Wheeler,15
White,17
Whitfield,23
Wilcox,17
Wilkes,17
Wilkinson,13
Worth,17
Hawaii,6
Honolulu,4
Kalawao,
Kauai,4
Maui,5
Ada,8
Adams,14
Bannock,10
Bear Lake,10
Benewah,14
Bingham,14
Blaine,17
Boise,13
Bonner,13
Bonneville,9
Boundary,18
Butte,12
Camas,17
Canyon,14
Caribou,9
Cassia,15
Clark,26
Clearwater,12
Custer,13
Elmore,13
Franklin,11
Fremont,14
Gem,14
Gooding,19
Idaho,15
Jefferson,12
Jerome,20
Kootenai,10
Latah,9
Lemhi,12
Lewis,14
Lincoln,17
Madison,8
Minidoka,17
Nez Perce,10
Oneida,11
Owyhee,23
Payette,14
Power,16
Shoshone,13
Teton,16
Twin Falls,13
Valley,11
Washington,16
Adams,5
Alexander,6
Bond,6
Boone,7
Brown,3
Bureau,6
Calhoun,5
Carroll,6
Cass,8
Champaign,6
Christian,6
Clark,5
Clay,6
Clinton,4
Coles,6
Cook,9
Crawford,5
Cumberland,6
DeKalb,6
De Witt,5
Douglas,9
DuPage,6
Edgar,6
Edwards,5
Effingham,5
Fayette,7
Ford,6
Franklin,6
Fulton,6
Gallatin,6
Greene,6
Grundy,4
Hamilton,5
Hancock,5
Hardin,7
Henderson,7
Henry,6
Iroquois,7
Jackson,7
Jasper,5
Jefferson,5
Jersey,5
Jo Daviess,7
Johnson,5
Kane,9
Kankakee,6
Kendall,5
Knox,5
Lake,7
LaSalle,5
Lawrence,6
Lee,5
Livingston,5
Logan,5
McDonough,7
McHenry,5
McLean,5
Macon,5
Macoupin,5
Madison,4
Marion,6
Marshall,5
Mason,6
Massac,6
Menard,5
Mercer,5
Monroe,3
Montgomery,5
Morgan,5
Moultrie,8
Ogle,6
Peoria,6
Perry,5
Piatt,4
Pike,7
Pope,7
Pulaski,7
Putnam,5
Randolph,5
Richland,6
Rock Island,6
St. Clair,6
Saline,7
Sangamon,5
Schuyler,6
Scott,5
Shelby,5
Stark,6
Stephenson,6
Tazewell,4
Union,7
Vermilion,6
Wabash,5
Warren,7
Washington,5
Wayne,6
White,6
Whiteside,5
Will,6
Williamson,5
Winnebago,7
Woodford,4
Adams,11
Allen,9
Bartholomew,9
Benton,11
Blackford,8
Boone,6
Brown,10
Carroll,10
Cass,13
Clark,8
Clay,8
Clinton,11
Crawford,11
Daviess,17
Dearborn,7
Decatur,8
DeKalb,8
Delaware,9
Dubois,8
Elkhart,14
Fayette,9
Floyd,6
Fountain,8
Franklin,8
Fulton,11
Gibson,6
Grant,8
Greene,8
Hamilton,6
Hancock,6
Harrison,8
Hendricks,6
Henry,7
Howard,8
Huntington,7
Jackson,10
Jasper,9
Jay,9
Jefferson,9
Jennings,8
Johnson,7
Knox,8
Kosciusko,11
LaGrange,24
Lake,9
LaPorte,8
Lawrence,8
Madison,9
Marion,11
Marshall,12
Martin,9
Miami,9
Monroe,9
Montgomery,9
Morgan,8
Newton,12
Noble,10
Ohio,7
Orange,9
Owen,11
Parke,11
Perry,8
Pike,9
Porter,7
Posey,6
Pulaski,10
Putnam,8
Randolph,9
Ripley,9
Rush,10
St. Joseph,10
Scott,8
Shelby,8
Spencer,8
Starke,9
Steuben,9
Sullivan,9
Switzerland,11
Tippecanoe,9
Tipton,8
Union,9
Vanderburgh,8
Vermillion,8
Vigo,9
Wabash,9
Warren,7
Warrick,7
Washington,10
Wayne,10
Wells,7
White,10
Whitley,8
Adair,5
Adams,6
Allamakee,7
Appanoose,6
Audubon,6
Benton,5
Black Hawk,5
Boone,4
Bremer,3
Buchanan,5
Buena Vista,11
Butler,5
Calhoun,5
Carroll,4
Cass,6
Cedar,4
Cerro Gordo,4
Cherokee,5
Chickasaw,6
Clarke,6
Clay,5
Clayton,6
Clinton,4
Crawford,10
Dallas,3
Davis,11
Decatur,7
Delaware,6
Des Moines,5
Dickinson,4
Dubuque,4
Emmet,6
Fayette,5
Floyd,6
Franklin,7
Fremont,4
Greene,5
Grundy,3
Guthrie,6
Hamilton,5
Hancock,5
Hardin,5
Harrison,5
Henry,5
Howard,6
Humboldt,5
Ida,4
Iowa,4
Jackson,5
Jasper,4
Jefferson,7
Johnson,5
Jones,5
Keokuk,6
Kossuth,5
Lee,5
Linn,4
Louisa,8
Lucas,5
Lyon,6
Madison,4
Mahaska,5
Marion,4
Marshall,8
Mills,4
Mitchell,7
Monona,6
Monroe,5
Montgomery,6
Muscatine,5
O'Brien,5
Osceola,7
Page,6
Palo Alto,4
Plymouth,5
Pocahontas,5
Polk,5
Pottawattamie,5
Poweshiek,5
Ringgold,7
Sac,5
Scott,5
Shelby,5
Sioux,6
Story,5
Tama,7
Taylor,6
Union,5
Van Buren,7
Wapello,6
Warren,3
Washington,5
Wayne,7
Webster,5
Winnebago,5
Winneshiek,4
Woodbury,8
Worth,5
Wright,7
Allen,9
Anderson,10
Atchison,7
Barber,13
Barton,12
Bourbon,10
Brown,10
Butler,7
Chase,10
Chautauqua,16
Cherokee,10
Cheyenne,13
Clark,12
Clay,8
Cloud,9
Coffey,7
Comanche,14
Cowley,10
Crawford,11
Decatur,12
Dickinson,9
Doniphan,9
Douglas,9
Edwards,17
Elk,14
Ellis,8
Ellsworth,8
Finney,14
Ford,18
Franklin,8
Geary,7
Gove,15
Graham,11
Grant,17
Gray,17
Greeley,13
Greenwood,11
Hamilton,23
Harper,13
Harvey,10
Haskell,21
Hodgeman,14
Jackson,9
Jefferson,9
Jewell,12
Johnson,7
Kearny,17
Kingman,9
Kiowa,13
Labette,10
Lane,13
Leavenworth,6
Lincoln,10
Linn,11
Logan,10
Lyon,12
McPherson,9
Marion,10
Marshall,8
Meade,15
Miami,7
Mitchell,10
Montgomery,12
Morris,10
Morton,15
Nemaha,8
Neosho,9
Ness,16
Norton,10
Osage,9
Osborne,12
Ottawa,9
Pawnee,8
Phillips,11
Pottawatomie,7
Pratt,10
Rawlins,13
Reno,10
Republic,10
Rice,11
Riley,8
Rooks,10
Rush,10
Russell,12
Saline,9
Scott,11
Sedgwick,11
Seward,19
Shawnee,8
Sheridan,19
Sherman,10
Smith,12
Stafford,16
Stanton,18
Stevens,16
Sumner,9
Thomas,9
Trego,9
Wabaunsee,7
Wallace,13
Washington,12
Wichita,19
Wilson,9
Woodson,12
Wyandotte,15
Adair,6
Allen,7
Anderson,5
Ballard,6
Barren,7
Bath,7
Bell,6
Boone,4
Bourbon,8
Boyd,5
Boyle,5
Bracken,6
Breathitt,6
Breckinridge,7
Bullitt,4
Butler,7
Caldwell,5
Calloway,6
Campbell,4
Carlisle,7
Carroll,7
Carter,6
Casey,8
Christian,6
Clark,5
Clay,8
Clinton,8
Crittenden,6
Cumberland,7
Daviess,5
Edmonson,7
Elliott,6
Estill,7
Fayette,7
Fleming,8
Floyd,6
Franklin,6
Fulton,5
Gallatin,8
Garrard,7
Grant,6
Graves,7
Grayson,6
Green,8
Greenup,5
Hancock,4
Hardin,5
Harlan,6
Harrison,6
Hart,7
Henderson,5
Henry,7
Hickman,6
Hopkins,6
Jackson,7
Jefferson,6
Jessamine,7
Johnson,6
Kenton,5
Knott,7
Knox,6
Larue,6
Laurel,6
Lawrence,6
Lee,6
Leslie,7
Letcher,6
Lewis,6
Lincoln,7
Livingston,6
Logan,6
Lyon,6
McCracken,5
McCreary,7
McLean,6
Madison,6
Magoffin,8
Marion,6
Marshall,6
Martin,7
Mason,6
Meade,5
Menifee,7
Mercer,6
Metcalfe,6
Monroe,8
Montgomery,6
Morgan,7
Muhlenberg,6
Nelson,5
Nicholas,8
Ohio,6
Oldham,3
Owen,6
Owsley,6
Pendleton,6
Perry,6
Pike,6
Powell,6
Pulaski,6
Robertson,7
Rockcastle,6
Rowan,7
Russell,8
Scott,5
Shelby,8
Simpson,6
Spencer,5
Taylor,6
Todd,8
Trigg,7
Trimble,6
Union,7
Warren,7
Washington,7
Wayne,7
Webster,8
Whitley,6
Wolfe,6
Woodford,7
Acadia,10
Allen,9
Ascension,7
Assumption,10
Avoyelles,10
Beauregard,9
Bienville,8
Bossier,8
Caddo,8
Calcasieu,8
Caldwell,11
Cameron,9
Catahoula,10
Claiborne,11
Concordia,9
De Soto,9
East Baton Rouge,8
East Carroll,8
East Feliciana,8
Evangeline,10
Franklin,11
Grant,9
Iberia,10
Iberville,8
Jackson,9
Jefferson,11
Jefferson Davis,10
Lafayette,10
Lafourche,11
La Salle,12
Lincoln,9
Livingston,8
Madison,8
Morehouse,9
Natchitoches,9
Orleans,9
Ouachita,8
Plaquemines,11
Pointe Coupee,9
Rapides,9
Red River,8
Richland,9
Sabine,12
St. Bernard,10
St. Charles,7
St. Helena,10
St. James,7
St. John the Baptist,8
St. Landry,9
St. Martin,9
St. Mary,10
St. Tammany,8
Tangipahoa,10
Tensas,10
Terrebonne,11
Union,10
Vermilion,10
Vernon,8
Washington,10
Webster,9
West Baton Rouge,7
West Carroll,10
West Feliciana,6
Winn,9
Androscoggin,9
Aroostook,11
Cumberland,9
Franklin,10
Hancock,11
Kennebec,9
Knox,11
Lincoln,13
Oxford,11
Penobscot,10
Piscataquis,12
Sagadahoc,8
Somerset,12
Waldo,12
Washington,15
York,8
Allegany,5
Anne Arundel,5
Baltimore,6
Calvert,4
Caroline,8
Carroll,4
Cecil,5
Charles,5
Dorchester,7
Frederick,5
Garrett,7
Harford,4
Howard,3
Kent,8
Montgomery,7
Prince George's,10
Queen Anne's,5
St. Mary's,5
Somerset,8
Talbot,8
Washington,6
Wicomico,8
Worcester,7
Baltimore City,7
Barnstable,3
Berkshire,3
Bristol,3
Dukes,4
Essex,3
Franklin,3
Hampden,3
Hampshire,2
Middlesex,3
Nantucket,4
Norfolk,2
Plymouth,2
Suffolk,4
Worcester,3
Alcona,8
Alger,7
Allegan,5
Alpena,6
Antrim,8
Arenac,8
Baraga,8
Barry,5
Bay,6
Benzie,7
Berrien,7
Branch,8
Calhoun,5
Cass,7
Charlevoix,6
Cheboygan,8
Chippewa,9
Clare,8
Clinton,4
Crawford,6
Delta,6
Dickinson,5
Eaton,5
Emmet,7
Genesee,6
Gladwin,8
Gogebic,7
Grand Traverse,6
Gratiot,5
Hillsdale,7
Houghton,6
Huron,6
Ingham,6
Ionia,5
Iosco,7
Iron,7
Isabella,7
Jackson,5
Kalamazoo,5
Kalkaska,8
Kent,6
Keweenaw,7
Lake,7
Lapeer,6
Leelanau,8
Lenawee,5
Livingston,4
Luce,7
Mackinac,11
Macomb,6
Manistee,7
Marquette,5
Mason,6
Mecosta,6
Menominee,6
Midland,5
Missaukee,7
Monroe,4
Montcalm,6
Montmorency,7
Muskegon,5
Newaygo,7
Oakland,4
Oceana,9
Ogemaw,7
Ontonagon,8
Osceola,8
Oscoda,8
Otsego,6
Ottawa,5
Presque Isle,7
Roscommon,7
Saginaw,6
St. Clair,5
St. Joseph,8
Sanilac,7
Schoolcraft,8
Shiawassee,5
Tuscola,5
Van Buren,8
Washtenaw,4
Wayne,6
Wexford,6
Aitkin,6
Anoka,4
Becker,6
Beltrami,9
Benton,4
Big Stone,5
Blue Earth,4
Brown,4
Carlton,5
Carver,3
Cass,8
Chippewa,6
Chisago,4
Clay,4
Clearwater,8
Cook,8
Cottonwood,6
Crow Wing,5
Dakota,3
Dodge,4
Douglas,3
Faribault,6
Fillmore,7
Freeborn,6
Goodhue,5
Grant,5
Hennepin,5
Houston,4
Hubbard,6
Isanti,4
Itasca,6
Jackson,4
Kanabec,6
Kandiyohi,6
Kittson,5
Koochiching,7
Lac qui Parle,5
Lake,4
Lake of the Woods,6
Le Sueur,5
Lincoln,6
Lyon,5
McLeod,4
Mahnomen,9
Marshall,5
Martin,6
Meeker,4
Mille Lacs,7
Morrison,5
Mower,6
Murray,5
Nicollet,4
Nobles,10
Norman,6
Olmsted,4
Otter Tail,6
Pennington,4
Pine,6
Pipestone,8
Polk,5
Pope,5
Ramsey,5
Red Lake,6
Redwood,7
Renville,7
Rice,5
Rock,5
Roseau,6
St. Louis,5
Scott,3
Sherburne,3
Sibley,6
Stearns,4
Steele,4
Stevens,4
Swift,6
Todd,8
Traverse,7
Wabasha,4
Wadena,6
Waseca,4
Washington,3
Watonwan,8
Wilkin,4
Winona,5
Wright,4
Yellow Medicine,6
Adams,14
Alcorn,14
Amite,18
Attala,14
Benton,15
Bolivar,15
Calhoun,18
Carroll,16
Chickasaw,17
Choctaw,13
Claiborne,14
Clarke,14
Clay,14
Coahoma,13
Copiah,15
Covington,15
DeSoto,10
Forrest,15
Franklin,14
George,14
Greene,15
Grenada,14
Hancock,15
Harrison,15
Hinds,14
Holmes,14
Humphreys,15
Issaquena,18
Itawamba,15
Jackson,13
Jasper,15
Jefferson,14
Jefferson Davis,17
Jones,17
Kemper,20
Lafayette,13
Lamar,13
Lauderdale,12
Lawrence,15
Leake,19
Lee,14
Leflore,14
Lincoln,14
Lowndes,14
Madison,10
Marion,15
Marshall,14
Monroe,14
Montgomery,15
Neshoba,18
Newton,16
Noxubee,17
Oktibbeha,15
Panola,14
Pearl River,15
Perry,16
Pike,15
Pontotoc,17
Prentiss,15
Quitman,16
Rankin,10
Scott,20
Sharkey,16
Simpson,15
Smith,15
Stone,13
Sunflower,15
Tallahatchie,14
Tate,15
Tippah,15
Tishomingo,17
Tunica,12
Union,17
Walthall,18
Warren,14
Washington,16
Wayne,16
Webster,13
Wilkinson,16
Winston,16
Yalobusha,14
Yazoo,14
Adair,10
Andrew,9
Atchison,11
Audrain,12
Barry,17
Barton,14
Bates,12
Benton,14
Bollinger,14
Boone,10
Buchanan,11
Butler,12
Caldwell,12
Callaway,10
Camden,14
Cape Girardeau,10
Carroll,13
Carter,15
Cass,8
Cedar,14
Chariton,12
Christian,10
Clark,13
Clay,8
Clinton,9
Cole,10
Cooper,10
Crawford,14
Dade,14
Dallas,16
Daviess,16
DeKalb,10
Dent,16
Douglas,15
Dunklin,13
Franklin,10
Gasconade,11
Gentry,12
Greene,11
Grundy,13
Harrison,14
Henry,12
Hickory,16
Holt,13
Howard,12
Howell,12
Iron,12
Jackson,12
Jasper,14
Jefferson,9
Johnson,10
Knox,17
Laclede,13
Lafayette,10
Lawrence,13
Lewis,11
Lincoln,10
Linn,12
Livingston,12
McDonald,20
Macon,12
Madison,12
Maries,15
Marion,10
Mercer,15
Miller,13
Mississippi,13
Moniteau,15
Monroe,12
Montgomery,12
Morgan,19
New Madrid,13
Newton,15
Nodaway,11
Oregon,14
Osage,9
Ozark,16
Pemiscot,11
Perry,8
Pettis,14
Phelps,13
Pike,11
Platte,6
Polk,13
Pulaski,11
Putnam,14
Ralls,10
Randolph,11
Ray,11
Reynolds,14
Ripley,15
St. Charles,6
St. Clair,15
Ste. Genevieve,10
St. Francois,11
St. Louis,8
Saline,12
Schuyler,15
Scotland,22
Scott,12
Shannon,16
Shelby,13
Stoddard,12
Stone,14
Sullivan,15
Taney,16
Texas,16
Vernon,13
Warren,10
Washington,12
Wayne,14
Webster,14
Worth,12
Wright,16
St. Louis City,12
Beaverhead,11
Big Horn,19
Blaine,17
Broadwater,11
Carbon,11
Carter,12
Cascade,10
Chouteau,14
Custer,8
Daniels,10
Dawson,7
Deer Lodge,10
Fallon,9
Fergus,11
Flathead,10
Gallatin,8
Garfield,15
Glacier,19
Golden Valley,14
Granite,13
Hill,12
Jefferson,8
Judith Basin,11
Lake,15
Lewis and Clark,7
Liberty,19
Lincoln,12
McCone,16
Madison,13
Meagher,11
Mineral,10
Missoula,8
Musselshell,12
Park,10
Petroleum,11
Phillips,14
Pondera,13
Powder River,14
Powell,10
Prairie,11
Ravalli,12
Richland,10
Roosevelt,19
Rosebud,13
Sanders,15
Sheridan,10
Silver Bow,9
Stillwater,8
Sweet Grass,9
Teton,12
Toole,13
Treasure,14
Valley,12
Wheatland,17
Wibaux,11
Yellowstone,9
Adams,8
Antelope,10
Arthur,14
Banner,10
Blaine,14
Boone,9
Box Butte,9
Boyd,14
Brown,12
Buffalo,9
Burt,11
Butler,8
Cass,7
Cedar,9
Chase,16
Cherry,14
Cheyenne,6
Clay,11
Colfax,16
Cuming,12
Custer,11
Dakota,16
Dawes,11
Dawson,14
Deuel,11
Dixon,10
Dodge,10
Douglas,9
Dundy,16
Fillmore,8
Franklin,10
Frontier,11
Furnas,11
Gage,8
Garden,13
Garfield,10
Gosper,8
Grant,8
Greeley,16
Hall,13
Hamilton,6
Harlan,9
Hayes,26
Hitchcock,12
Holt,11
Hooker,8
Howard,8
Jefferson,9
Johnson,10
Kearney,8
Keith,10
Keya Paha,18
Kimball,12
Knox,13
Lancaster,8
Lincoln,8
Logan,12
Loup,10
McPherson,8
Madison,11
Merrick,9
Morrill,13
Nance,8
Nemaha,7
Nuckolls,9
Otoe,8
Pawnee,12
Perkins,13
Phelps,8
Pierce,7
Platte,10
Polk,9
Red Willow,8
Richardson,9
Rock,14
Saline,13
Sarpy,6
Saunders,7
Scotts Bluff,11
Seward,6
Sheridan,17
Sherman,12
Sioux,15
Stanton,7
Thayer,9
Thomas,13
Thurston,15
Valley,11
Washington,6
Wayne,7
Webster,9
Wheeler,11
York,8
Churchill,13
Clark,13
Douglas,12
Elko,13
Esmeralda,13
Eureka,7
Humboldt,15
Lander,12
Lincoln,12
Lyon,13
Mineral,11
Nye,12
Pershing,15
Storey,8
Washoe,12
White Pine,10
Carson City,12
Belknap,7
Carroll,8
Cheshire,7
Coos,7
Grafton,8
Hillsborough,7
Merrimack,7
Rockingham,5
Strafford,7
Sullivan,7
Atlantic,10
Bergen,8
Burlington,5
Camden,7
Cape May,8
Cumberland,12
Essex,11
Gloucester,5
Hudson,13
Hunterdon,4
Mercer,9
Middlesex,8
Monmouth,6
Morris,5
Ocean,7
Passaic,13
Salem,7
Somerset,5
Sussex,6
Union,11
Warren,7
Bernalillo,9
Catron,10
Chaves,11
Cibola,12
Colfax,9
Curry,9
De Baca,13
Dona Ana,11
Eddy,8
Grant,7
Guadalupe,8
Harding,9
Hidalgo,10
Lea,11
Lincoln,12
Los Alamos,3
Luna,12
McKinley,17
Mora,9
Otero,10
Quay,9
Rio Arriba,11
Roosevelt,13
Sandoval,9
San Juan,13
San Miguel,8
Santa Fe,13
Sierra,9
Socorro,12
Taos,12
Torrance,10
Union,11
Valencia,10
Albany,4
Allegany,5
Bronx,8
Broome,5
Cattaraugus,6
Cayuga,5
Chautauqua,5
Chemung,4
Chenango,5
Clinton,5
Columbia,6
Cortland,4
Delaware,6
Dutchess,5
Erie,4
Essex,5
Franklin,7
Fulton,5
Genesee,4
Greene,5
Hamilton,6
Herkimer,4
Jefferson,4
Kings,7
Lewis,5
Livingston,4
Madison,4
Monroe,4
Montgomery,6
Nassau,5
New York,6
Niagara,5
Oneida,5
Onondaga,5
Ontario,4
Orange,5
Orleans,5
Oswego,5
Otsego,5
Putnam,4
Queens,10
Rensselaer,4
Richmond,4
Rockland,5
St. Lawrence,6
Saratoga,3
Schenectady,4
Schoharie,5
Schuyler,5
Seneca,6
Steuben,6
Suffolk,5
Sullivan,6
Tioga,4
Tompkins,5
Ulster,6
Warren,5
Washington,5
Wayne,4
Westchester,6
Wyoming,4
Yates,8
Alamance,14
Alexander,13
Alleghany,18
Anson,13
Ashe,15
Avery,19
Beaufort,13
Bertie,13
Bladen,16
Brunswick,13
Buncombe,13
Burke,14
Cabarrus,10
Caldwell,13
Camden,11
Carteret,12
Caswell,12
Catawba,13
Chatham,14
Cherokee,13
Chowan,11
Clay,15
Cleveland,11
Columbus,14
Craven,11
Cumberland,10
Currituck,12
Dare,13
Davidson,12
Davie,12
Duplin,19
Durham,13
Edgecombe,12
Forsyth,12
Franklin,14
Gaston,11
Gates,11
Graham,18
Granville,11
Greene,18
Guilford,11
Halifax,13
Harnett,13
Haywood,12
Henderson,15
Hertford,11
Hoke,15
Hyde,15
Iredell,11
Jackson,18
Johnston,14
Jones,15
Lee,15
Lenoir,13
Lincoln,12
McDowell,12
Macon,15
Madison,12
Martin,10
Mecklenburg,12
Mitchell,14
Montgomery,16
Moore,11
Nash,12
New Hanover,12
Northampton,11
Onslow,8
Orange,10
Pamlico,12
Pasquotank,12
Pender,13
Perquimans,12
Person,11
Pitt,10
Polk,14
Randolph,15
Richmond,14
Robeson,18
Rockingham,12
Rowan,13
Rutherford,13
Sampson,18
Scotland,14
Stanly,12
Stokes,13
Surry,14
Swain,18
Transylvania,15
Tyrrell,17
Union,10
Vance,12
Wake,10
Warren,16
Washington,13
Watauga,14
Wayne,14
Wilkes,15
Wilson,13
Yadkin,14
Yancey,14
Adams,10
Barnes,7
Benson,13
Billings,13
Bottineau,10
Bowman,11
Burke,12
Burleigh,6
Cass,7
Cavalier,8
Dickey,9
Divide,11
Dunn,14
Eddy,10
Emmons,12
Foster,7
Golden Valley,9
Grand Forks,7
Grant,18
Griggs,9
Hettinger,11
Kidder,12
LaMoure,11
Logan,18
McHenry,9
McIntosh,14
McKenzie,12
McLean,9
Mercer,7
Morton,6
Mountrail,15
Nelson,10
Oliver,8
Pembina,9
Pierce,10
Ramsey,9
Ransom,8
Renville,8
Richland,8
Rolette,18
Sargent,7
Sheridan,16
Sioux,17
Slope,13
Stark,8
Steele,7
Stutsman,8
Towner,11
Traill,6
Walsh,10
Ward,8
Wells,8
Williams,9
Adams,9
Allen,7
Ashland,8
Ashtabula,8
Athens,9
Auglaize,5
Belmont,6
Brown,7
Butler,6
Carroll,7
Champaign,6
Clark,7
Clermont,5
Clinton,7
Columbiana,7
Coshocton,8
Crawford,6
Cuyahoga,6
Darke,7
Defiance,6
Delaware,4
Erie,6
Fairfield,5
Fayette,6
Franklin,8
Fulton,6
Gallia,8
Geauga,8
Greene,5
Guernsey,8
Hamilton,6
Hancock,6
Hardin,7
Harrison,7
Henry,6
Highland,9
Hocking,7
Holmes,23
Huron,7
Jackson,7
Jefferson,7
Knox,7
Lake,6
Lawrence,6
Licking,6
Logan,7
Lorain,6
Lucas,7
Madison,6
Mahoning,6
Marion,6
Medina,5
Meigs,7
Mercer,6
Miami,6
Monroe,8
Montgomery,7
Morgan,7
Morrow,7
Muskingum,7
Noble,7
Ottawa,6
Paulding,7
Perry,7
Pickaway,6
Pike,7
Portage,6
Preble,6
Putnam,5
Richland,8
Ross,6
Sandusky,6
Scioto,7
Seneca,6
Shelby,6
Stark,7
Summit,6
Trumbull,7
Tuscarawas,7
Union,5
Van Wert,6
Vinton,8
Warren,5
Washington,7
Wayne,11
Williams,6
Wood,5
Wyandot,6
Adair,24
Alfalfa,18
Atoka,20
Beaver,20
Beckham,17
Blaine,17
Bryan,19
Caddo,20
Canadian,12
Carter,17
Cherokee,24
Choctaw,20
Cimarron,25
Cleveland,12
Coal,21
Comanche,14
Cotton,18
Craig,19
Creek,16
Custer,20
Delaware,23
Dewey,20
Ellis,19
Garfield,18
Garvin,18
Grady,14
Grant,16
Greer,13
Harmon,24
Harper,25
Haskell,21
Hughes,20
Jackson,16
Jefferson,19
Johnston,19
Kay,15
Kingfisher,17
Kiowa,17
Latimer,19
Le Flore,20
Lincoln,18
Logan,13
Love,17
McClain,14
McCurtain,21
McIntosh,20
Major,19
Marshall,22
Mayes,19
Murray,17
Muskogee,19
Noble,15
Nowata,20
Okfuskee,19
Oklahoma,16
Okmulgee,16
Osage,16
Ottawa,19
Pawnee,17
Payne,16
Pittsburg,19
Pontotoc,17
Pottawatomie,16
Pushmataha,20
Roger Mills,18
Rogers,13
Seminole,19
Sequoyah,20
Stephens,16
Texas,21
Tillman,19
Tulsa,15
Wagoner,15
Washington,16
Washita,17
Woods,14
Woodward,17
Baker,8
Benton,6
Clackamas,6
Clatsop,8
Columbia,7
Coos,9
Crook,8
Curry,9
Deschutes,7
Douglas,7
Gilliam,7
Grant,8
Harney,9
Hood River,11
Jackson,9
Jefferson,13
Josephine,8
Klamath,10
Lake,10
Lane,8
Lincoln,10
Linn,8
Malheur,10
Marion,10
Morrow,11
Multnomah,8
Polk,8
Sherman,7
Tillamook,10
Umatilla,10
Union,7
Wallowa,8
Wasco,11
Washington,7
Wheeler,10
Yamhill,7
Adams,7
Allegheny,4
Armstrong,5
Beaver,4
Bedford,6
Berks,7
Blair,5
Bradford,7
Bucks,5
Butler,4
Cambria,5
Cameron,6
Carbon,6
Centre,6
Chester,6
Clarion,7
Clearfield,7
Clinton,7
Columbia,5
Crawford,7
Cumberland,6
Dauphin,6
Delaware,5
Elk,5
Erie,6
Fayette,6
Forest,6
Franklin,7
Fulton,7
Greene,5
Huntingdon,5
Indiana,7
Jefferson,7
Juniata,8
Lackawanna,6
Lancaster,12
Lawrence,6
Lebanon,8
Lehigh,7
Luzerne,6
Lycoming,6
McKean,6
Mercer,6
Mifflin,9
Monroe,7
Montgomery,4
Montour,5
Northampton,6
Northumberland,6
Perry,7
Philadelphia,8
Pike,7
Potter,6
Schuylkill,6
Snyder,8
Somerset,6
Sullivan,8
Susquehanna,7
Tioga,7
Union,7
Venango,6
Warren,5
Washington,4
Wayne,7
Westmoreland,4
Wyoming,6
York,6
Bristol,3
Kent,3
Newport,4
Providence,6
Washington,3
Abbeville,12
Aiken,13
Allendale,11
Anderson,13
Bamberg,13
Barnwell,12
Beaufort,15
Berkeley,11
Calhoun,12
Charleston,13
Cherokee,13
Chester,12
Chesterfield,14
Clarendon,14
Colleton,13
Darlington,12
Dillon,15
Dorchester,11
Edgefield,13
Fairfield,11
Florence,11
Georgetown,13
Greenville,13
Greenwood,14
Hampton,12
Horry,17
Jasper,20
Kershaw,11
Lancaster,13
Laurens,14
Lee,11
Lexington,12
McCormick,12
Marion,13
Marlboro,14
Newberry,14
Oconee,15
Orangeburg,13
Pickens,13
Richland,10
Saluda,18
Spartanburg,12
Sumter,12
Union,12
Williamsburg,11
York,11
Aurora,15
Beadle,13
Bennett,21
Bon Homme,11
Brookings,8
Brown,10
Brule,18
Buffalo,19
Butte,11
Campbell,11
Charles Mix,17
Clark,14
Clay,10
Codington,8
Corson,21
Custer,11
Davison,8
Day,14
Deuel,9
Dewey,19
Douglas,13
Edmunds,11
Fall River,10
Faulk,9
Grant,10
Gregory,15
Haakon,13
Hamlin,10
Hand,11
Hanson,11
Harding,12
Hughes,9
Hutchinson,12
Hyde,12
Jackson,24
Jerauld,12
Jones,16
Kingsbury,9
Lake,7
Lawrence,9
Lincoln,6
Lyman,18
McCook,10
McPherson,13
Marshall,17
Meade,10
Mellette,23
Miner,10
Minnehaha,8
Moody,15
Oglala Lakota,16
Pennington,11
Perkins,16
Potter,11
Roberts,19
Sanborn,12
Spink,10
Stanley,10
Sully,12
Todd,17
Tripp,17
Turner,9
Union,7
Walworth,13
Yankton,9
Ziebach,23
Anderson,10
Bedford,14
Benton,12
Bledsoe,15
Blount,10
Bradley,13
Campbell,12
Cannon,11
Carroll,10
Carter,12
Cheatham,10
Chester,11
Claiborne,11
Clay,14
Cocke,12
Coffee,10
Crockett,14
Cumberland,12
Davidson,14
Decatur,12
DeKalb,14
Dickson,10
Dyer,9
Fayette,11
Fentress,12
Franklin,10
Gibson,10
Giles,12
Grainger,12
Greene,11
Grundy,13
Hamblen,13
Hamilton,11
Hancock,11
Hardeman,12
Hardin,11
Hawkins,11
Haywood,11
Henderson,11
Henry,11
Hickman,12
Houston,12
Humphreys,11
Jackson,12
Jefferson,11
Johnson,12
Knox,9
Lake,11
Lauderdale,11
Lawrence,13
Lewis,12
Lincoln,11
Loudon,12
McMinn,12
McNairy,11
Macon,13
Madison,9
Marion,11
Marshall,10
Maury,10
Meigs,12
Monroe,11
Montgomery,8
Moore,9
Morgan,12
Obion,11
Overton,12
Perry,14
Pickett,12
Polk,12
Putnam,12
Rhea,12
Roane,10
Robertson,10
Rutherford,9
Scott,11
Sequatchie,11
Sevier,16
Shelby,11
Smith,10
Stewart,12
Sullivan,10
Sumner,9
Tipton,9
Trousdale,12
Unicoi,12
Union,12
Van Buren,12
Warren,14
Washington,11
Wayne,11
Weakley,10
White,11
Williamson,6
Wilson,8
Anderson,19
Andrews,22
Angelina,21
Aransas,22
Archer,18
Armstrong,17
Atascosa,19
Austin,20
Bailey,27
Bandera,18
Bastrop,21
Baylor,18
Bee,18
Bell,13
Bexar,16
Blanco,21
Borden,16
Bosque,22
Bowie,16
Brazoria,14
Brazos,16
Brewster,19
Briscoe,31
Brooks,16
Brown,18
Burleson,19
Burnet,21
Caldwell,21
Calhoun,19
Callahan,18
Cameron,29
Camp,21
Carson,17
Cass,16
Castro,28
Chambers,16
Cherokee,21
Childress,20
Clay,18
Cochran,28
Coke,19
Coleman,22
Collin,12
Collingsworth,32
Colorado,22
Comal,14
Comanche,25
Concho,21
Cooke,20
Coryell,15
Cottle,27
Crane,20
Crockett,22
Crosby,22
Culberson,26
Dallam,30
Dallas,23
Dawson,21
Deaf Smith,25
Delta,18
Denton,12
DeWitt,17
Dickens,24
Dimmit,19
Donley,20
Duval,20
Eastland,22
Ector,21
Edwards,24
Ellis,18
El Paso,22
Erath,23
Falls,22
Fannin,21
Fayette,20
Fisher,20
Floyd,23
Foard,24
Fort Bend,13
Franklin,19
Freestone,19
Frio,22
Gaines,33
Galveston,15
Garza,24
Gillespie,23
Glasscock,21
Goliad,15
Gonzales,25
Gray,23
Grayson,19
Gregg,21
Grimes,22
Guadalupe,13
Hale,23
Hall,27
Hamilton,24
Hansford,26
Hardeman,26
Hardin,13
Harris,22
Harrison,17
Hartley,20
Haskell,25
Hays,16
Hemphill,23
Henderson,21
Hidalgo,31
Hill,21
Hockley,20
Hood,17
Hopkins,22
Houston,20
Howard,18
Hudspeth,28
Hunt,18
Hutchinson,20
Irion,15
Jack,24
Jackson,19
Jasper,17
Jeff Davis,29
Jefferson,20
Jim Hogg,19
Jim Wells,20
Johnson,17
Jones,19
Karnes,18
Kaufman,16
Kendall,15
Kenedy,22
Kent,18
Kerr,22
Kimble,21
King,24
Kinney,22
Kleberg,19
Knox,25
Lamar,19
Lamb,25
Lampasas,20
La Salle,16
Lavaca,18
Lee,22
Leon,24
Liberty,21
Limestone,21
Lipscomb,29
Live Oak,20
Llano,20
Loving,21
Lubbock,15
Lynn,19
McCulloch,21
McLennan,17
McMullen,19
Madison,21
Marion,18
Martin,22
Mason,28
Matagorda,21
Maverick,27
Medina,16
Menard,25
Midland,19
Milam,20
Mills,25
Mitchell,21
Montague,23
Montgomery,17
Moore,27
Morris,16
Motley,22
Nacogdoches,22
Navarro,22
Newton,17
Nolan,17
Nueces,19
Ochiltree,28
Oldham,16
Orange,15
Palo Pinto,21
Panola,18
Parker,15
Parmer,28
Pecos,22
Polk,22
Potter,23
Presidio,29
Rains,22
Randall,13
Reagan,23
Real,22
Red River,19
Reeves,22
Refugio,18
Roberts,12
Robertson,18
Rockwall,13
Runnels,20
Rusk,20
Sabine,21
San Augustine,18
San Jacinto,23
San Patricio,18
San Saba,28
Schleicher,25
Scurry,18
Shackelford,20
Shelby,24
Sherman,29
Smith,19
Somervell,19
Starr,28
Stephens,26
Sterling,22
Stonewall,22
Sutton,21
Swisher,22
Tarrant,18
Taylor,16
Terrell,27
Terry,24
Throckmorton,27
Titus,25
Tom Green,17
Travis,14
Trinity,20
Tyler,17
Upshur,18
Upton,22
Uvalde,22
Val Verde,22
Van Zandt,21
Victoria,18
Walker,19
Waller,24
Ward,21
Washington,19
Webb,28
Wharton,21
Wheeler,24
Wichita,17
Wilbarger,21
Willacy,22
Williamson,11
Wilson,16
Winkler,21
Wise,22
Wood,20
Yoakum,24
Young,23
Zapata,29
Zavala,19
Beaver,12
Box Elder,8
Cache,10
Carbon,10
Daggett,8
Davis,6
Duchesne,15
Emery,9
Garfield,16
Grand,13
Iron,13
Juab,10
Kane,9
Millard,14
Morgan,7
Piute,12
Rich,11
Salt Lake,10
San Juan,16
Sanpete,12
Sevier,12
Summit,9
Tooele,8
Uintah,15
Utah,8
Wasatch,11
Washington,13
Wayne,15
Weber,10
Addison,6
Bennington,5
Caledonia,5
Chittenden,5
Essex,6
Franklin,4
Grand Isle,5
Lamoille,6
Orange,5
Orleans,6
Rutland,5
Washington,4
Windham,5
Windsor,6
Accomack,16
Albemarle,9
Alleghany,9
Amelia,13
Amherst,12
Appomattox,11
Arlington,7
Augusta,11
Bath,10
Bedford,9
Bland,8
Botetourt,8
Brunswick,12
Buchanan,12
Buckingham,13
Campbell,11
Caroline,11
Carroll,12
Charles City,16
Charlotte,14
Chesterfield,8
Clarke,11
Craig,10
Culpeper,13
Cumberland,12
Dickenson,11
Dinwiddie,11
Essex,12
Fairfax,9
Fauquier,9
Floyd,13
Fluvanna,10
Franklin,12
Frederick,10
Giles,11
Gloucester,9
Goochland,7
Grayson,13
Greene,13
Greensville,10
Halifax,11
Hanover,7
Henrico,9
Henry,12
Highland,17
Isle of Wight,9
James City,8
King and Queen,14
King George,7
King William,9
Lancaster,12
Lee,12
Loudoun,6
Louisa,12
Lunenburg,15
Madison,12
Mathews,9
Mecklenburg,11
Middlesex,11
Montgomery,10
Nelson,13
New Kent,9
Northampton,14
Northumberland,12
Nottoway,13
Orange,11
Page,13
Patrick,13
Pittsylvania,12
Powhatan,9
Prince Edward,12
Prince George,8
Prince William,11
Pulaski,9
Rappahannock,14
Richmond,12
Roanoke,8
Rockbridge,11
Rockingham,15
Russell,11
Scott,10
Shenandoah,12
Smyth,10
Southampton,11
Spotsylvania,9
Stafford,7
Surry,9
Sussex,13
Tazewell,11
Warren,11
Washington,10
Westmoreland,13
Wise,11
Wythe,12
York,7
Alexandria City,11
Bristol City,9
Buena Vista City,10
Charlottesville City,11
Chesapeake City,7
Colonial Heights City,10
Covington City,10
Danville City,10
Emporia City,11
Fairfax City,9
Falls Church City,3
Franklin City,9
Fredericksburg City,11
Galax City,15
Hampton City,9
Harrisonburg City,15
Hopewell City,11
Lexington City,8
Lynchburg City,10
Manassas City,16
Manassas Park City,16
Martinsville City,10
Newport News City,11
Norfolk City,11
Norton City,11
Petersburg City,10
Poquoson City,6
Portsmouth City,11
Radford City,9
Richmond City,14
Roanoke City,12
Salem City,8
Staunton City,10
Suffolk City,8
Virginia Beach City,8
Waynesboro City,11
Williamsburg City,11
Winchester City,15
Adams,12
Asotin,6
Benton,7
Chelan,9
Clallam,8
Clark,6
Columbia,6
Cowlitz,6
Douglas,11
Ferry,10
Franklin,11
Garfield,4
Grant,12
Grays Harbor,8
Island,5
Jefferson,8
King,6
Kitsap,5
Kittitas,8
Klickitat,9
Lewis,8
Lincoln,6
Mason,9
Okanogan,14
Pacific,9
Pend Oreille,8
Pierce,6
San Juan,9
Skagit,8
Skamania,7
Snohomish,6
Spokane,6
Stevens,7
Thurston,6
Wahkiakum,8
Walla Walla,7
Whatcom,7
Whitman,6
Yakima,12
Barbour,8
Berkeley,7
Boone,7
Braxton,8
Brooke,5
Cabell,8
Calhoun,8
Clay,8
Doddridge,8
Fayette,8
Gilmer,8
Grant,8
Greenbrier,8
Hampshire,9
Hancock,7
Hardy,9
Harrison,7
Jackson,7
Jefferson,6
Kanawha,7
Lewis,7
Lincoln,8
Logan,7
McDowell,9
Marion,6
Marshall,7
Mason,7
Mercer,7
Mineral,7
Mingo,8
Monongalia,7
Monroe,9
Morgan,8
Nicholas,7
Ohio,6
Pendleton,9
Pleasants,6
Pocahontas,8
Preston,8
Putnam,5
Raleigh,7
Randolph,7
Ritchie,8
Roane,8
Summers,7
Taylor,7
Tucker,7
Tyler,7
Upshur,8
Wayne,7
Webster,8
Wetzel,7
Wirt,8
Wood,7
Wyoming,7
Adams,7
Ashland,7
Barron,7
Bayfield,9
Brown,7
Buffalo,6
Burnett,8
Calumet,4
Chippewa,5
Clark,16
Columbia,5
Crawford,6
Dane,5
Dodge,5
Door,6
Douglas,6
Dunn,5
Eau Claire,6
Florence,7
Fond du Lac,5
Forest,11
Grant,8
Green,5
Green Lake,8
Iowa,5
Iron,7
Jackson,10
Jefferson,5
Juneau,8
Kenosha,6
Kewaunee,5
La Crosse,5
Lafayette,11
Langlade,6
Lincoln,5
Manitowoc,6
Marathon,6
Marinette,6
Marquette,8
Menominee,9
Milwaukee,8
Monroe,7
Oconto,6
Oneida,6
Outagamie,5
Ozaukee,3
Pepin,8
Pierce,4
Polk,6
Portage,5
Price,6
Racine,6
Richland,7
Rock,7
Rusk,8
St. Croix,4
Sauk,7
Sawyer,10
Shawano,7
Sheboygan,6
Taylor,8
Trempealeau,7
Vernon,10
Vilas,10
Walworth,8
Washburn,6
Washington,4
Waukesha,3
Waupaca,6
Waushara,8
Winnebago,5
Wood,5
Albany,12
Big Horn,19
Campbell,12
Carbon,16
Converse,12
Crook,14
Fremont,20
Goshen,16
Hot Springs,13
Johnson,14
Laramie,11
Lincoln,13
Natrona,14
Niobrara,19
Park,13
Platte,14
Sheridan,13
Sublette,14
Sweetwater,14
Teton,16
Uinta,13
Washakie,16
Weston,13
