County_Name,pct_diabetes
Autauga,11
Baldwin,10
Barbour,17
Bibb,14
Blount,17
Bullock,23
Butler,19
Calhoun,17
Chambers,19
Cherokee,15
Chilton,18
Choctaw,17
Clarke,22
Clay,13
Cleburne,12
Coffee,16
Colbert,16
Conecuh,25
Coosa,20
Covington,15
Crenshaw,18
Cullman,19
Dale,15
Dallas,15
DeKalb,12
Elmore,15
Escambia,18
Etowah,15
Fayette,23
Franklin,14
Geneva,16
Greene,14
Hale,17
Henry,16
Houston,13
Jackson,16
Jefferson,12
Lamar,18
Lauderdale,13
Lawrence,19
Lee,9
Limestone,13
Lowndes,13
Macon,23
Madison,13
Marengo,17
Marion,20
Marshall,11
Mobile,14
Monroe,18
Montgomery,13
Morgan,12
Perry,15
Pickens,15
Pike,12
Randolph,16
Russell,19
St. Clair,13
Shelby,10
Sumter,20
Talladega,16
Tallapoosa,15
Tuscaloosa,11
Walker,14
Washington,16
Wilcox,19
Winston,19
Aleutians East,12
Aleutians West,9
Anchorage,7
Bethel,6
Bristol Bay,14
Denali,4
Dillingham,10
Fairbanks North Star,6
Haines,7
Hoonah-Angoon,14
Juneau,6
Kenai Peninsula,8
Ketchikan Gateway,9
Kodiak Island,8
Kusilvak,4
Lake and Peninsula,9
Matanuska-Susitna,8
Nome,7
North Slope,7
Northwest Arctic,10
Petersburg,8
Prince of Wales-Hyder,13
Sitka,7
Skagway,6
Southeast Fairbanks,9
Valdez-Cordova,11
Wrangell,13
Yakutat,7
Yukon-Koyukuk,9
Apache,16
Cochise,10
Coconino,7
Gila,15
Graham,9
Greenlee,11
La Paz,14
Maricopa,8
Mohave,13
Navajo,15
Pima,8
Pinal,12
Santa Cruz,8
Yavapai,10
Yuma,14
Arkansas,19
Ashley,15
Baxter,17
Benton,9
Boone,14
Bradley,16
Calhoun,17
Carroll,8
Chicot,9
Clark,14
Clay,15
Cleburne,11
Cleveland,17
Columbia,16
Conway,18
Craighead,13
Crawford,15
Crittenden,19
Cross,16
Dallas,7
Desha,13
Drew,19
Faulkner,9
Franklin,13
Fulton,13
Garland,15
Grant,16
Greene,14
Hempstead,18
Hot Spring,17
Howard,12
Independence,13
Izard,13
Jackson,23
Jefferson,15
Johnson,12
Lafayette,29
Lawrence,9
Lee,16
Lincoln,15
Little River,20
Logan,18
Lonoke,12
Madison,12
Marion,17
Miller,12
Mississippi,17
Monroe,17
Montgomery,18
Nevada,14
Newton,10
Ouachita,15
Perry,14
Phillips,18
Pike,14
Poinsett,20
Polk,13
Pope,11
Prairie,14
Pulaski,11
Randolph,18
St. Francis,18
Saline,12
Scott,18
Searcy,16
Sebastian,12
Sevier,14
Sharp,19
Stone,21
Union,13
Van Buren,15
Washington,8
White,13
Woodruff,26
Yell,14
Alameda,6
Alpine,6
Amador,13
Butte,9
Calaveras,11
Colusa,21
Contra Costa,8
Del Norte,10
El Dorado,8
Fresno,10
Glenn,9
Humboldt,8
Imperial,9
Inyo,9
Kern,9
Kings,10
Lake,12
Lassen,19
Los Angeles,8
Madera,12
Marin,5
Mariposa,7
Mendocino,7
Merced,14
Modoc,18
Mono,5
Monterey,8
Napa,8
Nevada,6
Orange,8
Placer,6
Plumas,11
Riverside,9
Sacramento,9
San Benito,9
San Bernardino,9
San Diego,7
San Francisco,6
San Joaquin,10
San Luis Obispo,8
San Mateo,7
Santa Barbara,8
Santa Clara,7
Santa Cruz,6
Shasta,11
Sierra,6
Siskiyou,13
Solano,10
Sonoma,7
Stanislaus,11
Sutter,10
Tehama,9
Trinity,7
Tulare,9
Tuolumne,9
Ventura,9
Yolo,6
Yuba,11
Adams,7
Alamosa,6
Arapahoe,7
Archuleta,4
Baca,15
Bent,7
Boulder,4
Broomfield,6
Chaffee,7
Cheyenne,12
Clear Creek,6
Conejos,8
Costilla,13
Crowley,5
Custer,7
Delta,9
Denver,5
Dolores,5
Douglas,4
Eagle,2
Elbert,6
El Paso,6
Fremont,8
Garfield,4
Gilpin,5
Grand,4
Gunnison,2
Hinsdale,5
Huerfano,8
Jackson,8
Jefferson,5
Kiowa,9
Kit Carson,9
Lake,7
La Plata,5
Larimer,5
Las Animas,10
Lincoln,9
Logan,11
Mesa,8
Mineral,6
Moffat,8
Montezuma,12
Montrose,7
Morgan,10
Otero,11
Ouray,6
Park,4
Phillips,12
Pitkin,1
Prowers,12
Pueblo,9
Rio Blanco,3
Rio Grande,7
Routt,3
Saguache,13
San Juan,4
San Miguel,1
Sedgwick,11
Summit,3
Teller,6
Washington,13
Weld,7
Yuma,9
Fairfield,7
Hartford,9
Litchfield,9
Middlesex,7
New Haven,9
New London,8
Tolland,8
Windham,11
Kent,13
New Castle,10
Sussex,12
District of Columbia,8
Alachua,8
Baker,15
Bay,11
Bradford,12
Brevard,13
Broward,9
Calhoun,16
Charlotte,12
Citrus,15
Clay,11
Collier,8
Columbia,15
DeSoto,14
Dixie,15
Duval,11
Escambia,13
Flagler,12
Franklin,12
Gadsden,20
Gilchrist,15
Glades,20
Gulf,12
Hamilton,15
Hardee,16
Hendry,11
Hernando,15
Highlands,15
Hillsborough,9
Holmes,14
Indian River,12
Jackson,15
Jefferson,13
Lafayette,14
Lake,12
Lee,11
Leon,8
Levy,14
Liberty,13
Madison,17
Manatee,10
Marion,15
Martin,9
Miami-Dade,7
Monroe,6
Nassau,11
Okaloosa,11
Okeechobee,14
Orange,9
Osceola,11
Palm Beach,9
Pasco,13
Pinellas,10
Polk,14
Putnam,17
St. Johns,7
St. Lucie,11
Santa Rosa,11
Sarasota,9
Seminole,9
Sumter,16
Suwannee,14
Taylor,13
Union,13
Volusia,12
Wakulla,8
Walton,12
Washington,14
Appling,17
Atkinson,13
Bacon,18
Baker,20
Baldwin,11
Banks,11
Barrow,17
Bartow,13
Ben Hill,13
Berrien,13
Bibb,13
Bleckley,8
Brantley,7
Brooks,12
Bryan,11
Bulloch,11
Burke,14
Butts,12
Calhoun,18
Camden,16
Candler,12
Carroll,13
Catoosa,16
Charlton,16
Chatham,10
Chattahoochee,6
Chattooga,12
Cherokee,10
Clarke,6
Clay,15
Clayton,11
Clinch,25
Cobb,8
Coffee,11
Colquitt,17
Columbia,10
Cook,16
Coweta,9
Crawford,20
Crisp,19
Dade,24
Dawson,16
Decatur,14
DeKalb,8
Dodge,16
Dooly,16
Dougherty,15
Douglas,10
Early,19
Echols,11
Effingham,10
Elbert,8
Emanuel,17
Evans,7
Fannin,15
Fayette,12
Floyd,14
Forsyth,7
Franklin,13
Fulton,8
Gilmer,19
Glascock,17
Glynn,14
Gordon,14
Grady,16
Greene,13
Gwinnett,10
Habersham,8
Hall,12
Hancock,18
Haralson,8
Harris,13
Hart,8
Heard,20
Henry,13
Houston,9
Irwin,17
Jackson,12
Jasper,12
Jeff Davis,24
Jefferson,22
Jenkins,13
Johnson,14
Jones,20
Lamar,20
Lanier,32
Laurens,16
Lee,25
Liberty,13
Lincoln,16
Long,9
Lowndes,15
Lumpkin,11
McDuffie,19
McIntosh,15
Macon,17
Madison,15
Marion,23
Meriwether,20
Miller,18
Mitchell,11
Monroe,10
Montgomery,9
Morgan,13
Murray,20
Muscogee,13
Newton,17
Oconee,6
Oglethorpe,12
Paulding,12
Peach,15
Pickens,14
Pierce,20
Pike,5
Polk,16
Pulaski,21
Putnam,22
Quitman,17
Rabun,17
Randolph,12
Richmond,12
Rockdale,14
Schley,6
Screven,12
Seminole,9
Spalding,15
Stephens,11
Stewart,13
Sumter,15
Talbot,22
Taliaferro,16
Tattnall,22
Taylor,9
Telfair,16
Terrell,14
Thomas,14
Tift,12
Toombs,16
Towns,6
Treutlen,9
Troup,11
Turner,18
Twiggs,16
Union,15
Upson,11
Walker,18
Walton,10
Ware,12
Warren,24
Washington,19
Wayne,11
Webster,11
Wheeler,10
White,14
Whitfield,12
Wilcox,22
Wilkes,20
Wilkinson,13
Worth,31
Hawaii,10
Honolulu,10
Kalawao,10
Kauai,9
Maui,9
Ada,7
Adams,7
Bannock,9
Bear Lake,7
Benewah,8
Bingham,12
Blaine,4
Boise,13
Bonner,9
Bonneville,9
Boundary,9
Butte,9
Camas,5
Canyon,9
Caribou,13
Cassia,11
Clark,3
Clearwater,12
Custer,7
Elmore,10
Franklin,7
Fremont,11
Gem,11
Gooding,10
Idaho,10
Jefferson,10
Jerome,6
Kootenai,7
Latah,5
Lemhi,10
Lewis,12
Lincoln,12
Madison,7
Minidoka,13
Nez Perce,10
Oneida,8
Owyhee,13
Payette,10
Power,13
Shoshone,9
Teton,4
Twin Falls,8
Valley,6
Washington,11
Adams,11
Alexander,7
Bond,4
Boone,9
Brown,4
Bureau,11
Calhoun,8
Carroll,8
Cass,6
Champaign,9
Christian,13
Clark,6
Clay,8
Clinton,13
Coles,9
Cook,9
Crawford,11
Cumberland,21
DeKalb,5
De Witt,10
Douglas,8
DuPage,8
Edgar,9
Edwards,5
Effingham,12
Fayette,10
Ford,4
Franklin,7
Fulton,8
Gallatin,14
Greene,11
Grundy,4
Hamilton,19
Hancock,7
Hardin,4
Henderson,13
Henry,13
Iroquois,8
Jackson,4
Jasper,10
Jefferson,9
Jersey,14
Jo Daviess,10
Johnson,8
Kane,9
Kankakee,10
Kendall,7
Knox,17
Lake,8
LaSalle,13
Lawrence,17
Lee,8
Livingston,10
Logan,18
McDonough,9
McHenry,10
McLean,11
Macon,14
Macoupin,15
Madison,10
Marion,17
Marshall,13
Mason,12
Massac,26
Menard,9
Mercer,12
Monroe,8
Montgomery,12
Morgan,14
Moultrie,4
Ogle,7
Peoria,10
Perry,11
Piatt,19
Pike,8
Pope,9
Pulaski,19
Putnam,5
Randolph,13
Richland,13
Rock Island,14
St. Clair,9
Saline,11
Sangamon,11
Schuyler,14
Scott,13
Shelby,11
Stark,6
Stephenson,10
Tazewell,12
Union,10
Vermilion,16
Wabash,12
Warren,17
Washington,10
Wayne,14
White,4
Whiteside,10
Will,9
Williamson,12
Winnebago,10
Woodford,11
Adams,9
Allen,10
Bartholomew,11
Benton,15
Blackford,23
Boone,9
Brown,7
Carroll,10
Cass,18
Clark,11
Clay,16
Clinton,16
Crawford,14
Daviess,9
Dearborn,8
Decatur,12
DeKalb,7
Delaware,10
Dubois,12
Elkhart,12
Fayette,11
Floyd,14
Fountain,14
Franklin,11
Fulton,8
Gibson,10
Grant,16
Greene,12
Hamilton,8
Hancock,13
Harrison,11
Hendricks,10
Henry,15
Howard,15
Huntington,14
Jackson,14
Jasper,11
Jay,18
Jefferson,10
Jennings,16
Johnson,10
Knox,17
Kosciusko,13
LaGrange,10
Lake,13
LaPorte,12
Lawrence,15
Madison,17
Marion,11
Marshall,12
Martin,8
Miami,10
Monroe,6
Montgomery,15
Morgan,11
Newton,16
Noble,11
Ohio,6
Orange,13
Owen,15
Parke,8
Perry,10
Pike,19
Porter,10
Posey,13
Pulaski,9
Putnam,12
Randolph,13
Ripley,13
Rush,11
St. Joseph,9
Scott,14
Shelby,17
Spencer,7
Starke,9
Steuben,8
Sullivan,19
Switzerland,22
Tippecanoe,7
Tipton,17
Union,19
Vanderburgh,10
Vermillion,16
Vigo,11
Wabash,13
Warren,13
Warrick,13
Washington,14
Wayne,17
Wells,11
White,13
Whitley,14
Adair,12
Adams,14
Allamakee,10
Appanoose,14
Audubon,9
Benton,11
Black Hawk,10
Boone,9
Bremer,8
Buchanan,8
Buena Vista,9
Butler,11
Calhoun,10
Carroll,10
Cass,9
Cedar,5
Cerro Gordo,10
Cherokee,13
Chickasaw,8
Clarke,11
Clay,11
Clayton,7
Clinton,11
Crawford,12
Dallas,7
Davis,13
Decatur,18
Delaware,9
Des Moines,12
Dickinson,11
Dubuque,7
Emmet,6
Fayette,12
Floyd,8
Franklin,15
Fremont,10
Greene,19
Grundy,8
Guthrie,7
Hamilton,12
Hancock,6
Hardin,12
Harrison,15
Henry,6
Howard,7
Humboldt,6
Ida,7
Iowa,9
Jackson,6
Jasper,14
Jefferson,7
Johnson,6
Jones,7
Keokuk,6
Kossuth,8
Lee,13
Linn,9
Louisa,8
Lucas,17
Lyon,15
Madison,11
Mahaska,12
Marion,10
Marshall,11
Mills,6
Mitchell,7
Monona,14
Monroe,12
Montgomery,13
Muscatine,8
O'Brien,8
Osceola,7
Page,15
Palo Alto,13
Plymouth,10
Pocahontas,10
Polk,8
Pottawattamie,11
Poweshiek,8
Ringgold,9
Sac,9
Scott,11
Shelby,13
Sioux,6
Story,5
Tama,9
Taylor,11
Union,18
Van Buren,3
Wapello,16
Warren,10
Washington,11
Wayne,21
Webster,11
Winnebago,7
Winneshiek,5
Woodbury,9
Worth,17
Wright,7
Allen,17
Anderson,12
Atchison,11
Barber,10
Barton,12
Bourbon,12
Brown,13
Butler,10
Chase,10
Chautauqua,12
Cherokee,15
Cheyenne,9
Clark,11
Clay,10
Cloud,10
Coffey,11
Comanche,8
Cowley,12
Crawford,11
Decatur,12
Dickinson,11
Doniphan,11
Douglas,6
Edwards,15
Elk,23
Ellis,7
Ellsworth,11
Finney,9
Ford,9
Franklin,9
Geary,9
Gove,14
Graham,15
Grant,9
Gray,9
Greeley,8
Greenwood,12
Hamilton,18
Harper,12
Harvey,10
Haskell,5
Hodgeman,14
Jackson,11
Jefferson,11
Jewell,13
Johnson,7
Kearny,10
Kingman,13
Kiowa,10
Labette,13
Lane,16
Leavenworth,10
Lincoln,5
Linn,12
Logan,12
Lyon,9
McPherson,11
Marion,7
Marshall,11
Meade,15
Miami,12
Mitchell,8
Montgomery,13
Morris,14
Morton,8
Nemaha,8
Neosho,15
Ness,10
Norton,10
Osage,10
Osborne,15
Ottawa,12
Pawnee,13
Phillips,7
Pottawatomie,10
Pratt,8
Rawlins,10
Reno,11
Republic,6
Rice,13
Riley,4
Rooks,10
Rush,9
Russell,12
Saline,10
Scott,10
Sedgwick,10
Seward,7
Shawnee,11
Sheridan,7
Sherman,19
Smith,8
Stafford,16
Stanton,3
Stevens,11
Sumner,13
Thomas,4
Trego,11
Wabaunsee,10
Wallace,14
Washington,7
Wichita,11
Wilson,18
Woodson,10
Wyandotte,12
Adair,17
Allen,12
Anderson,14
Ballard,16
Barren,11
Bath,12
Bell,22
Boone,10
Bourbon,10
Boyd,15
Boyle,14
Bracken,9
Breathitt,19
Breckinridge,12
Bullitt,17
Butler,13
Caldwell,14
Calloway,9
Campbell,9
Carlisle,10
Carroll,12
Carter,15
Casey,14
Christian,10
Clark,10
Clay,12
Clinton,14
Crittenden,8
Cumberland,16
Daviess,12
Edmonson,16
Elliott,18
Estill,17
Fayette,9
Fleming,12
Floyd,16
Franklin,12
Fulton,12
Gallatin,13
Garrard,17
Grant,13
Graves,12
Grayson,14
Green,12
Greenup,18
Hancock,16
Hardin,13
Harlan,18
Harrison,10
Hart,7
Henderson,16
Henry,10
Hickman,13
Hopkins,14
Jackson,17
Jefferson,12
Jessamine,12
Johnson,17
Kenton,11
Knott,16
Knox,12
Larue,10
Laurel,15
Lawrence,19
Lee,11
Leslie,15
Letcher,19
Lewis,13
Lincoln,17
Livingston,9
Logan,8
Lyon,11
McCracken,11
McCreary,14
McLean,18
Madison,10
Magoffin,16
Marion,12
Marshall,10
Martin,15
Mason,12
Meade,13
Menifee,22
Mercer,14
Metcalfe,12
Monroe,19
Montgomery,13
Morgan,10
Muhlenberg,12
Nelson,11
Nicholas,15
Ohio,12
Oldham,8
Owen,18
Owsley,11
Pendleton,7
Perry,16
Pike,17
Powell,17
Pulaski,13
Robertson,24
Rockcastle,13
Rowan,12
Russell,12
Scott,8
Shelby,11
Simpson,12
Spencer,19
Taylor,10
Todd,11
Trigg,13
Trimble,14
Union,13
Warren,8
Washington,15
Wayne,12
Webster,12
Whitley,11
Wolfe,12
Woodford,9
Acadia,11
Allen,19
Ascension,13
Assumption,16
Avoyelles,13
Beauregard,14
Bienville,23
Bossier,11
Caddo,13
Calcasieu,11
Caldwell,15
Cameron,19
Catahoula,12
Claiborne,20
Concordia,16
De Soto,17
East Baton Rouge,11
East Carroll,13
East Feliciana,17
Evangeline,20
Franklin,14
Grant,20
Iberia,13
Iberville,15
Jackson,13
Jefferson,14
Jefferson Davis,11
Lafayette,10
Lafourche,13
La Salle,18
Lincoln,10
Livingston,10
Madison,19
Morehouse,13
Natchitoches,15
Orleans,10
Ouachita,14
Plaquemines,16
Pointe Coupee,11
Rapides,14
Red River,15
Richland,18
Sabine,11
St. Bernard,13
St. Charles,10
St. Helena,11
St. James,8
St. John the Baptist,10
St. Landry,14
St. Martin,15
St. Mary,15
St. Tammany,11
Tangipahoa,10
Tensas,19
Terrebonne,11
Union,16
Vermilion,9
Vernon,13
Washington,23
Webster,14
West Baton Rouge,9
West Carroll,24
West Feliciana,8
Winn,22
Androscoggin,12
Aroostook,13
Cumberland,8
Franklin,9
Hancock,9
Kennebec,10
Knox,8
Lincoln,8
Oxford,9
Penobscot,11
Piscataquis,11
Sagadahoc,8
Somerset,12
Waldo,10
Washington,12
York,9
Allegany,15
Anne Arundel,9
Baltimore,10
Calvert,11
Caroline,12
Carroll,9
Cecil,11
Charles,11
Dorchester,18
Frederick,9
Garrett,13
Harford,10
Howard,8
Kent,11
Montgomery,7
Prince George's,12
Queen Anne's,10
St. Mary's,11
Somerset,13
Talbot,11
Washington,13
Wicomico,11
Worcester,12
Baltimore City,12
Barnstable,8
Berkshire,10
Bristol,10
Dukes,6
Essex,9
Franklin,11
Hampden,10
Hampshire,6
Middlesex,7
Nantucket,7
Norfolk,8
Plymouth,10
Suffolk,8
Worcester,9
Alcona,11
Alger,11
Allegan,8
Alpena,13
Antrim,7
Arenac,16
Baraga,18
Barry,17
Bay,8
Benzie,13
Berrien,11
Branch,10
Calhoun,13
Cass,18
Charlevoix,12
Cheboygan,17
Chippewa,12
Clare,16
Clinton,11
Crawford,15
Delta,14
Dickinson,11
Eaton,9
Emmet,8
Genesee,13
Gladwin,19
Gogebic,14
Grand Traverse,6
Gratiot,11
Hillsdale,12
Houghton,8
Huron,13
Ingham,9
Ionia,12
Iosco,17
Iron,7
Isabella,8
Jackson,12
Kalamazoo,10
Kalkaska,14
Kent,9
Keweenaw,6
Lake,8
Lapeer,11
Leelanau,9
Lenawee,13
Livingston,8
Luce,7
Mackinac,15
Macomb,11
Manistee,9
Marquette,9
Mason,14
Mecosta,6
Menominee,14
Midland,12
Missaukee,14
Monroe,10
Montcalm,12
Montmorency,19
Muskegon,12
Newaygo,9
Oakland,8
Oceana,14
Ogemaw,16
Ontonagon,9
Osceola,11
Oscoda,19
Otsego,12
Ottawa,8
Presque Isle,15
Roscommon,13
Saginaw,10
St. Clair,9
St. Joseph,14
Sanilac,12
Schoolcraft,16
Shiawassee,12
Tuscola,7
Van Buren,15
Washtenaw,6
Wayne,11
Wexford,13
Aitkin,14
Anoka,8
Becker,9
Beltrami,9
Benton,11
Big Stone,9
Blue Earth,7
Brown,10
Carlton,9
Carver,7
Cass,11
Chippewa,10
Chisago,9
Clay,7
Clearwater,8
Cook,8
Cottonwood,15
Crow Wing,9
Dakota,7
Dodge,10
Douglas,8
Faribault,8
Fillmore,8
Freeborn,10
Goodhue,7
Grant,11
Hennepin,6
Houston,7
Hubbard,9
Isanti,11
Itasca,12
Jackson,10
Kanabec,9
Kandiyohi,9
Kittson,12
Koochiching,10
Lac qui Parle,11
Lake,10
Lake of the Woods,14
Le Sueur,9
Lincoln,11
Lyon,9
McLeod,10
Mahnomen,11
Marshall,12
Martin,12
Meeker,11
Mille Lacs,12
Morrison,10
Mower,11
Murray,9
Nicollet,8
Nobles,10
Norman,8
Olmsted,7
Otter Tail,9
Pennington,8
Pine,12
Pipestone,10
Polk,9
Pope,8
Ramsey,7
Red Lake,9
Redwood,14
Renville,11
Rice,7
Rock,4
Roseau,10
St. Louis,9
Scott,7
Sherburne,8
Sibley,9
Stearns,8
Steele,9
Stevens,9
Swift,13
Todd,12
Traverse,11
Wabasha,7
Wadena,10
Waseca,9
Washington,7
Watonwan,12
Wilkin,14
Winona,8
Wright,7
Yellow Medicine,12
Adams,13
Alcorn,18
Amite,15
Attala,19
Benton,19
Bolivar,11
Calhoun,24
Carroll,22
Chickasaw,12
Choctaw,25
Claiborne,12
Clarke,15
Clay,18
Coahoma,20
Copiah,18
Covington,16
DeSoto,12
Forrest,10
Franklin,19
George,19
Greene,11
Grenada,15
Hancock,12
Harrison,11
Hinds,13
Holmes,23
Humphreys,14
Issaquena,7
Itawamba,14
Jackson,13
Jasper,22
Jefferson,16
Jefferson Davis,14
Jones,17
Kemper,18
Lafayette,12
Lamar,12
Lauderdale,13
Lawrence,15
Leake,17
Lee,13
Leflore,14
Lincoln,15
Lowndes,18
Madison,7
Marion,15
Marshall,16
Monroe,15
Montgomery,17
Neshoba,14
Newton,16
Noxubee,14
Oktibbeha,9
Panola,14
Pearl River,15
Perry,15
Pike,16
Pontotoc,16
Prentiss,19
Quitman,15
Rankin,12
Scott,20
Sharkey,13
Simpson,22
Smith,12
Stone,18
Sunflower,19
Tallahatchie,16
Tate,14
Tippah,34
Tishomingo,19
Tunica,10
Union,11
Walthall,20
Warren,18
Washington,15
Wayne,15
Webster,12
Wilkinson,13
Winston,12
Yalobusha,15
Yazoo,17
Adair,8
Andrew,12
Atchison,22
Audrain,15
Barry,12
Barton,15
Bates,11
Benton,11
Bollinger,23
Boone,7
Buchanan,12
Butler,15
Caldwell,19
Callaway,16
Camden,11
Cape Girardeau,13
Carroll,20
Carter,9
Cass,10
Cedar,7
Chariton,14
Christian,11
Clark,14
Clay,10
Clinton,13
Cole,10
Cooper,6
Crawford,16
Dade,15
Dallas,13
Daviess,7
DeKalb,12
Dent,13
Douglas,18
Dunklin,18
Franklin,14
Gasconade,11
Gentry,16
Greene,11
Grundy,11
Harrison,10
Henry,10
Hickory,10
Holt,15
Howard,7
Howell,17
Iron,13
Jackson,11
Jasper,11
Jefferson,12
Johnson,10
Knox,17
Laclede,15
Lafayette,10
Lawrence,11
Lewis,17
Lincoln,18
Linn,16
Livingston,13
McDonald,8
Macon,8
Madison,18
Maries,16
Marion,16
Mercer,7
Miller,8
Mississippi,20
Moniteau,11
Monroe,13
Montgomery,13
Morgan,2
New Madrid,14
Newton,10
Nodaway,8
Oregon,9
Osage,20
Ozark,9
Pemiscot,19
Perry,8
Pettis,15
Phelps,11
Pike,15
Platte,11
Polk,12
Pulaski,7
Putnam,13
Ralls,9
Randolph,15
Ray,14
Reynolds,13
Ripley,19
St. Charles,7
St. Clair,13
Ste. Genevieve,13
St. Francois,9
St. Louis,11
Saline,11
Schuyler,13
Scotland,8
Scott,16
Shannon,13
Shelby,7
Stoddard,15
Stone,12
Sullivan,21
Taney,10
Texas,14
Vernon,6
Warren,7
Washington,12
Wayne,13
Webster,13
Worth,22
Wright,16
St. Louis City,11
Beaverhead,7
Big Horn,14
Blaine,13
Broadwater,8
Carbon,6
Carter,12
Cascade,8
Chouteau,9
Custer,11
Daniels,18
Dawson,8
Deer Lodge,14
Fallon,9
Fergus,11
Flathead,7
Gallatin,4
Garfield,11
Glacier,15
Golden Valley,5
Granite,10
Hill,10
Jefferson,7
Judith Basin,9
Lake,9
Lewis and Clark,8
Liberty,14
Lincoln,9
McCone,8
Madison,6
Meagher,7
Mineral,8
Missoula,6
Musselshell,8
Park,7
Petroleum,4
Phillips,10
Pondera,12
Powder River,9
Powell,11
Prairie,8
Ravalli,6
Richland,7
Roosevelt,17
Rosebud,12
Sanders,10
Sheridan,7
Silver Bow,7
Stillwater,8
Sweet Grass,5
Teton,6
Toole,5
Treasure,10
Valley,11
Wheatland,9
Wibaux,7
Yellowstone,8
Adams,11
Antelope,9
Arthur,3
Banner,9
Blaine,6
Boone,10
Box Butte,11
Boyd,16
Brown,8
Buffalo,8
Burt,10
Butler,9
Cass,11
Cedar,8
Chase,7
Cherry,7
Cheyenne,8
Clay,9
Colfax,6
Cuming,9
Custer,11
Dakota,10
Dawes,7
Dawson,11
Deuel,12
Dixon,9
Dodge,12
Douglas,8
Dundy,7
Fillmore,12
Franklin,6
Frontier,11
Furnas,10
Gage,10
Garden,12
Garfield,6
Gosper,6
Grant,7
Greeley,10
Hall,10
Hamilton,9
Harlan,11
Hayes,8
Hitchcock,10
Holt,10
Hooker,8
Howard,11
Jefferson,9
Johnson,10
Kearney,10
Keith,9
Keya Paha,13
Kimball,11
Knox,10
Lancaster,7
Lincoln,11
Logan,11
Loup,7
McPherson,19
Madison,11
Merrick,15
Morrill,13
Nance,11
Nemaha,10
Nuckolls,10
Otoe,12
Pawnee,7
Perkins,10
Phelps,10
Pierce,11
Platte,9
Polk,10
Red Willow,9
Richardson,10
Rock,15
Saline,11
Sarpy,9
Saunders,10
Scotts Bluff,11
Seward,9
Sheridan,12
Sherman,11
Sioux,7
Stanton,7
Thayer,8
Thomas,6
Thurston,19
Valley,11
Washington,11
Wayne,10
Webster,10
Wheeler,11
York,11
Churchill,8
Clark,10
Douglas,8
Elko,10
Esmeralda,5
Eureka,7
Humboldt,8
Lander,16
Lincoln,7
Lyon,12
Mineral,13
Nye,13
Pershing,6
Storey,12
Washoe,7
White Pine,8
Carson City,11
Belknap,8
Carroll,10
Cheshire,8
Coos,13
Grafton,7
Hillsborough,9
Merrimack,8
Rockingham,8
Strafford,10
Sullivan,10
Atlantic,12
Bergen,8
Burlington,11
Camden,12
Cape May,10
Cumberland,12
Essex,10
Gloucester,10
Hudson,7
Hunterdon,6
Mercer,9
Middlesex,10
Monmouth,9
Morris,7
Ocean,10
Passaic,8
Salem,14
Somerset,7
Sussex,8
Union,8
Warren,9
Bernalillo,7
Catron,10
Chaves,11
Cibola,13
Colfax,13
Curry,7
De Baca,26
Dona Ana,8
Eddy,9
Grant,8
Guadalupe,12
Harding,8
Hidalgo,8
Lea,11
Lincoln,11
Los Alamos,6
Luna,11
McKinley,17
Mora,13
Otero,10
Quay,7
Rio Arriba,8
Roosevelt,7
Sandoval,7
San Juan,12
San Miguel,14
Santa Fe,5
Sierra,14
Socorro,16
Taos,6
Torrance,7
Union,13
Valencia,12
Albany,9
Allegany,10
Bronx,12
Broome,10
Cattaraugus,13
Cayuga,12
Chautauqua,12
Chemung,11
Chenango,13
Clinton,11
Columbia,7
Cortland,11
Delaware,9
Dutchess,9
Erie,11
Essex,10
Franklin,12
Fulton,12
Genesee,13
Greene,10
Hamilton,11
Herkimer,12
Jefferson,11
Kings,9
Lewis,11
Livingston,11
Madison,10
Monroe,9
Montgomery,11
Nassau,8
New York,6
Niagara,12
Oneida,13
Onondaga,10
Ontario,11
Orange,9
Orleans,15
Oswego,12
Otsego,9
Putnam,6
Queens,10
Rensselaer,8
Richmond,11
Rockland,8
St. Lawrence,10
Saratoga,9
Schenectady,9
Schoharie,12
Schuyler,11
Seneca,12
Steuben,13
Suffolk,8
Sullivan,11
Tioga,12
Tompkins,5
Ulster,8
Warren,8
Washington,12
Wayne,12
Westchester,7
Wyoming,12
Yates,14
Alamance,12
Alexander,18
Alleghany,11
Anson,18
Ashe,17
Avery,18
Beaufort,11
Bertie,20
Bladen,19
Brunswick,12
Buncombe,8
Burke,8
Cabarrus,11
Caldwell,18
Camden,10
Carteret,11
Caswell,6
Catawba,10
Chatham,11
Cherokee,13
Chowan,16
Clay,6
Cleveland,15
Columbus,19
Craven,15
Cumberland,11
Currituck,9
Dare,10
Davidson,15
Davie,15
Duplin,20
Durham,6
Edgecombe,16
Forsyth,11
Franklin,8
Gaston,10
Gates,15
Graham,7
Granville,10
Greene,11
Guilford,9
Halifax,22
Harnett,11
Haywood,11
Henderson,9
Hertford,21
Hoke,11
Hyde,20
Iredell,11
Jackson,8
Johnston,9
Jones,29
Lee,11
Lenoir,17
Lincoln,12
McDowell,12
Macon,13
Madison,6
Martin,13
Mecklenburg,8
Mitchell,17
Montgomery,14
Moore,11
Nash,14
New Hanover,7
Northampton,21
Onslow,8
Orange,5
Pamlico,15
Pasquotank,11
Pender,17
Perquimans,16
Person,9
Pitt,9
Polk,15
Randolph,11
Richmond,19
Robeson,16
Rockingham,14
Rowan,14
Rutherford,13
Sampson,15
Scotland,18
Stanly,9
Stokes,13
Surry,14
Swain,13
Transylvania,9
Tyrrell,12
Union,9
Vance,9
Wake,8
Warren,7
Washington,17
Watauga,7
Wayne,16
Wilkes,14
Wilson,14
Yadkin,11
Yancey,18
Adams,12
Barnes,8
Benson,11
Billings,2
Bottineau,9
Bowman,10
Burke,6
Burleigh,8
Cass,7
Cavalier,10
Dickey,12
Divide,10
Dunn,12
Eddy,11
Emmons,8
Foster,9
Golden Valley,12
Grand Forks,8
Grant,13
Griggs,12
Hettinger,7
Kidder,10
LaMoure,8
Logan,10
McHenry,8
McIntosh,5
McKenzie,8
McLean,10
Mercer,10
Morton,7
Mountrail,9
Nelson,11
Oliver,9
Pembina,14
Pierce,10
Ramsey,10
Ransom,15
Renville,7
Richland,8
Rolette,14
Sargent,11
Sheridan,4
Sioux,21
Slope,11
Stark,7
Steele,13
Stutsman,10
Towner,10
Traill,13
Walsh,9
Ward,8
Wells,9
Williams,9
Adams,16
Allen,13
Ashland,10
Ashtabula,13
Athens,12
Auglaize,11
Belmont,13
Brown,13
Butler,11
Carroll,14
Champaign,12
Clark,14
Clermont,11
Clinton,13
Columbiana,12
Coshocton,13
Crawford,10
Cuyahoga,11
Darke,7
Defiance,13
Delaware,8
Erie,12
Fairfield,9
Fayette,14
Franklin,9
Fulton,11
Gallia,18
Geauga,8
Greene,12
Guernsey,12
Hamilton,11
Hancock,11
Hardin,14
Harrison,13
Henry,8
Highland,14
Hocking,13
Holmes,11
Huron,12
Jackson,18
Jefferson,14
Knox,13
Lake,9
Lawrence,18
Licking,11
Logan,5
Lorain,13
Lucas,12
Madison,14
Mahoning,12
Marion,15
Medina,10
Meigs,15
Mercer,11
Miami,12
Monroe,16
Montgomery,13
Morgan,15
Morrow,16
Muskingum,15
Noble,12
Ottawa,13
Paulding,10
Perry,12
Pickaway,13
Pike,17
Portage,11
Preble,11
Putnam,8
Richland,12
Ross,14
Sandusky,13
Scioto,16
Seneca,11
Shelby,12
Stark,12
Summit,10
Trumbull,13
Tuscarawas,11
Union,8
Van Wert,14
Vinton,15
Warren,10
Washington,14
Wayne,15
Williams,12
Wood,11
Wyandot,14
Adair,24
Alfalfa,8
Atoka,13
Beaver,10
Beckham,15
Blaine,14
Bryan,12
Caddo,11
Canadian,11
Carter,10
Cherokee,19
Choctaw,12
Cimarron,10
Cleveland,10
Coal,14
Comanche,9
Cotton,9
Craig,9
Creek,12
Custer,11
Delaware,11
Dewey,10
Ellis,10
Garfield,9
Garvin,13
Grady,12
Grant,13
Greer,9
Harmon,6
Harper,9
Haskell,11
Hughes,23
Jackson,10
Jefferson,10
Johnston,16
Kay,16
Kingfisher,15
Kiowa,17
Latimer,17
Le Flore,16
Lincoln,17
Logan,16
Love,13
McClain,11
McCurtain,14
McIntosh,15
Major,9
Marshall,16
Mayes,10
Murray,12
Muskogee,13
Noble,13
Nowata,18
Okfuskee,19
Oklahoma,11
Okmulgee,13
Osage,11
Ottawa,16
Pawnee,15
Payne,8
Pittsburg,14
Pontotoc,15
Pottawatomie,13
Pushmataha,14
Roger Mills,16
Rogers,12
Seminole,18
Sequoyah,15
Stephens,15
Texas,8
Tillman,22
Tulsa,10
Wagoner,16
Washington,15
Washita,10
Woods,11
Woodward,9
Baker,12
Benton,5
Clackamas,8
Clatsop,8
Columbia,12
Coos,13
Crook,18
Curry,11
Deschutes,8
Douglas,14
Gilliam,16
Grant,8
Harney,11
Hood River,5
Jackson,10
Jefferson,19
Josephine,11
Klamath,12
Lake,15
Lane,8
Lincoln,12
Linn,10
Malheur,8
Marion,9
Morrow,16
Multnomah,8
Polk,11
Sherman,5
Tillamook,6
Umatilla,13
Union,9
Wallowa,10
Wasco,4
Washington,7
Wheeler,18
Yamhill,11
Adams,8
Allegheny,9
Armstrong,12
Beaver,12
Bedford,11
Berks,12
Blair,14
Bradford,13
Bucks,8
Butler,9
Cambria,14
Cameron,11
Carbon,8
Centre,7
Chester,8
Clarion,14
Clearfield,10
Clinton,9
Columbia,13
Crawford,13
Cumberland,10
Dauphin,11
Delaware,10
Elk,10
Erie,9
Fayette,14
Forest,8
Franklin,12
Fulton,17
Greene,10
Huntingdon,16
Indiana,10
Jefferson,13
Juniata,12
Lackawanna,11
Lancaster,9
Lawrence,13
Lebanon,11
Lehigh,11
Luzerne,10
Lycoming,11
McKean,11
Mercer,11
Mifflin,17
Monroe,8
Montgomery,8
Montour,9
Northampton,11
Northumberland,12
Perry,7
Philadelphia,10
Pike,12
Potter,11
Schuylkill,13
Snyder,8
Somerset,11
Sullivan,15
Susquehanna,12
Tioga,13
Union,8
Venango,15
Warren,10
Washington,12
Wayne,13
Westmoreland,11
Wyoming,12
York,11
Bristol,8
Kent,10
Newport,7
Providence,10
Washington,8
Abbeville,15
Aiken,13
Allendale,17
Anderson,14
Bamberg,19
Barnwell,18
Beaufort,9
Berkeley,12
Calhoun,15
Charleston,10
Cherokee,17
Chester,15
Chesterfield,17
Clarendon,15
Colleton,15
Darlington,15
Dillon,23
Dorchester,9
Edgefield,17
Fairfield,20
Florence,16
Georgetown,15
Greenville,10
Greenwood,13
Hampton,17
Horry,12
Jasper,17
Kershaw,12
Lancaster,15
Laurens,12
Lee,17
Lexington,11
McCormick,16
Marion,21
Marlboro,18
Newberry,15
Oconee,12
Orangeburg,17
Pickens,11
Richland,11
Saluda,17
Spartanburg,12
Sumter,13
Union,14
Williamsburg,24
York,11
Aurora,26
Beadle,8
Bennett,13
Bon Homme,13
Brookings,6
Brown,10
Brule,4
Buffalo,16
Butte,11
Campbell,3
Charles Mix,10
Clark,10
Clay,7
Codington,9
Corson,17
Custer,16
Davison,8
Day,11
Deuel,11
Dewey,17
Douglas,13
Edmunds,9
Fall River,11
Faulk,8
Grant,7
Gregory,8
Haakon,11
Hamlin,8
Hand,7
Hanson,12
Harding,7
Hughes,9
Hutchinson,9
Hyde,5
Jackson,13
Jerauld,18
Jones,11
Kingsbury,9
Lake,8
Lawrence,8
Lincoln,8
Lyman,12
McCook,8
McPherson,11
Marshall,10
Meade,8
Mellette,13
Miner,13
Minnehaha,8
Moody,13
Oglala Lakota,19
Pennington,9
Perkins,9
Potter,10
Roberts,16
Sanborn,13
Spink,14
Stanley,11
Sully,5
Todd,14
Tripp,10
Turner,10
Union,12
Walworth,14
Yankton,9
Ziebach,17
Anderson,10
Bedford,10
Benton,14
Bledsoe,9
Blount,13
Bradley,16
Campbell,15
Cannon,10
Carroll,12
Carter,21
Cheatham,10
Chester,17
Claiborne,13
Clay,8
Cocke,21
Coffee,14
Crockett,11
Cumberland,15
Davidson,9
Decatur,15
DeKalb,17
Dickson,14
Dyer,16
Fayette,8
Fentress,16
Franklin,15
Gibson,16
Giles,12
Grainger,13
Greene,19
Grundy,23
Hamblen,19
Hamilton,13
Hancock,16
Hardeman,18
Hardin,13
Hawkins,16
Haywood,15
Henderson,17
Henry,18
Hickman,16
Houston,11
Humphreys,9
Jackson,13
Jefferson,16
Johnson,13
Knox,10
Lake,10
Lauderdale,20
Lawrence,14
Lewis,17
Lincoln,11
Loudon,16
McMinn,11
McNairy,15
Macon,18
Madison,13
Marion,20
Marshall,11
Maury,10
Meigs,15
Monroe,11
Montgomery,11
Moore,13
Morgan,20
Obion,15
Overton,13
Perry,16
Pickett,16
Polk,16
Putnam,11
Rhea,20
Roane,15
Robertson,10
Rutherford,10
Scott,13
Sequatchie,12
Sevier,15
Shelby,12
Smith,16
Stewart,10
Sullivan,14
Sumner,8
Tipton,16
Trousdale,6
Unicoi,18
Union,18
Van Buren,13
Warren,18
Washington,12
Wayne,15
Weakley,10
White,21
Williamson,7
Wilson,11
Anderson,10
Andrews,6
Angelina,14
Aransas,18
Archer,11
Armstrong,9
Atascosa,17
Austin,10
Bailey,6
Bandera,8
Bastrop,11
Baylor,11
Bee,13
Bell,11
Bexar,8
Blanco,12
Borden,16
Bosque,10
Bowie,14
Brazoria,10
Brazos,8
Brewster,12
Briscoe,10
Brooks,11
Brown,12
Burleson,4
Burnet,17
Caldwell,10
Calhoun,13
Callahan,13
Cameron,10
Camp,16
Carson,8
Cass,20
Castro,18
Chambers,7
Cherokee,14
Childress,12
Clay,15
Cochran,16
Coke,9
Coleman,17
Collin,8
Collingsworth,7
Colorado,10
Comal,5
Comanche,15
Concho,5
Cooke,7
Coryell,10
Cottle,15
Crane,8
Crockett,5
Crosby,4
Culberson,15
Dallam,8
Dallas,8
Dawson,16
Deaf Smith,5
Delta,10
Denton,8
DeWitt,15
Dickens,5
Dimmit,5
Donley,11
Duval,11
Eastland,5
Ector,7
Edwards,11
Ellis,12
El Paso,9
Erath,16
Falls,15
Fannin,6
Fayette,16
Fisher,7
Floyd,9
Foard,7
Fort Bend,7
Franklin,13
Freestone,18
Frio,4
Gaines,5
Galveston,11
Garza,5
Gillespie,3
Glasscock,10
Goliad,8
Gonzales,23
Gray,10
Grayson,13
Gregg,10
Grimes,14
Guadalupe,10
Hale,8
Hall,11
Hamilton,15
Hansford,6
Hardeman,8
Hardin,7
Harris,10
Harrison,14
Hartley,4
Haskell,10
Hays,8
Hemphill,8
Henderson,12
Hidalgo,11
Hill,10
Hockley,7
Hood,7
Hopkins,9
Houston,11
Howard,13
Hudspeth,16
Hunt,14
Hutchinson,11
Irion,6
Jack,6
Jackson,16
Jasper,11
Jeff Davis,8
Jefferson,14
Jim Hogg,8
Jim Wells,13
Johnson,12
Jones,13
Karnes,3
Kaufman,9
Kendall,6
Kenedy,9
Kent,7
Kerr,20
Kimble,7
King,11
Kinney,5
Kleberg,5
Knox,7
Lamar,15
Lamb,18
Lampasas,5
La Salle,9
Lavaca,19
Lee,15
Leon,19
Liberty,19
Limestone,23
Lipscomb,5
Live Oak,14
Llano,11
Loving,4
Lubbock,7
Lynn,15
McCulloch,13
McLennan,9
McMullen,11
Madison,13
Marion,18
Martin,4
Mason,12
Matagorda,9
Maverick,16
Medina,12
Menard,13
Midland,6
Milam,13
Mills,6
Mitchell,6
Montague,12
Montgomery,9
Moore,8
Morris,11
Motley,11
Nacogdoches,15
Navarro,9
Newton,12
Nolan,18
Nueces,13
Ochiltree,18
Oldham,5
Orange,15
Palo Pinto,10
Panola,16
Parker,6
Parmer,9
Pecos,10
Polk,16
Potter,10
Presidio,19
Rains,26
Randall,8
Reagan,6
Real,10
Red River,18
Reeves,7
Refugio,10
Roberts,6
Robertson,16
Rockwall,14
Runnels,14
Rusk,15
Sabine,8
San Augustine,23
San Jacinto,14
San Patricio,10
San Saba,6
Schleicher,6
Scurry,8
Shackelford,7
Shelby,10
Sherman,4
Smith,13
Somervell,7
Starr,10
Stephens,8
Sterling,10
Stonewall,7
Sutton,8
Swisher,6
Tarrant,10
Taylor,7
Terrell,11
Terry,6
Throckmorton,6
Titus,11
Tom Green,12
Travis,7
Trinity,29
Tyler,6
Upshur,18
Upton,7
Uvalde,15
Val Verde,8
Van Zandt,11
Victoria,18
Walker,15
Waller,11
Ward,21
Washington,16
Webb,6
Wharton,15
Wheeler,6
Wichita,14
Wilbarger,14
Willacy,24
Williamson,8
Wilson,12
Winkler,9
Wise,20
Wood,17
Yoakum,9
Young,18
Zapata,4
Zavala,4
Beaver,8
Box Elder,9
Cache,5
Carbon,9
Daggett,11
Davis,7
Duchesne,8
Emery,9
Garfield,8
Grand,9
Iron,8
Juab,7
Kane,9
Millard,11
Morgan,3
Piute,8
Rich,13
Salt Lake,6
San Juan,12
Sanpete,7
Sevier,9
Summit,3
Tooele,11
Uintah,9
Utah,6
Wasatch,5
Washington,8
Wayne,8
Weber,7
Addison,9
Bennington,9
Caledonia,8
Chittenden,6
Essex,13
Franklin,10
Grand Isle,9
Lamoille,7
Orange,9
Orleans,9
Rutland,11
Washington,7
Windham,8
Windsor,9
Accomack,15
Albemarle,7
Alleghany,16
Amelia,14
Amherst,14
Appomattox,17
Arlington,3
Augusta,16
Bath,5
Bedford,15
Bland,15
Botetourt,12
Brunswick,15
Buchanan,10
Buckingham,16
Campbell,11
Caroline,13
Carroll,18
Charles City,17
Charlotte,12
Chesterfield,10
Clarke,13
Craig,10
Culpeper,10
Cumberland,16
Dickenson,12
Dinwiddie,15
Essex,14
Fairfax,6
Fauquier,9
Floyd,10
Fluvanna,16
Franklin,14
Frederick,12
Giles,18
Gloucester,12
Goochland,9
Grayson,10
Greene,6
Greensville,13
Halifax,20
Hanover,12
Henrico,9
Henry,20
Highland,15
Isle of Wight,11
James City,9
King and Queen,12
King George,13
King William,15
Lancaster,13
Lee,17
Loudoun,6
Louisa,14
Lunenburg,9
Madison,12
Mathews,6
Mecklenburg,19
Middlesex,10
Montgomery,7
Nelson,6
New Kent,9
Northampton,15
Northumberland,12
Nottoway,22
Orange,14
Page,22
Patrick,16
Pittsylvania,13
Powhatan,17
Prince Edward,14
Prince George,11
Prince William,9
Pulaski,14
Rappahannock,9
Richmond,15
Roanoke,11
Rockbridge,13
Rockingham,10
Russell,18
Scott,17
Shenandoah,15
Smyth,15
Southampton,17
Spotsylvania,11
Stafford,7
Surry,15
Sussex,10
Tazewell,14
Warren,15
Washington,18
Westmoreland,16
Wise,17
Wythe,13
York,8
Alexandria City,6
Bristol City,22
Buena Vista City,8
Charlottesville City,7
Chesapeake City,12
Colonial Heights City,10
Covington City,9
Danville City,12
Emporia City,11
Fairfax City,7
Falls Church City,5
Franklin City,14
Fredericksburg City,10
Galax City,12
Hampton City,15
Harrisonburg City,7
Hopewell City,16
Lexington City,7
Lynchburg City,9
Manassas City,4
Manassas Park City,21
Martinsville City,14
Newport News City,13
Norfolk City,10
Norton City,9
Petersburg City,14
Poquoson City,7
Portsmouth City,12
Radford City,8
Richmond City,11
Roanoke City,11
Salem City,8
Staunton City,13
Suffolk City,13
Virginia Beach City,9
Waynesboro City,19
Williamsburg City,11
Winchester City,8
Adams,10
Asotin,12
Benton,8
Chelan,6
Clallam,11
Clark,10
Columbia,11
Cowlitz,11
Douglas,8
Ferry,9
Franklin,9
Garfield,13
Grant,11
Grays Harbor,13
Island,8
Jefferson,8
King,7
Kitsap,8
Kittitas,6
Klickitat,11
Lewis,10
Lincoln,12
Mason,12
Okanogan,10
Pacific,15
Pend Oreille,13
Pierce,9
San Juan,5
Skagit,10
Skamania,10
Snohomish,8
Spokane,9
Stevens,11
Thurston,10
Wahkiakum,13
Walla Walla,10
Whatcom,8
Whitman,7
Yakima,11
Barbour,16
Berkeley,12
Boone,19
Braxton,11
Brooke,18
Cabell,14
Calhoun,10
Clay,16
Doddridge,13
Fayette,18
Gilmer,18
Grant,21
Greenbrier,15
Hampshire,13
Hancock,15
Hardy,14
Harrison,16
Jackson,14
Jefferson,9
Kanawha,16
Lewis,15
Lincoln,19
Logan,20
McDowell,19
Marion,12
Marshall,15
Mason,17
Mercer,13
Mineral,13
Mingo,19
Monongalia,9
Monroe,18
Morgan,16
Nicholas,11
Ohio,13
Pendleton,17
Pleasants,15
Pocahontas,14
Preston,14
Putnam,12
Raleigh,15
Randolph,12
Ritchie,13
Roane,14
Summers,10
Taylor,12
Tucker,18
Tyler,10
Upshur,14
Wayne,18
Webster,14
Wetzel,20
Wirt,16
Wood,17
Wyoming,15
Adams,17
Ashland,9
Barron,11
Bayfield,8
Brown,10
Buffalo,8
Burnett,13
Calumet,11
Chippewa,9
Clark,10
Columbia,11
Crawford,15
Dane,6
Dodge,11
Door,11
Douglas,7
Dunn,9
Eau Claire,8
Florence,14
Fond du Lac,8
Forest,9
Grant,10
Green,7
Green Lake,13
Iowa,11
Iron,10
Jackson,4
Jefferson,4
Juneau,7
Kenosha,7
Kewaunee,8
La Crosse,6
Lafayette,7
Langlade,12
Lincoln,9
Manitowoc,11
Marathon,10
Marinette,7
Marquette,18
Menominee,10
Milwaukee,10
Monroe,13
Oconto,19
Oneida,9
Outagamie,10
Ozaukee,6
Pepin,14
Pierce,5
Polk,10
Portage,6
Price,9
Racine,8
Richland,6
Rock,11
Rusk,7
St. Croix,7
Sauk,9
Sawyer,11
Shawano,12
Sheboygan,7
Taylor,8
Trempealeau,10
Vernon,10
Vilas,12
Walworth,7
Washburn,12
Washington,6
Waukesha,9
Waupaca,11
Waushara,10
Winnebago,9
Wood,8
Albany,5
Big Horn,13
Campbell,7
Carbon,7
Converse,9
Crook,8
Fremont,9
Goshen,11
Hot Springs,13
Johnson,7
Laramie,9
Lincoln,8
Natrona,8
Niobrara,8
Park,9
Platte,15
Sheridan,9
Sublette,9
Sweetwater,8
Teton,2
Uinta,11
Washakie,11
Weston,9
