County_Name,pct_vaccinated
Autauga,41
Baldwin,44
Barbour,37
Bibb,38
Blount,39
Bullock,28
Butler,35
Calhoun,38
Chambers,42
Cherokee,41
Chilton,42
Choctaw,34
Clarke,28
Clay,43
Cleburne,34
Coffee,37
Colbert,45
Conecuh,44
Coosa,39
Covington,39
Crenshaw,36
Cullman,41
Dale,41
Dallas,34
DeKalb,40
Elmore,39
Escambia,35
Etowah,36
Fayette,45
Franklin,38
Geneva,46
Greene,30
Hale,33
Henry,42
Houston,45
Jackson,42
Jefferson,44
Lamar,40
Lauderdale,49
Lawrence,40
Lee,42
Limestone,46
Lowndes,32
Macon,33
Madison,45
Marengo,33
Marion,39
Marshall,43
Mobile,41
Monroe,37
Montgomery,38
Morgan,44
Perry,23
Pickens,46
Pike,38
Randolph,33
Russell,40
St. Clair,39
Shelby,44
Sumter,28
Talladega,34
Tallapoosa,43
Tuscaloosa,44
Walker,40
Washington,28
Wilcox,23
Winston,40
Aleutians East,
Aleutians West,
Anchorage,38
Bethel,10
Bristol Bay,32
Denali,
Dillingham,26
Fairbanks North Star,35
Haines,27
Hoonah-Angoon,
Juneau,43
Kenai Peninsula,
Ketchikan Gateway,38
Kodiak Island,42
Kusilvak,20
Lake and Peninsula,
Matanuska-Susitna,32
Nome,4
North Slope,
Northwest Arctic,
Petersburg,
Prince of Wales-Hyder,
Sitka,31
Skagway,24
Southeast Fairbanks,21
Valdez-Cordova,
Wrangell,
Yakutat,
Yukon-Koyukuk,31
Apache,38
Cochise,33
Coconino,39
Gila,38
Graham,38
Greenlee,29
La Paz,27
Maricopa,47
Mohave,38
Navajo,39
Pima,47
Pinal,42
Santa Cruz,34
Yavapai,42
Yuma,39
Arkansas,41
Ashley,44
Baxter,47
Benton,51
Boone,46
Bradley,50
Calhoun,35
Carroll,42
Chicot,26
Clark,49
Clay,31
Cleburne,44
Cleveland,44
Columbia,46
Conway,27
Craighead,49
Crawford,44
Crittenden,39
Cross,40
Dallas,32
Desha,38
Drew,43
Faulkner,48
Franklin,48
Fulton,38
Garland,54
Grant,54
Greene,45
Hempstead,41
Hot Spring,54
Howard,45
Independence,44
Izard,38
Jackson,49
Jefferson,41
Johnson,48
Lafayette,30
Lawrence,25
Lee,34
Lincoln,42
Little River,46
Logan,33
Lonoke,49
Madison,43
Marion,35
Miller,43
Mississippi,43
Monroe,26
Montgomery,29
Nevada,39
Newton,27
Ouachita,48
Perry,43
Phillips,25
Pike,30
Poinsett,44
Polk,35
Pope,46
Prairie,33
Pulaski,50
Randolph,38
St. Francis,42
Saline,53
Scott,35
Searcy,22
Sebastian,47
Sevier,47
Sharp,36
Stone,50
Union,45
Van Buren,36
Washington,49
White,48
Woodruff,22
Yell,37
Alameda,44
Alpine,21
Amador,46
Butte,39
Calaveras,40
Colusa,43
Contra Costa,45
Del Norte,36
El Dorado,45
Fresno,44
Glenn,37
Humboldt,37
Imperial,31
Inyo,40
Kern,38
Kings,35
Lake,27
Lassen,33
Los Angeles,38
Madera,36
Marin,48
Mariposa,27
Mendocino,28
Merced,41
Modoc,17
Mono,42
Monterey,43
Napa,41
Nevada,46
Orange,46
Placer,48
Plumas,23
Riverside,36
Sacramento,44
San Benito,47
San Bernardino,30
San Diego,41
San Francisco,41
San Joaquin,43
San Luis Obispo,48
San Mateo,48
Santa Barbara,45
Santa Clara,47
Santa Cruz,48
Shasta,40
Sierra,18
Siskiyou,31
Solano,38
Sonoma,43
Stanislaus,43
Sutter,49
Tehama,39
Trinity,36
Tulare,41
Tuolumne,45
Ventura,45
Yolo,50
Yuba,40
Adams,46
Alamosa,41
Arapahoe,53
Archuleta,32
Baca,22
Bent,35
Boulder,53
Broomfield,58
Chaffee,47
Cheyenne,38
Clear Creek,47
Conejos,32
Costilla,34
Crowley,39
Custer,43
Delta,40
Denver,48
Dolores,32
Douglas,54
Eagle,52
Elbert,41
El Paso,46
Fremont,44
Garfield,44
Gilpin,46
Grand,46
Gunnison,44
Hinsdale,20
Huerfano,27
Jackson,40
Jefferson,51
Kiowa,31
Kit Carson,35
Lake,46
La Plata,47
Larimer,54
Las Animas,27
Lincoln,42
Logan,43
Mesa,48
Mineral,47
Moffat,44
Montezuma,39
Montrose,46
Morgan,42
Otero,44
Ouray,47
Park,43
Phillips,35
Pitkin,54
Prowers,31
Pueblo,53
Rio Blanco,20
Rio Grande,29
Routt,57
Saguache,32
San Juan,55
San Miguel,35
Sedgwick,19
Summit,55
Teller,39
Washington,19
Weld,50
Yuma,14
Fairfield,52
Hartford,54
Litchfield,54
Middlesex,56
New Haven,53
New London,50
Tolland,58
Windham,54
Kent,53
New Castle,54
Sussex,55
District of Columbia,38
Alachua,46
Baker,40
Bay,39
Bradford,33
Brevard,40
Broward,35
Calhoun,22
Charlotte,49
Citrus,43
Clay,38
Collier,50
Columbia,38
DeSoto,39
Dixie,30
Duval,43
Escambia,37
Flagler,46
Franklin,32
Gadsden,33
Gilchrist,31
Glades,36
Gulf,39
Hamilton,37
Hardee,36
Hendry,30
Hernando,40
Highlands,38
Hillsborough,41
Holmes,39
Indian River,49
Jackson,37
Jefferson,32
Lafayette,29
Lake,50
Lee,49
Leon,41
Levy,34
Liberty,22
Madison,36
Manatee,46
Marion,43
Martin,48
Miami-Dade,25
Monroe,35
Nassau,49
Okaloosa,38
Okeechobee,38
Orange,40
Osceola,37
Palm Beach,49
Pasco,43
Pinellas,44
Polk,43
Putnam,37
St. Johns,49
St. Lucie,42
Santa Rosa,39
Sarasota,50
Seminole,43
Sumter,47
Suwannee,31
Taylor,33
Union,38
Volusia,42
Wakulla,38
Walton,38
Washington,31
Appling,31
Atkinson,37
Bacon,33
Baker,28
Baldwin,41
Banks,47
Barrow,46
Bartow,48
Ben Hill,37
Berrien,43
Bibb,42
Bleckley,47
Brantley,36
Brooks,38
Bryan,42
Bulloch,48
Burke,28
Butts,38
Calhoun,30
Camden,42
Candler,33
Carroll,40
Catoosa,47
Charlton,39
Chatham,45
Chattahoochee,37
Chattooga,44
Cherokee,48
Clarke,49
Clay,33
Clayton,39
Clinch,35
Cobb,49
Coffee,36
Colquitt,37
Columbia,46
Cook,40
Coweta,44
Crawford,43
Crisp,39
Dade,42
Dawson,47
Decatur,35
DeKalb,44
Dodge,41
Dooly,35
Dougherty,40
Douglas,43
Early,34
Echols,42
Effingham,39
Elbert,32
Emanuel,33
Evans,44
Fannin,44
Fayette,49
Floyd,47
Forsyth,48
Franklin,52
Fulton,46
Gilmer,43
Glascock,41
Glynn,43
Gordon,46
Grady,41
Greene,46
Gwinnett,44
Habersham,46
Hall,46
Hancock,32
Haralson,35
Harris,42
Hart,49
Heard,34
Henry,42
Houston,39
Irwin,47
Jackson,49
Jasper,45
Jeff Davis,39
Jefferson,26
Jenkins,31
Johnson,37
Jones,45
Lamar,44
Lanier,27
Laurens,43
Lee,43
Liberty,32
Lincoln,44
Long,37
Lowndes,37
Lumpkin,41
McDuffie,48
McIntosh,40
Macon,37
Madison,48
Marion,41
Meriwether,39
Miller,37
Mitchell,39
Monroe,45
Montgomery,34
Morgan,46
Murray,48
Muscogee,40
Newton,45
Oconee,53
Oglethorpe,48
Paulding,46
Peach,40
Pickens,48
Pierce,40
Pike,39
Polk,45
Pulaski,42
Putnam,44
Quitman,41
Rabun,42
Randolph,25
Richmond,37
Rockdale,43
Schley,44
Screven,29
Seminole,37
Spalding,42
Stephens,49
Stewart,44
Sumter,41
Talbot,42
Taliaferro,33
Tattnall,37
Taylor,40
Telfair,36
Terrell,37
Thomas,46
Tift,50
Toombs,35
Towns,50
Treutlen,41
Troup,40
Turner,48
Twiggs,43
Union,46
Upson,41
Walker,45
Walton,46
Ware,41
Warren,44
Washington,39
Wayne,43
Webster,47
Wheeler,39
White,46
Whitfield,49
Wilcox,35
Wilkes,38
Wilkinson,38
Worth,40
Hawaii,35
Honolulu,46
Kalawao,
Kauai,39
Maui,36
Ada,48
Adams,31
Bannock,43
Bear Lake,23
Benewah,27
Bingham,29
Blaine,49
Boise,33
Bonner,35
Bonneville,47
Boundary,26
Butte,27
Camas,31
Canyon,42
Caribou,36
Cassia,42
Clark,39
Clearwater,42
Custer,32
Elmore,23
Franklin,43
Fremont,40
Gem,32
Gooding,28
Idaho,23
Jefferson,44
Jerome,38
Kootenai,43
Latah,46
Lemhi,34
Lewis,36
Lincoln,31
Madison,43
Minidoka,35
Nez Perce,45
Oneida,24
Owyhee,32
Payette,37
Power,37
Shoshone,38
Teton,32
Twin Falls,47
Valley,42
Washington,27
Adams,41
Alexander,35
Bond,46
Boone,48
Brown,32
Bureau,42
Calhoun,42
Carroll,46
Cass,38
Champaign,48
Christian,42
Clark,36
Clay,38
Clinton,40
Coles,42
Cook,45
Crawford,40
Cumberland,36
DeKalb,50
De Witt,43
Douglas,44
DuPage,52
Edgar,32
Edwards,35
Effingham,34
Fayette,40
Ford,30
Franklin,35
Fulton,35
Gallatin,31
Greene,35
Grundy,45
Hamilton,35
Hancock,41
Hardin,17
Henderson,46
Henry,50
Iroquois,37
Jackson,40
Jasper,39
Jefferson,44
Jersey,40
Jo Daviess,47
Johnson,44
Kane,49
Kankakee,46
Kendall,53
Knox,50
Lake,51
LaSalle,45
Lawrence,45
Lee,44
Livingston,51
Logan,41
McDonough,47
McHenry,50
McLean,57
Macon,46
Macoupin,35
Madison,51
Marion,46
Marshall,43
Mason,35
Massac,47
Menard,39
Mercer,44
Monroe,52
Montgomery,31
Morgan,42
Moultrie,43
Ogle,49
Peoria,49
Perry,29
Piatt,49
Pike,24
Pope,28
Pulaski,36
Putnam,41
Randolph,29
Richland,48
Rock Island,52
St. Clair,43
Saline,25
Sangamon,51
Schuyler,33
Scott,39
Shelby,46
Stark,45
Stephenson,47
Tazewell,52
Union,52
Vermilion,34
Wabash,30
Warren,41
Washington,47
Wayne,43
White,41
Whiteside,46
Will,46
Williamson,43
Winnebago,49
Woodford,55
Adams,44
Allen,48
Bartholomew,55
Benton,53
Blackford,48
Boone,54
Brown,47
Carroll,48
Cass,52
Clark,49
Clay,41
Clinton,54
Crawford,40
Daviess,30
Dearborn,53
Decatur,40
DeKalb,47
Delaware,52
Dubois,45
Elkhart,51
Fayette,45
Floyd,50
Fountain,41
Franklin,50
Fulton,49
Gibson,53
Grant,48
Greene,41
Hamilton,56
Hancock,57
Harrison,52
Hendricks,55
Henry,41
Howard,47
Huntington,51
Jackson,50
Jasper,45
Jay,52
Jefferson,50
Jennings,47
Johnson,54
Knox,48
Kosciusko,49
LaGrange,47
Lake,40
LaPorte,50
Lawrence,46
Madison,52
Marion,49
Marshall,50
Martin,26
Miami,41
Monroe,50
Montgomery,55
Morgan,52
Newton,43
Noble,48
Ohio,43
Orange,37
Owen,47
Parke,42
Perry,35
Pike,30
Porter,46
Posey,60
Pulaski,32
Putnam,45
Randolph,39
Ripley,48
Rush,53
St. Joseph,51
Scott,42
Shelby,52
Spencer,48
Starke,35
Steuben,48
Sullivan,42
Switzerland,36
Tippecanoe,54
Tipton,54
Union,49
Vanderburgh,55
Vermillion,43
Vigo,48
Wabash,50
Warren,40
Warrick,57
Washington,45
Wayne,47
Wells,47
White,50
Whitley,49
Adair,54
Adams,45
Allamakee,41
Appanoose,36
Audubon,35
Benton,32
Black Hawk,57
Boone,59
Bremer,48
Buchanan,50
Buena Vista,54
Butler,45
Calhoun,42
Carroll,60
Cass,33
Cedar,44
Cerro Gordo,58
Cherokee,48
Chickasaw,56
Clarke,53
Clay,57
Clayton,53
Clinton,57
Crawford,43
Dallas,58
Davis,47
Decatur,39
Delaware,35
Des Moines,58
Dickinson,62
Dubuque,56
Emmet,54
Fayette,37
Floyd,53
Franklin,43
Fremont,32
Greene,63
Grundy,40
Guthrie,55
Hamilton,53
Hancock,57
Hardin,59
Harrison,39
Henry,53
Howard,42
Humboldt,38
Ida,41
Iowa,49
Jackson,55
Jasper,60
Jefferson,17
Johnson,63
Jones,34
Keokuk,40
Kossuth,31
Lee,49
Linn,60
Louisa,50
Lucas,39
Lyon,37
Madison,37
Mahaska,57
Marion,58
Marshall,53
Mills,58
Mitchell,28
Monona,16
Monroe,42
Montgomery,59
Muscatine,60
O'Brien,33
Osceola,51
Page,48
Palo Alto,31
Plymouth,54
Pocahontas,37
Polk,60
Pottawattamie,59
Poweshiek,64
Ringgold,36
Sac,38
Scott,56
Shelby,54
Sioux,54
Story,66
Tama,48
Taylor,44
Union,56
Van Buren,27
Wapello,47
Warren,60
Washington,44
Wayne,32
Webster,41
Winnebago,58
Winneshiek,62
Woodbury,49
Worth,55
Wright,27
Allen,38
Anderson,27
Atchison,27
Barber,24
Barton,31
Bourbon,47
Brown,26
Butler,49
Chase,37
Chautauqua,30
Cherokee,40
Cheyenne,36
Clark,29
Clay,38
Cloud,32
Coffey,40
Comanche,47
Cowley,41
Crawford,45
Decatur,41
Dickinson,28
Doniphan,39
Douglas,57
Edwards,15
Elk,38
Ellis,45
Ellsworth,28
Finney,46
Ford,38
Franklin,35
Geary,31
Gove,40
Graham,36
Grant,35
Gray,29
Greeley,5
Greenwood,37
Hamilton,30
Harper,28
Harvey,50
Haskell,53
Hodgeman,36
Jackson,29
Jefferson,53
Jewell,33
Johnson,58
Kearny,20
Kingman,40
Kiowa,30
Labette,36
Lane,28
Leavenworth,46
Lincoln,40
Linn,25
Logan,39
Lyon,51
McPherson,53
Marion,37
Marshall,33
Meade,40
Miami,40
Mitchell,54
Montgomery,38
Morris,47
Morton,38
Nemaha,34
Neosho,43
Ness,33
Norton,39
Osage,55
Osborne,45
Ottawa,39
Pawnee,37
Phillips,39
Pottawatomie,36
Pratt,36
Rawlins,33
Reno,23
Republic,49
Rice,18
Riley,58
Rooks,46
Rush,36
Russell,27
Saline,50
Scott,28
Sedgwick,50
Seward,36
Shawnee,58
Sheridan,36
Sherman,33
Smith,32
Stafford,36
Stanton,31
Stevens,41
Sumner,45
Thomas,27
Trego,26
Wabaunsee,48
Wallace,25
Washington,37
Wichita,44
Wilson,39
Woodson,35
Wyandotte,45
Adair,27
Allen,40
Anderson,45
Ballard,49
Barren,48
Bath,41
Bell,38
Boone,54
Bourbon,51
Boyd,49
Boyle,44
Bracken,34
Breathitt,34
Breckinridge,45
Bullitt,50
Butler,45
Caldwell,50
Calloway,48
Campbell,55
Carlisle,48
Carroll,38
Carter,45
Casey,32
Christian,42
Clark,46
Clay,28
Clinton,32
Crittenden,31
Cumberland,14
Daviess,51
Edmonson,42
Elliott,37
Estill,29
Fayette,54
Fleming,38
Floyd,33
Franklin,44
Fulton,33
Gallatin,38
Garrard,42
Grant,48
Graves,43
Grayson,43
Green,44
Greenup,48
Hancock,45
Hardin,45
Harlan,25
Harrison,52
Hart,38
Henderson,48
Henry,43
Hickman,49
Hopkins,46
Jackson,36
Jefferson,51
Jessamine,53
Johnson,38
Kenton,54
Knott,35
Knox,31
Larue,46
Laurel,39
Lawrence,46
Lee,23
Leslie,28
Letcher,27
Lewis,26
Lincoln,34
Livingston,40
Logan,52
Lyon,49
McCracken,51
McCreary,28
McLean,47
Madison,46
Magoffin,37
Marion,37
Marshall,48
Martin,36
Mason,44
Meade,44
Menifee,32
Mercer,46
Metcalfe,40
Monroe,40
Montgomery,49
Morgan,34
Muhlenberg,32
Nelson,49
Nicholas,47
Ohio,40
Oldham,52
Owen,43
Owsley,30
Pendleton,48
Perry,27
Pike,40
Powell,30
Pulaski,33
Robertson,47
Rockcastle,23
Rowan,46
Russell,32
Scott,50
Shelby,50
Simpson,47
Spencer,46
Taylor,39
Todd,36
Trigg,41
Trimble,38
Union,32
Warren,49
Washington,46
Wayne,25
Webster,43
Whitley,35
Wolfe,37
Woodford,54
Acadia,48
Allen,37
Ascension,46
Assumption,46
Avoyelles,37
Beauregard,42
Bienville,40
Bossier,48
Caddo,44
Calcasieu,45
Caldwell,29
Cameron,34
Catahoula,33
Claiborne,32
Concordia,39
De Soto,35
East Baton Rouge,48
East Carroll,17
East Feliciana,42
Evangeline,48
Franklin,24
Grant,41
Iberia,43
Iberville,44
Jackson,39
Jefferson,42
Jefferson Davis,44
Lafayette,47
Lafourche,44
La Salle,34
Lincoln,44
Livingston,46
Madison,13
Morehouse,36
Natchitoches,42
Orleans,37
Ouachita,43
Plaquemines,33
Pointe Coupee,33
Rapides,44
Red River,32
Richland,24
Sabine,38
St. Bernard,33
St. Charles,40
St. Helena,35
St. James,38
St. John the Baptist,35
St. Landry,45
St. Martin,40
St. Mary,42
St. Tammany,45
Tangipahoa,39
Tensas,26
Terrebonne,44
Union,40
Vermilion,40
Vernon,39
Washington,41
Webster,40
West Baton Rouge,49
West Carroll,25
West Feliciana,46
Winn,42
Androscoggin,50
Aroostook,39
Cumberland,53
Franklin,43
Hancock,51
Kennebec,46
Knox,48
Lincoln,36
Oxford,41
Penobscot,43
Piscataquis,32
Sagadahoc,33
Somerset,41
Waldo,42
Washington,34
York,49
Allegany,43
Anne Arundel,53
Baltimore,53
Calvert,53
Caroline,48
Carroll,55
Cecil,49
Charles,45
Dorchester,50
Frederick,51
Garrett,40
Harford,53
Howard,57
Kent,54
Montgomery,53
Prince George's,39
Queen Anne's,54
St. Mary's,44
Somerset,45
Talbot,52
Washington,51
Wicomico,47
Worcester,49
Baltimore City,46
Barnstable,52
Berkshire,51
Bristol,52
Dukes,52
Essex,53
Franklin,53
Hampden,52
Hampshire,58
Middlesex,56
Nantucket,40
Norfolk,56
Plymouth,53
Suffolk,48
Worcester,51
Alcona,28
Alger,36
Allegan,43
Alpena,45
Antrim,43
Arenac,39
Baraga,28
Barry,45
Bay,49
Benzie,52
Berrien,46
Branch,45
Calhoun,50
Cass,48
Charlevoix,42
Cheboygan,38
Chippewa,34
Clare,35
Clinton,50
Crawford,29
Delta,40
Dickinson,41
Eaton,47
Emmet,49
Genesee,48
Gladwin,43
Gogebic,38
Grand Traverse,55
Gratiot,41
Hillsdale,42
Houghton,30
Huron,42
Ingham,48
Ionia,32
Iosco,29
Iron,40
Isabella,45
Jackson,51
Kalamazoo,52
Kalkaska,36
Kent,50
Keweenaw,26
Lake,34
Lapeer,44
Leelanau,56
Lenawee,47
Livingston,53
Luce,12
Mackinac,23
Macomb,49
Manistee,41
Marquette,51
Mason,32
Mecosta,33
Menominee,32
Midland,51
Missaukee,51
Monroe,49
Montcalm,31
Montmorency,32
Muskegon,52
Newaygo,33
Oakland,50
Oceana,33
Ogemaw,34
Ontonagon,31
Osceola,34
Oscoda,25
Otsego,34
Ottawa,53
Presque Isle,40
Roscommon,35
Saginaw,47
St. Clair,46
St. Joseph,43
Sanilac,40
Schoolcraft,12
Shiawassee,51
Tuscola,41
Van Buren,40
Washtenaw,56
Wayne,44
Wexford,46
Aitkin,30
Anoka,48
Becker,48
Beltrami,45
Benton,44
Big Stone,43
Blue Earth,58
Brown,48
Carlton,52
Carver,53
Cass,36
Chippewa,49
Chisago,47
Clay,52
Clearwater,23
Cook,34
Cottonwood,37
Crow Wing,49
Dakota,53
Dodge,54
Douglas,50
Faribault,52
Fillmore,55
Freeborn,45
Goodhue,49
Grant,50
Hennepin,53
Houston,57
Hubbard,31
Isanti,50
Itasca,43
Jackson,40
Kanabec,47
Kandiyohi,56
Kittson,29
Koochiching,41
Lac qui Parle,22
Lake,51
Lake of the Woods,21
Le Sueur,51
Lincoln,22
Lyon,52
McLeod,50
Mahnomen,18
Marshall,47
Martin,50
Meeker,48
Mille Lacs,32
Morrison,38
Mower,52
Murray,44
Nicollet,56
Nobles,53
Norman,24
Olmsted,60
Otter Tail,46
Pennington,49
Pine,31
Pipestone,53
Polk,53
Pope,28
Ramsey,52
Red Lake,35
Redwood,48
Renville,35
Rice,57
Rock,57
Roseau,48
St. Louis,49
Scott,52
Sherburne,48
Sibley,36
Stearns,45
Steele,52
Stevens,55
Swift,32
Todd,17
Traverse,21
Wabasha,50
Wadena,21
Waseca,51
Washington,54
Watonwan,47
Wilkin,54
Winona,59
Wright,50
Yellow Medicine,38
Adams,45
Alcorn,42
Amite,24
Attala,47
Benton,41
Bolivar,41
Calhoun,41
Carroll,40
Chickasaw,40
Choctaw,34
Claiborne,32
Clarke,29
Clay,33
Coahoma,35
Copiah,48
Covington,47
DeSoto,53
Forrest,49
Franklin,27
George,23
Greene,29
Grenada,39
Hancock,39
Harrison,35
Hinds,41
Holmes,28
Humphreys,16
Issaquena,25
Itawamba,51
Jackson,38
Jasper,41
Jefferson,28
Jefferson Davis,45
Jones,48
Kemper,31
Lafayette,54
Lamar,50
Lauderdale,36
Lawrence,45
Leake,35
Lee,54
Leflore,38
Lincoln,50
Lowndes,36
Madison,48
Marion,38
Marshall,42
Monroe,45
Montgomery,39
Neshoba,21
Newton,29
Noxubee,37
Oktibbeha,50
Panola,50
Pearl River,45
Perry,40
Pike,34
Pontotoc,35
Prentiss,53
Quitman,40
Rankin,48
Scott,32
Sharkey,27
Simpson,42
Smith,46
Stone,34
Sunflower,20
Tallahatchie,29
Tate,49
Tippah,44
Tishomingo,48
Tunica,39
Union,40
Walthall,30
Warren,40
Washington,37
Wayne,36
Webster,33
Wilkinson,15
Winston,23
Yalobusha,31
Yazoo,40
Adair,52
Andrew,49
Atchison,45
Audrain,30
Barry,35
Barton,36
Bates,30
Benton,37
Bollinger,39
Boone,50
Buchanan,53
Butler,22
Caldwell,45
Callaway,51
Camden,35
Cape Girardeau,48
Carroll,48
Carter,28
Cass,47
Cedar,29
Chariton,32
Christian,51
Clark,49
Clay,53
Clinton,45
Cole,58
Cooper,44
Crawford,30
Dade,42
Dallas,25
Daviess,41
DeKalb,43
Dent,27
Douglas,36
Dunklin,37
Franklin,52
Gasconade,40
Gentry,45
Greene,52
Grundy,45
Harrison,37
Henry,35
Hickory,25
Holt,42
Howard,39
Howell,37
Iron,38
Jackson,48
Jasper,49
Jefferson,52
Johnson,42
Knox,43
Laclede,27
Lafayette,38
Lawrence,38
Lewis,31
Lincoln,43
Linn,40
Livingston,48
McDonald,34
Macon,40
Madison,38
Maries,44
Marion,23
Mercer,32
Miller,45
Mississippi,29
Moniteau,51
Monroe,37
Montgomery,33
Morgan,39
New Madrid,33
Newton,40
Nodaway,31
Oregon,26
Osage,60
Ozark,37
Pemiscot,29
Perry,40
Pettis,47
Phelps,38
Pike,31
Platte,54
Polk,27
Pulaski,20
Putnam,42
Ralls,34
Randolph,41
Ray,46
Reynolds,33
Ripley,24
St. Charles,55
St. Clair,22
Ste. Genevieve,39
St. Francois,45
St. Louis,54
Saline,49
Schuyler,47
Scotland,41
Scott,41
Shannon,27
Shelby,37
Stoddard,32
Stone,39
Sullivan,31
Taney,39
Texas,33
Vernon,35
Warren,50
Washington,33
Wayne,14
Webster,44
Worth,31
Wright,30
St. Louis City,41
Beaverhead,56
Big Horn,40
Blaine,18
Broadwater,41
Carbon,46
Carter,15
Cascade,47
Chouteau,26
Custer,37
Daniels,9
Dawson,34
Deer Lodge,45
Fallon,12
Fergus,34
Flathead,43
Gallatin,48
Garfield,26
Glacier,18
Golden Valley,30
Granite,28
Hill,31
Jefferson,45
Judith Basin,34
Lake,38
Lewis and Clark,47
Liberty,34
Lincoln,19
McCone,44
Madison,23
Meagher,15
Mineral,28
Missoula,50
Musselshell,34
Park,29
Petroleum,28
Phillips,39
Pondera,39
Powder River,43
Powell,27
Prairie,28
Ravalli,37
Richland,50
Roosevelt,28
Rosebud,27
Sanders,22
Sheridan,50
Silver Bow,46
Stillwater,36
Sweet Grass,18
Teton,37
Toole,30
Treasure,54
Valley,37
Wheatland,18
Wibaux,41
Yellowstone,52
Adams,59
Antelope,31
Arthur,46
Banner,40
Blaine,34
Boone,26
Box Butte,38
Boyd,35
Brown,11
Buffalo,61
Burt,23
Butler,50
Cass,54
Cedar,39
Chase,19
Cherry,10
Cheyenne,34
Clay,43
Colfax,41
Cuming,26
Custer,46
Dakota,44
Dawes,40
Dawson,35
Deuel,28
Dixon,43
Dodge,61
Douglas,61
Dundy,9
Fillmore,32
Franklin,21
Frontier,41
Furnas,32
Gage,32
Garden,25
Garfield,28
Gosper,44
Grant,35
Greeley,30
Hall,55
Hamilton,54
Harlan,28
Hayes,56
Hitchcock,32
Holt,14
Hooker,60
Howard,27
Jefferson,16
Johnson,13
Kearney,33
Keith,51
Keya Paha,16
Kimball,21
Knox,39
Lancaster,60
Lincoln,50
Logan,36
Loup,33
McPherson,33
Madison,50
Merrick,33
Morrill,42
Nance,19
Nemaha,58
Nuckolls,20
Otoe,35
Pawnee,11
Perkins,50
Phelps,50
Pierce,32
Platte,57
Polk,58
Red Willow,52
Richardson,40
Rock,9
Saline,27
Sarpy,56
Saunders,45
Scotts Bluff,47
Seward,19
Sheridan,22
Sherman,44
Sioux,28
Stanton,50
Thayer,19
Thomas,38
Thurston,22
Valley,39
Washington,41
Wayne,51
Webster,23
Wheeler,32
York,50
Churchill,42
Clark,34
Douglas,46
Elko,36
Esmeralda,19
Eureka,29
Humboldt,18
Lander,19
Lincoln,33
Lyon,37
Mineral,23
Nye,30
Pershing,33
Storey,40
Washoe,45
White Pine,33
Carson City,44
Belknap,49
Carroll,51
Cheshire,44
Coos,31
Grafton,40
Hillsborough,53
Merrimack,53
Rockingham,53
Strafford,50
Sullivan,41
Atlantic,48
Bergen,50
Burlington,53
Camden,52
Cape May,51
Cumberland,47
Essex,43
Gloucester,49
Hudson,37
Hunterdon,52
Mercer,51
Middlesex,50
Monmouth,50
Morris,54
Ocean,50
Passaic,45
Salem,49
Somerset,53
Sussex,51
Union,47
Warren,52
Bernalillo,42
Catron,25
Chaves,42
Cibola,42
Colfax,45
Curry,40
De Baca,13
Dona Ana,40
Eddy,40
Grant,39
Guadalupe,33
Harding,35
Hidalgo,25
Lea,25
Lincoln,37
Los Alamos,48
Luna,31
McKinley,50
Mora,38
Otero,35
Quay,36
Rio Arriba,36
Roosevelt,24
Sandoval,42
San Juan,49
San Miguel,36
Santa Fe,42
Sierra,21
Socorro,40
Taos,41
Torrance,34
Union,23
Valencia,39
Albany,52
Allegany,47
Bronx,38
Broome,51
Cattaraugus,46
Cayuga,55
Chautauqua,51
Chemung,52
Chenango,49
Clinton,49
Columbia,50
Cortland,53
Delaware,47
Dutchess,50
Erie,46
Essex,52
Franklin,46
Fulton,50
Genesee,47
Greene,45
Hamilton,53
Herkimer,49
Jefferson,51
Kings,36
Lewis,54
Livingston,49
Madison,48
Monroe,51
Montgomery,47
Nassau,52
New York,46
Niagara,47
Oneida,50
Onondaga,54
Ontario,53
Orange,50
Orleans,47
Oswego,48
Otsego,51
Putnam,51
Queens,42
Rensselaer,51
Richmond,43
Rockland,52
St. Lawrence,52
Saratoga,53
Schenectady,53
Schoharie,51
Schuyler,49
Seneca,52
Steuben,51
Suffolk,51
Sullivan,48
Tioga,49
Tompkins,54
Ulster,48
Warren,52
Washington,46
Wayne,51
Westchester,51
Wyoming,51
Yates,52
Alamance,52
Alexander,42
Alleghany,53
Anson,45
Ashe,52
Avery,47
Beaufort,53
Bertie,41
Bladen,30
Brunswick,58
Buncombe,53
Burke,53
Cabarrus,51
Caldwell,53
Camden,50
Carteret,49
Caswell,48
Catawba,55
Chatham,59
Cherokee,43
Chowan,49
Clay,46
Cleveland,50
Columbus,46
Craven,57
Cumberland,39
Currituck,47
Dare,48
Davidson,52
Davie,57
Duplin,43
Durham,58
Edgecombe,53
Forsyth,52
Franklin,54
Gaston,51
Gates,44
Graham,37
Granville,50
Greene,50
Guilford,54
Halifax,48
Harnett,48
Haywood,49
Henderson,51
Hertford,46
Hoke,40
Hyde,51
Iredell,51
Jackson,48
Johnston,53
Jones,53
Lee,51
Lenoir,49
Lincoln,55
McDowell,40
Macon,47
Madison,43
Martin,49
Mecklenburg,52
Mitchell,40
Montgomery,48
Moore,57
Nash,55
New Hanover,57
Northampton,49
Onslow,42
Orange,61
Pamlico,57
Pasquotank,44
Pender,48
Perquimans,50
Person,56
Pitt,51
Polk,44
Randolph,54
Richmond,43
Robeson,38
Rockingham,53
Rowan,49
Rutherford,49
Sampson,48
Scotland,43
Stanly,49
Stokes,48
Surry,50
Swain,42
Transylvania,52
Tyrrell,40
Union,51
Vance,46
Wake,59
Warren,46
Washington,41
Watauga,52
Wayne,45
Wilkes,51
Wilson,51
Yadkin,51
Yancey,37
Adams,52
Barnes,58
Benson,44
Billings,37
Bottineau,37
Bowman,16
Burke,31
Burleigh,57
Cass,57
Cavalier,58
Dickey,48
Divide,15
Dunn,29
Eddy,51
Emmons,34
Foster,45
Golden Valley,26
Grand Forks,54
Grant,26
Griggs,36
Hettinger,31
Kidder,47
LaMoure,47
Logan,42
McHenry,49
McIntosh,21
McKenzie,28
McLean,41
Mercer,20
Morton,52
Mountrail,30
Nelson,52
Oliver,34
Pembina,25
Pierce,30
Ramsey,59
Ransom,37
Renville,51
Richland,59
Rolette,37
Sargent,45
Sheridan,36
Sioux,31
Slope,16
Stark,51
Steele,58
Stutsman,57
Towner,20
Traill,51
Walsh,43
Ward,53
Wells,44
Williams,35
Adams,41
Allen,47
Ashland,47
Ashtabula,46
Athens,47
Auglaize,47
Belmont,43
Brown,49
Butler,52
Carroll,49
Champaign,46
Clark,47
Clermont,51
Clinton,46
Columbiana,50
Coshocton,43
Crawford,42
Cuyahoga,49
Darke,40
Defiance,49
Delaware,57
Erie,48
Fairfield,50
Fayette,40
Franklin,51
Fulton,53
Gallia,47
Geauga,51
Greene,46
Guernsey,45
Hamilton,52
Hancock,53
Hardin,45
Harrison,39
Henry,59
Highland,41
Hocking,46
Holmes,45
Huron,49
Jackson,47
Jefferson,43
Knox,41
Lake,51
Lawrence,46
Licking,51
Logan,47
Lorain,52
Lucas,50
Madison,50
Mahoning,47
Marion,48
Medina,54
Meigs,50
Mercer,49
Miami,48
Monroe,40
Montgomery,49
Morgan,40
Morrow,34
Muskingum,48
Noble,47
Ottawa,49
Paulding,44
Perry,44
Pickaway,49
Pike,44
Portage,49
Preble,45
Putnam,48
Richland,43
Ross,47
Sandusky,50
Scioto,45
Seneca,51
Shelby,47
Stark,50
Summit,51
Trumbull,47
Tuscarawas,41
Union,52
Van Wert,51
Vinton,48
Warren,53
Washington,51
Wayne,48
Williams,48
Wood,52
Wyandot,49
Adair,48
Alfalfa,33
Atoka,39
Beaver,38
Beckham,50
Blaine,44
Bryan,49
Caddo,44
Canadian,50
Carter,45
Cherokee,49
Choctaw,32
Cimarron,21
Cleveland,52
Coal,30
Comanche,42
Cotton,44
Craig,48
Creek,50
Custer,50
Delaware,50
Dewey,48
Ellis,51
Garfield,54
Garvin,50
Grady,44
Grant,42
Greer,40
Harmon,49
Harper,45
Haskell,38
Hughes,44
Jackson,41
Jefferson,31
Johnston,45
Kay,46
Kingfisher,53
Kiowa,50
Latimer,39
Le Flore,38
Lincoln,50
Logan,46
Love,42
McClain,50
McCurtain,34
McIntosh,47
Major,39
Marshall,49
Mayes,53
Murray,44
Muskogee,46
Noble,62
Nowata,45
Okfuskee,49
Oklahoma,48
Okmulgee,47
Osage,36
Ottawa,47
Pawnee,50
Payne,56
Pittsburg,45
Pontotoc,47
Pottawatomie,50
Pushmataha,25
Roger Mills,31
Rogers,51
Seminole,44
Sequoyah,44
Stephens,41
Texas,38
Tillman,50
Tulsa,52
Wagoner,46
Washington,57
Washita,49
Woods,37
Woodward,45
Baker,35
Benton,54
Clackamas,46
Clatsop,42
Columbia,36
Coos,46
Crook,41
Curry,34
Deschutes,52
Douglas,35
Gilliam,20
Grant,19
Harney,32
Hood River,43
Jackson,43
Jefferson,42
Josephine,38
Klamath,43
Lake,25
Lane,49
Lincoln,35
Linn,47
Malheur,39
Marion,41
Morrow,35
Multnomah,46
Polk,43
Sherman,25
Tillamook,24
Umatilla,40
Union,30
Wallowa,30
Wasco,35
Washington,47
Wheeler,21
Yamhill,45
Adams,56
Allegheny,48
Armstrong,41
Beaver,45
Bedford,37
Berks,53
Blair,43
Bradford,45
Bucks,57
Butler,48
Cambria,39
Cameron,43
Carbon,50
Centre,55
Chester,58
Clarion,42
Clearfield,43
Clinton,45
Columbia,48
Crawford,44
Cumberland,55
Dauphin,50
Delaware,55
Elk,51
Erie,51
Fayette,42
Forest,50
Franklin,49
Fulton,36
Greene,36
Huntingdon,41
Indiana,43
Jefferson,43
Juniata,55
Lackawanna,50
Lancaster,58
Lawrence,46
Lebanon,53
Lehigh,56
Luzerne,47
Lycoming,51
McKean,42
Mercer,44
Mifflin,57
Monroe,46
Montgomery,59
Montour,54
Northampton,55
Northumberland,51
Perry,53
Philadelphia,47
Pike,47
Potter,24
Schuylkill,50
Snyder,58
Somerset,33
Sullivan,48
Susquehanna,40
Tioga,45
Union,56
Venango,51
Warren,44
Washington,45
Wayne,46
Westmoreland,48
Wyoming,48
York,58
Bristol,54
Kent,50
Newport,50
Providence,47
Washington,49
Abbeville,29
Aiken,51
Allendale,24
Anderson,52
Bamberg,25
Barnwell,35
Beaufort,52
Berkeley,47
Calhoun,30
Charleston,50
Cherokee,48
Chester,47
Chesterfield,45
Clarendon,33
Colleton,33
Darlington,37
Dillon,42
Dorchester,44
Edgefield,47
Fairfield,29
Florence,43
Georgetown,47
Greenville,54
Greenwood,50
Hampton,26
Horry,48
Jasper,37
Kershaw,50
Lancaster,48
Laurens,47
Lee,38
Lexington,49
McCormick,48
Marion,31
Marlboro,33
Newberry,51
Oconee,52
Orangeburg,33
Pickens,51
Richland,45
Saluda,42
Spartanburg,48
Sumter,47
Union,45
Williamsburg,31
York,52
Aurora,39
Beadle,53
Bennett,7
Bon Homme,33
Brookings,59
Brown,52
Brule,42
Buffalo,37
Butte,32
Campbell,33
Charles Mix,27
Clark,33
Clay,60
Codington,58
Corson,8
Custer,41
Davison,61
Day,21
Deuel,48
Dewey,26
Douglas,42
Edmunds,42
Fall River,20
Faulk,22
Grant,35
Gregory,32
Haakon,19
Hamlin,41
Hand,57
Hanson,49
Harding,33
Hughes,56
Hutchinson,29
Hyde,23
Jackson,11
Jerauld,22
Jones,16
Kingsbury,42
Lake,55
Lawrence,50
Lincoln,54
Lyman,27
McCook,45
McPherson,49
Marshall,20
Meade,43
Mellette,20
Miner,26
Minnehaha,59
Moody,35
Oglala Lakota,15
Pennington,48
Perkins,14
Potter,28
Roberts,25
Sanborn,45
Spink,27
Stanley,52
Sully,33
Todd,20
Tripp,20
Turner,39
Union,50
Walworth,17
Yankton,58
Ziebach,19
Anderson,56
Bedford,44
Benton,47
Bledsoe,39
Blount,54
Bradley,45
Campbell,42
Cannon,45
Carroll,52
Carter,44
Cheatham,48
Chester,46
Claiborne,41
Clay,46
Cocke,46
Coffee,49
Crockett,43
Cumberland,49
Davidson,49
Decatur,47
DeKalb,52
Dickson,50
Dyer,49
Fayette,51
Fentress,48
Franklin,52
Gibson,51
Giles,51
Grainger,41
Greene,48
Grundy,38
Hamblen,45
Hamilton,50
Hancock,18
Hardeman,46
Hardin,45
Hawkins,39
Haywood,34
Henderson,40
Henry,51
Hickman,42
Houston,49
Humphreys,48
Jackson,46
Jefferson,49
Johnson,34
Knox,54
Lake,35
Lauderdale,45
Lawrence,49
Lewis,39
Lincoln,51
Loudon,57
McMinn,44
McNairy,48
Macon,50
Madison,51
Marion,43
Marshall,49
Maury,54
Meigs,35
Monroe,47
Montgomery,47
Moore,46
Morgan,41
Obion,44
Overton,52
Perry,47
Pickett,46
Polk,39
Putnam,52
Rhea,47
Roane,53
Robertson,51
Rutherford,50
Scott,42
Sequatchie,45
Sevier,48
Shelby,47
Smith,52
Stewart,40
Sullivan,50
Sumner,52
Tipton,46
Trousdale,58
Unicoi,41
Union,46
Van Buren,31
Warren,47
Washington,49
Wayne,45
Weakley,44
White,52
Williamson,56
Wilson,54
Anderson,43
Andrews,24
Angelina,48
Aransas,42
Archer,46
Armstrong,26
Atascosa,36
Austin,40
Bailey,41
Bandera,39
Bastrop,41
Baylor,18
Bee,29
Bell,39
Bexar,38
Blanco,44
Borden,18
Bosque,30
Bowie,43
Brazoria,41
Brazos,53
Brewster,21
Briscoe,29
Brooks,39
Brown,41
Burleson,41
Burnet,45
Caldwell,45
Calhoun,29
Callahan,40
Cameron,42
Camp,35
Carson,44
Cass,35
Castro,35
Chambers,28
Cherokee,43
Childress,23
Clay,45
Cochran,21
Coke,46
Coleman,25
Collin,55
Collingsworth,14
Colorado,31
Comal,44
Comanche,25
Concho,40
Cooke,41
Coryell,35
Cottle,19
Crane,18
Crockett,23
Crosby,39
Culberson,14
Dallam,27
Dallas,51
Dawson,23
Deaf Smith,35
Delta,42
Denton,52
DeWitt,29
Dickens,26
Dimmit,33
Donley,21
Duval,34
Eastland,40
Ector,39
Edwards,30
Ellis,50
El Paso,32
Erath,47
Falls,34
Fannin,43
Fayette,44
Fisher,9
Floyd,37
Foard,27
Fort Bend,46
Franklin,49
Freestone,37
Frio,35
Gaines,31
Galveston,44
Garza,33
Gillespie,51
Glasscock,43
Goliad,38
Gonzales,39
Gray,45
Grayson,50
Gregg,48
Grimes,47
Guadalupe,39
Hale,39
Hall,25
Hamilton,19
Hansford,29
Hardeman,35
Hardin,42
Harris,44
Harrison,46
Hartley,32
Haskell,37
Hays,46
Hemphill,34
Henderson,52
Hidalgo,46
Hill,38
Hockley,31
Hood,49
Hopkins,44
Houston,39
Howard,38
Hudspeth,23
Hunt,38
Hutchinson,38
Irion,38
Jack,34
Jackson,38
Jasper,38
Jeff Davis,24
Jefferson,42
Jim Hogg,30
Jim Wells,37
Johnson,46
Jones,30
Karnes,43
Kaufman,50
Kendall,47
Kenedy,44
Kent,20
Kerr,49
Kimble,24
King,
Kinney,25
Kleberg,37
Knox,13
Lamar,48
Lamb,36
Lampasas,26
La Salle,24
Lavaca,35
Lee,48
Leon,43
Liberty,35
Limestone,43
Lipscomb,29
Live Oak,34
Llano,39
Loving,
Lubbock,45
Lynn,31
McCulloch,23
McLennan,49
McMullen,28
Madison,42
Marion,37
Martin,35
Mason,42
Matagorda,38
Maverick,26
Medina,37
Menard,27
Midland,42
Milam,40
Mills,18
Mitchell,26
Montague,26
Montgomery,47
Moore,40
Morris,43
Motley,26
Nacogdoches,48
Navarro,47
Newton,34
Nolan,33
Nueces,40
Ochiltree,33
Oldham,40
Orange,43
Palo Pinto,44
Panola,38
Parker,46
Parmer,31
Pecos,16
Polk,45
Potter,47
Presidio,12
Rains,38
Randall,49
Reagan,19
Real,35
Red River,49
Reeves,28
Refugio,28
Roberts,49
Robertson,41
Rockwall,51
Runnels,37
Rusk,41
Sabine,40
San Augustine,45
San Jacinto,38
San Patricio,39
San Saba,23
Schleicher,24
Scurry,31
Shackelford,45
Shelby,42
Sherman,36
Smith,52
Somervell,45
Starr,25
Stephens,32
Sterling,38
Stonewall,12
Sutton,41
Swisher,23
Tarrant,49
Taylor,44
Terrell,16
Terry,41
Throckmorton,18
Titus,41
Tom Green,48
Travis,49
Trinity,37
Tyler,31
Upshur,43
Upton,20
Uvalde,32
Val Verde,25
Van Zandt,40
Victoria,48
Walker,42
Waller,43
Ward,19
Washington,41
Webb,35
Wharton,36
Wheeler,36
Wichita,44
Wilbarger,49
Willacy,53
Williamson,52
Wilson,37
Winkler,17
Wise,48
Wood,40
Yoakum,17
Young,38
Zapata,32
Zavala,26
Beaver,25
Box Elder,44
Cache,50
Carbon,46
Daggett,54
Davis,49
Duchesne,40
Emery,33
Garfield,29
Grand,42
Iron,42
Juab,48
Kane,38
Millard,42
Morgan,44
Piute,37
Rich,39
Salt Lake,49
San Juan,22
Sanpete,42
Sevier,46
Summit,55
Tooele,45
Uintah,44
Utah,46
Wasatch,48
Washington,46
Wayne,12
Weber,44
Addison,55
Bennington,51
Caledonia,36
Chittenden,59
Essex,41
Franklin,48
Grand Isle,46
Lamoille,55
Orange,43
Orleans,30
Rutland,49
Washington,51
Windham,37
Windsor,39
Accomack,44
Albemarle,59
Alleghany,45
Amelia,48
Amherst,51
Appomattox,52
Arlington,51
Augusta,54
Bath,30
Bedford,
Bland,41
Botetourt,51
Brunswick,47
Buchanan,29
Buckingham,40
Campbell,53
Caroline,37
Carroll,49
Charles City,50
Charlotte,43
Chesterfield,52
Clarke,52
Craig,45
Culpeper,50
Cumberland,43
Dickenson,39
Dinwiddie,49
Essex,53
Fairfax,51
Fauquier,51
Floyd,47
Fluvanna,59
Franklin,52
Frederick,53
Giles,30
Gloucester,51
Goochland,54
Grayson,45
Greene,56
Greensville,47
Halifax,44
Hanover,56
Henrico,56
Henry,52
Highland,19
Isle of Wight,51
James City,56
King and Queen,51
King George,37
King William,53
Lancaster,60
Lee,37
Loudoun,52
Louisa,56
Lunenburg,53
Madison,58
Mathews,54
Mecklenburg,53
Middlesex,54
Montgomery,54
Nelson,53
New Kent,50
Northampton,50
Northumberland,54
Nottoway,52
Orange,53
Page,30
Patrick,36
Pittsylvania,50
Powhatan,53
Prince Edward,46
Prince George,44
Prince William,47
Pulaski,50
Rappahannock,46
Richmond,54
Roanoke,55
Rockbridge,49
Rockingham,48
Russell,44
Scott,51
Shenandoah,42
Smyth,42
Southampton,48
Spotsylvania,43
Stafford,44
Surry,48
Sussex,44
Tazewell,37
Warren,52
Washington,46
Westmoreland,44
Wise,44
Wythe,49
York,54
Alexandria City,47
Bristol City,50
Buena Vista City,49
Charlottesville City,60
Chesapeake City,51
Colonial Heights City,49
Covington City,49
Danville City,50
Emporia City,45
Fairfax City,53
Falls Church City,53
Franklin City,48
Fredericksburg City,45
Galax City,49
Hampton City,43
Harrisonburg City,54
Hopewell City,44
Lexington City,48
Lynchburg City,52
Manassas City,47
Manassas Park City,
Martinsville City,51
Newport News City,47
Norfolk City,46
Norton City,44
Petersburg City,41
Poquoson City,49
Portsmouth City,48
Radford City,54
Richmond City,49
Roanoke City,51
Salem City,51
Staunton City,55
Suffolk City,47
Virginia Beach City,48
Waynesboro City,58
Williamsburg City,56
Winchester City,53
Adams,36
Asotin,47
Benton,50
Chelan,33
Clallam,50
Clark,44
Columbia,20
Cowlitz,45
Douglas,38
Ferry,17
Franklin,46
Garfield,28
Grant,29
Grays Harbor,42
Island,42
Jefferson,39
King,52
Kitsap,48
Kittitas,36
Klickitat,26
Lewis,35
Lincoln,22
Mason,42
Okanogan,21
Pacific,40
Pend Oreille,29
Pierce,47
San Juan,38
Skagit,48
Skamania,30
Snohomish,49
Spokane,46
Stevens,29
Thurston,48
Wahkiakum,38
Walla Walla,47
Whatcom,47
Whitman,53
Yakima,48
Barbour,37
Berkeley,46
Boone,37
Braxton,30
Brooke,48
Cabell,45
Calhoun,27
Clay,35
Doddridge,37
Fayette,35
Gilmer,41
Grant,37
Greenbrier,48
Hampshire,35
Hancock,45
Hardy,31
Harrison,41
Jackson,44
Jefferson,40
Kanawha,47
Lewis,39
Lincoln,43
Logan,33
McDowell,26
Marion,40
Marshall,46
Mason,49
Mercer,33
Mineral,43
Mingo,34
Monongalia,47
Monroe,29
Morgan,41
Nicholas,38
Ohio,49
Pendleton,35
Pleasants,47
Pocahontas,31
Preston,45
Putnam,49
Raleigh,40
Randolph,36
Ritchie,39
Roane,26
Summers,26
Taylor,36
Tucker,26
Tyler,37
Upshur,41
Wayne,45
Webster,26
Wetzel,40
Wirt,39
Wood,49
Wyoming,29
Adams,33
Ashland,54
Barron,47
Bayfield,50
Brown,54
Buffalo,51
Burnett,34
Calumet,49
Chippewa,53
Clark,35
Columbia,53
Crawford,46
Dane,65
Dodge,53
Door,40
Douglas,49
Dunn,55
Eau Claire,58
Florence,34
Fond du Lac,54
Forest,33
Grant,44
Green,58
Green Lake,52
Iowa,49
Iron,42
Jackson,49
Jefferson,57
Juneau,29
Kenosha,50
Kewaunee,35
La Crosse,59
Lafayette,48
Langlade,39
Lincoln,53
Manitowoc,50
Marathon,53
Marinette,36
Marquette,50
Menominee,45
Milwaukee,50
Monroe,42
Oconto,35
Oneida,52
Outagamie,53
Ozaukee,59
Pepin,53
Pierce,55
Polk,45
Portage,55
Price,45
Racine,53
Richland,49
Rock,52
Rusk,43
St. Croix,52
Sauk,51
Sawyer,46
Shawano,51
Sheboygan,55
Taylor,22
Trempealeau,46
Vernon,35
Vilas,52
Walworth,54
Washburn,52
Washington,57
Waukesha,58
Waupaca,50
Waushara,49
Winnebago,55
Wood,41
Albany,46
Big Horn,30
Campbell,46
Carbon,35
Converse,36
Crook,38
Fremont,40
Goshen,40
Hot Springs,39
Johnson,44
Laramie,47
Lincoln,41
Natrona,44
Niobrara,13
Park,45
Platte,41
Sheridan,40
Sublette,42
Sweetwater,41
Teton,51
Uinta,34
Washakie,42
Weston,21
