County_Name,hiv_rate
Autauga,219
Baldwin,166
Barbour,420
Bibb,196
Blount,99
Bullock,632
Butler,311
Calhoun,226
Chambers,387
Cherokee,116
Chilton,110
Choctaw,231
Clarke,159
Clay,174
Cleburne,120
Coffee,152
Colbert,99
Conecuh,310
Coosa,146
Covington,155
Crenshaw,223
Cullman,78
Dale,244
Dallas,422
DeKalb,88
Elmore,222
Escambia,222
Etowah,187
Fayette,99
Franklin,53
Geneva,151
Greene,378
Hale,436
Henry,212
Houston,366
Jackson,74
Jefferson,621
Lamar,134
Lauderdale,91
Lawrence,81
Lee,197
Limestone,129
Lowndes,606
Macon,496
Madison,236
Marengo,195
Marion,113
Marshall,115
Mobile,510
Monroe,213
Montgomery,749
Morgan,140
Perry,272
Pickens,280
Pike,356
Randolph,57
Russell,417
St. Clair,142
Shelby,155
Sumter,323
Talladega,268
Tallapoosa,188
Tuscaloosa,246
Walker,143
Washington,85
Wilcox,275
Winston,53
Aleutians East,
Aleutians West,
Anchorage,
Bethel,
Bristol Bay,
Denali,
Dillingham,
Fairbanks North Star,
Haines,
Hoonah-Angoon,
Juneau,
Kenai Peninsula,
Ketchikan Gateway,
Kodiak Island,
Kusilvak,
Lake and Peninsula,
Matanuska-Susitna,
Nome,
North Slope,
Northwest Arctic,
Petersburg,
Prince of Wales-Hyder,
Sitka,
Skagway,
Southeast Fairbanks,
Valdez-Cordova,
Wrangell,
Yakutat,
Yukon-Koyukuk,
Apache,193
Cochise,186
Coconino,113
Gila,94
Graham,72
Greenlee,78
La Paz,144
Maricopa,309
Mohave,130
Navajo,150
Pima,281
Pinal,253
Santa Cruz,132
Yavapai,126
Yuma,154
Arkansas,230
Ashley,105
Baxter,91
Benton,121
Boone,67
Bradley,110
Calhoun,155
Carroll,260
Chicot,384
Clark,154
Clay,70
Cleburne,101
Cleveland,128
Columbia,157
Conway,160
Craighead,168
Crawford,105
Crittenden,522
Cross,169
Dallas,
Desha,175
Drew,139
Faulkner,143
Franklin,101
Fulton,97
Garland,231
Grant,138
Greene,103
Hempstead,134
Hot Spring,241
Howard,110
Independence,117
Izard,118
Jackson,263
Jefferson,477
Johnson,60
Lafayette,99
Lawrence,49
Lee,616
Lincoln,339
Little River,209
Logan,65
Lonoke,97
Madison,104
Marion,105
Miller,295
Mississippi,204
Monroe,260
Montgomery,89
Nevada,113
Newton,88
Ouachita,253
Perry,103
Phillips,309
Pike,65
Poinsett,110
Polk,65
Pope,99
Prairie,184
Pulaski,563
Randolph,61
St. Francis,319
Saline,83
Scott,
Searcy,
Sebastian,198
Sevier,89
Sharp,68
Stone,64
Union,352
Van Buren,
Washington,170
White,110
Woodruff,141
Yell,123
Alameda,408
Alpine,
Amador,
Butte,124
Calaveras,99
Colusa,34
Contra Costa,256
Del Norte,94
El Dorado,116
Fresno,233
Glenn,75
Humboldt,175
Imperial,198
Inyo,163
Kern,212
Kings,132
Lake,266
Lassen,84
Los Angeles,565
Madera,141
Marin,355
Mariposa,135
Mendocino,227
Merced,121
Modoc,
Mono,49
Monterey,192
Napa,227
Nevada,117
Orange,246
Placer,100
Plumas,108
Riverside,385
Sacramento,328
San Benito,82
San Bernardino,224
San Diego,454
San Francisco,1589
San Joaquin,214
San Luis Obispo,159
San Mateo,238
Santa Barbara,153
Santa Clara,184
Santa Cruz,196
Shasta,125
Sierra,265
Siskiyou,150
Solano,328
Sonoma,331
Stanislaus,154
Sutter,110
Tehama,83
Trinity,123
Tulare,114
Tuolumne,92
Ventura,136
Yolo,135
Yuba,131
Adams,240
Alamosa,132
Arapahoe,284
Archuleta,80
Baca,
Bent,98
Boulder,161
Broomfield,101
Chaffee,52
Cheyenne,
Clear Creek,192
Conejos,91
Costilla,187
Crowley,358
Custer,
Delta,53
Denver,962
Dolores,
Douglas,84
Eagle,138
Elbert,83
El Paso,154
Fremont,283
Garfield,120
Gilpin,152
Grand,90
Gunnison,69
Hinsdale,
Huerfano,154
Jackson,0
Jefferson,164
Kiowa,0
Kit Carson,
Lake,
La Plata,94
Larimer,88
Las Animas,204
Lincoln,147
Logan,79
Mesa,107
Mineral,0
Moffat,84
Montezuma,100
Montrose,72
Morgan,101
Otero,79
Ouray,0
Park,155
Phillips,
Pitkin,156
Prowers,51
Pueblo,147
Rio Blanco,
Rio Grande,105
Routt,79
Saguache,165
San Juan,
San Miguel,
Sedgwick,
Summit,183
Teller,71
Washington,
Weld,89
Yuma,171
Fairfield,325
Hartford,373
Litchfield,144
Middlesex,202
New Haven,437
New London,220
Tolland,90
Windham,189
Kent,289
New Castle,430
Sussex,331
District of Columbia,2459
Alachua,423
Baker,467
Bay,289
Bradford,298
Brevard,297
Broward,1176
Calhoun,220
Charlotte,201
Citrus,167
Clay,190
Collier,288
Columbia,476
DeSoto,478
Dixie,335
Duval,761
Escambia,475
Flagler,185
Franklin,211
Gadsden,690
Gilchrist,122
Glades,668
Gulf,188
Hamilton,1303
Hardee,284
Hendry,377
Hernando,211
Highlands,248
Hillsborough,572
Holmes,156
Indian River,273
Jackson,1058
Jefferson,920
Lafayette,147
Lake,297
Lee,333
Leon,489
Levy,260
Liberty,274
Madison,874
Manatee,307
Marion,340
Martin,276
Miami-Dade,1123
Monroe,833
Nassau,170
Okaloosa,234
Okeechobee,375
Orange,732
Osceola,406
Palm Beach,628
Pasco,232
Pinellas,511
Polk,400
Putnam,377
St. Johns,159
St. Lucie,596
Santa Rosa,199
Sarasota,240
Seminole,302
Sumter,245
Suwannee,506
Taylor,945
Union,2305
Volusia,352
Wakulla,353
Walton,129
Washington,751
Appling,185
Atkinson,194
Bacon,487
Baker,432
Baldwin,308
Banks,122
Barrow,141
Bartow,188
Ben Hill,149
Berrien,311
Bibb,783
Bleckley,434
Brantley,157
Brooks,408
Bryan,105
Bulloch,355
Burke,441
Butts,401
Calhoun,518
Camden,198
Candler,347
Carroll,181
Catoosa,90
Charlton,236
Chatham,701
Chattahoochee,107
Chattooga,306
Cherokee,145
Clarke,319
Clay,704
Clayton,862
Clinch,488
Cobb,459
Coffee,254
Colquitt,500
Columbia,145
Cook,334
Coweta,197
Crawford,190
Crisp,602
Dade,121
Dawson,118
Decatur,666
DeKalb,1203
Dodge,475
Dooly,320
Dougherty,939
Douglas,341
Early,259
Echols,
Effingham,134
Elbert,192
Emanuel,328
Evans,478
Fannin,167
Fayette,191
Floyd,240
Forsyth,72
Franklin,111
Fulton,1577
Gilmer,151
Glascock,197
Glynn,424
Gordon,117
Grady,329
Greene,130
Gwinnett,351
Habersham,110
Hall,140
Hancock,326
Haralson,112
Harris,129
Hart,175
Heard,164
Henry,324
Houston,264
Irwin,526
Jackson,95
Jasper,191
Jeff Davis,49
Jefferson,396
Jenkins,456
Johnson,283
Jones,100
Lamar,267
Lanier,176
Laurens,458
Lee,184
Liberty,380
Lincoln,221
Long,88
Lowndes,581
Lumpkin,80
McDuffie,228
McIntosh,306
Macon,376
Madison,99
Marion,180
Meriwether,258
Miller,306
Mitchell,427
Monroe,186
Montgomery,235
Morgan,202
Murray,104
Muscogee,605
Newton,362
Oconee,62
Oglethorpe,112
Paulding,141
Peach,422
Pickens,136
Pierce,126
Pike,46
Polk,117
Pulaski,284
Putnam,152
Quitman,538
Rabun,109
Randolph,505
Richmond,848
Rockdale,405
Schley,140
Screven,353
Seminole,292
Spalding,338
Stephens,166
Stewart,910
Sumter,462
Talbot,411
Taliaferro,
Tattnall,418
Taylor,412
Telfair,551
Terrell,459
Thomas,370
Tift,459
Toombs,350
Towns,
Treutlen,412
Troup,205
Turner,441
Twiggs,240
Union,133
Upson,253
Walker,162
Walton,188
Ware,519
Warren,481
Washington,281
Wayne,328
Webster,
Wheeler,525
White,92
Whitfield,166
Wilcox,679
Wilkes,288
Wilkinson,225
Worth,386
Hawaii,224
Honolulu,189
Kalawao,
Kauai,
Maui,219
Ada,50
Adams,0
Bannock,45
Bear Lake,0
Benewah,
Bingham,59
Blaine,43
Boise,
Bonner,60
Bonneville,32
Boundary,51
Butte,0
Camas,0
Canyon,36
Caribou,0
Cassia,
Clark,0
Clearwater,
Custer,0
Elmore,52
Franklin,0
Fremont,
Gem,35
Gooding,65
Idaho,35
Jefferson,
Jerome,28
Kootenai,62
Latah,44
Lemhi,
Lewis,
Lincoln,
Madison,
Minidoka,
Nez Perce,44
Oneida,
Owyhee,
Payette,37
Power,
Shoshone,47
Teton,
Twin Falls,22
Valley,
Washington,0
Adams,84
Alexander,354
Bond,61
Boone,74
Brown,150
Bureau,84
Calhoun,
Carroll,39
Cass,
Champaign,196
Christian,133
Clark,82
Clay,
Clinton,122
Coles,78
Cook,587
Crawford,249
Cumberland,54
DeKalb,79
De Witt,
Douglas,
DuPage,82
Edgar,60
Edwards,
Effingham,28
Fayette,269
Ford,53
Franklin,66
Fulton,186
Gallatin,
Greene,53
Grundy,24
Hamilton,
Hancock,32
Hardin,0
Henderson,
Henry,52
Iroquois,79
Jackson,82
Jasper,
Jefferson,127
Jersey,31
Jo Daviess,63
Johnson,519
Kane,78
Kankakee,139
Kendall,39
Knox,189
Lake,130
LaSalle,79
Lawrence,63
Lee,87
Livingston,270
Logan,311
McDonough,75
McHenry,46
McLean,107
Macon,158
Macoupin,72
Madison,86
Marion,50
Marshall,59
Mason,
Massac,
Menard,104
Mercer,82
Monroe,28
Montgomery,156
Morgan,71
Moultrie,
Ogle,64
Peoria,226
Perry,243
Piatt,
Pike,
Pope,
Pulaski,230
Putnam,
Randolph,174
Richland,
Rock Island,220
St. Clair,314
Saline,
Sangamon,173
Schuyler,
Scott,0
Shelby,27
Stark,0
Stephenson,111
Tazewell,45
Union,48
Vermilion,190
Wabash,
Warren,
Washington,
Wayne,43
White,59
Whiteside,
Will,100
Williamson,91
Winnebago,160
Woodford,58
Adams,
Allen,175
Bartholomew,81
Benton,84
Blackford,88
Boone,75
Brown,91
Carroll,
Cass,81
Clark,218
Clay,91
Clinton,65
Crawford,
Daviess,69
Dearborn,40
Decatur,63
DeKalb,51
Delaware,123
Dubois,45
Elkhart,100
Fayette,55
Floyd,161
Fountain,
Franklin,36
Fulton,59
Gibson,78
Grant,119
Greene,62
Hamilton,81
Hancock,81
Harrison,65
Hendricks,113
Henry,132
Howard,152
Huntington,84
Jackson,154
Jasper,96
Jay,75
Jefferson,80
Jennings,26
Johnson,130
Knox,88
Kosciusko,52
LaGrange,30
Lake,244
LaPorte,163
Lawrence,98
Madison,157
Marion,579
Marshall,39
Martin,82
Miami,140
Monroe,155
Montgomery,99
Morgan,83
Newton,67
Noble,58
Ohio,
Orange,79
Owen,89
Parke,139
Perry,124
Pike,
Porter,101
Posey,46
Pulaski,46
Putnam,164
Randolph,123
Ripley,38
Rush,57
St. Joseph,238
Scott,779
Shelby,70
Spencer,28
Starke,51
Steuben,51
Sullivan,89
Switzerland,125
Tippecanoe,94
Tipton,53
Union,
Vanderburgh,190
Vermillion,
Vigo,226
Wabash,40
Warren,
Warrick,54
Washington,102
Wayne,128
Wells,39
White,99
Whitley,50
Adair,
Adams,
Allamakee,43
Appanoose,47
Audubon,
Benton,93
Black Hawk,94
Boone,71
Bremer,38
Buchanan,52
Buena Vista,121
Butler,
Calhoun,
Carroll,89
Cass,
Cedar,64
Cerro Gordo,62
Cherokee,
Chickasaw,49
Clarke,
Clay,65
Clayton,60
Clinton,81
Crawford,71
Dallas,64
Davis,
Decatur,73
Delaware,
Des Moines,69
Dickinson,47
Dubuque,78
Emmet,
Fayette,52
Floyd,
Franklin,
Fremont,
Greene,66
Grundy,
Guthrie,
Hamilton,63
Hancock,
Hardin,60
Harrison,
Henry,65
Howard,
Humboldt,
Ida,
Iowa,51
Jackson,42
Jasper,90
Jefferson,
Johnson,135
Jones,98
Keokuk,
Kossuth,
Lee,37
Linn,132
Louisa,64
Lucas,83
Lyon,
Madison,84
Mahaska,65
Marion,54
Marshall,79
Mills,103
Mitchell,
Monona,
Monroe,76
Montgomery,105
Muscatine,54
O'Brien,
Osceola,
Page,75
Palo Alto,
Plymouth,57
Pocahontas,
Polk,190
Pottawattamie,112
Poweshiek,63
Ringgold,
Sac,0
Scott,144
Shelby,
Sioux,21
Story,54
Tama,77
Taylor,
Union,67
Van Buren,
Wapello,91
Warren,39
Washington,71
Wayne,0
Webster,57
Winnebago,
Winneshiek,
Woodbury,108
Worth,
Wright,46
Allen,
Anderson,
Atchison,
Barber,
Barton,
Bourbon,
Brown,
Butler,147
Chase,
Chautauqua,
Cherokee,
Cheyenne,
Clark,
Clay,
Cloud,
Coffey,
Comanche,
Cowley,
Crawford,
Decatur,
Dickinson,
Doniphan,
Douglas,83
Edwards,
Elk,
Ellis,
Ellsworth,
Finney,
Ford,
Franklin,
Geary,
Gove,
Graham,
Grant,
Gray,
Greeley,
Greenwood,
Hamilton,
Harper,
Harvey,
Haskell,
Hodgeman,
Jackson,
Jefferson,
Jewell,
Johnson,127
Kearny,
Kingman,
Kiowa,
Labette,
Lane,
Leavenworth,218
Lincoln,
Linn,
Logan,
Lyon,
McPherson,
Marion,
Marshall,
Meade,
Miami,
Mitchell,
Montgomery,
Morris,
Morton,
Nemaha,
Neosho,
Ness,
Norton,
Osage,
Osborne,
Ottawa,
Pawnee,
Phillips,
Pottawatomie,
Pratt,
Rawlins,
Reno,60
Republic,
Rice,
Riley,27
Rooks,
Rush,
Russell,
Saline,
Scott,
Sedgwick,186
Seward,
Shawnee,154
Sheridan,
Sherman,
Smith,
Stafford,
Stanton,
Stevens,
Sumner,
Thomas,
Trego,
Wabaunsee,
Wallace,
Washington,
Wichita,
Wilson,
Woodson,
Wyandotte,292
Adair,
Allen,
Anderson,
Ballard,
Barren,
Bath,
Bell,
Boone,104
Bourbon,
Boyd,
Boyle,
Bracken,
Breathitt,
Breckinridge,
Bullitt,50
Butler,
Caldwell,
Calloway,
Campbell,139
Carlisle,
Carroll,
Carter,
Casey,
Christian,173
Clark,
Clay,
Clinton,
Crittenden,
Cumberland,
Daviess,119
Edmonson,
Elliott,
Estill,
Fayette,330
Fleming,
Floyd,
Franklin,
Fulton,
Gallatin,
Garrard,
Grant,
Graves,
Grayson,
Green,
Greenup,
Hancock,
Hardin,162
Harlan,
Harrison,
Hart,
Henderson,
Henry,
Hickman,
Hopkins,
Jackson,
Jefferson,431
Jessamine,
Johnson,
Kenton,183
Knott,
Knox,
Larue,
Laurel,73
Lawrence,
Lee,
Leslie,
Letcher,
Lewis,
Lincoln,
Livingston,
Logan,
Lyon,
McCracken,227
McCreary,
McLean,
Madison,88
Magoffin,
Marion,
Marshall,
Martin,
Mason,
Meade,
Menifee,
Mercer,
Metcalfe,
Monroe,
Montgomery,
Morgan,
Muhlenberg,
Nelson,
Nicholas,
Ohio,
Oldham,201
Owen,
Owsley,
Pendleton,
Perry,
Pike,35
Powell,
Pulaski,70
Robertson,
Rockcastle,
Rowan,
Russell,
Scott,
Shelby,
Simpson,
Spencer,
Taylor,
Todd,
Trigg,
Trimble,
Union,
Warren,143
Washington,
Wayne,
Webster,
Whitley,
Wolfe,
Woodford,
Acadia,220
Allen,813
Ascension,240
Assumption,140
Avoyelles,494
Beauregard,150
Bienville,286
Bossier,204
Caddo,560
Calcasieu,392
Caldwell,226
Cameron,
Catahoula,348
Claiborne,690
Concordia,302
De Soto,253
East Baton Rouge,1025
East Carroll,355
East Feliciana,1056
Evangeline,254
Franklin,265
Grant,254
Iberia,201
Iberville,1019
Jackson,157
Jefferson,503
Jefferson Davis,238
Lafayette,371
Lafourche,187
La Salle,351
Lincoln,223
Livingston,192
Madison,380
Morehouse,304
Natchitoches,352
Orleans,1432
Ouachita,462
Plaquemines,195
Pointe Coupee,290
Rapides,461
Red River,196
Richland,283
Sabine,75
St. Bernard,481
St. Charles,281
St. Helena,227
St. James,408
St. John the Baptist,480
St. Landry,408
St. Martin,242
St. Mary,195
St. Tammany,208
Tangipahoa,366
Tensas,
Terrebonne,229
Union,162
Vermilion,171
Vernon,146
Washington,475
Webster,219
West Baton Rouge,507
West Carroll,150
West Feliciana,1088
Winn,251
Androscoggin,148
Aroostook,59
Cumberland,221
Franklin,45
Hancock,127
Kennebec,127
Knox,86
Lincoln,76
Oxford,60
Penobscot,87
Piscataquis,46
Sagadahoc,82
Somerset,72
Waldo,108
Washington,98
York,129
Allegany,210
Anne Arundel,280
Baltimore,460
Calvert,160
Caroline,278
Carroll,83
Cecil,153
Charles,342
Dorchester,516
Frederick,188
Garrett,43
Harford,222
Howard,218
Kent,183
Montgomery,397
Prince George's,888
Queen Anne's,129
St. Mary's,161
Somerset,411
Talbot,222
Washington,318
Wicomico,275
Worcester,194
Baltimore City,2150
Barnstable,391
Berkshire,153
Bristol,282
Dukes,285
Essex,279
Franklin,143
Hampden,490
Hampshire,120
Middlesex,271
Nantucket,192
Norfolk,211
Plymouth,221
Suffolk,829
Worcester,260
Alcona,
Alger,85
Allegan,101
Alpena,80
Antrim,69
Arenac,
Baraga,107
Barry,43
Bay,92
Benzie,32
Berrien,173
Branch,58
Calhoun,148
Cass,43
Charlevoix,35
Cheboygan,62
Chippewa,76
Clare,99
Clinton,62
Crawford,
Delta,67
Dickinson,
Eaton,91
Emmet,49
Genesee,149
Gladwin,41
Gogebic,51
Grand Traverse,100
Gratiot,96
Hillsdale,38
Houghton,41
Huron,29
Ingham,171
Ionia,109
Iosco,44
Iron,
Isabella,77
Jackson,167
Kalamazoo,160
Kalkaska,54
Kent,183
Keweenaw,
Lake,95
Lapeer,61
Leelanau,31
Lenawee,58
Livingston,52
Luce,89
Mackinac,83
Macomb,142
Manistee,51
Marquette,58
Mason,56
Mecosta,47
Menominee,49
Midland,42
Missaukee,
Monroe,70
Montcalm,92
Montmorency,72
Muskegon,129
Newaygo,69
Oakland,183
Oceana,31
Ogemaw,49
Ontonagon,
Osceola,71
Oscoda,
Otsego,82
Ottawa,51
Presque Isle,
Roscommon,65
Saginaw,151
St. Clair,
St. Joseph,
Sanilac,56
Schoolcraft,
Shiawassee,68
Tuscola,21
Van Buren,81
Washtenaw,171
Wayne,457
Wexford,61
Aitkin,50
Anoka,147
Becker,43
Beltrami,61
Benton,102
Big Stone,
Blue Earth,68
Brown,42
Carlton,46
Carver,67
Cass,77
Chippewa,80
Chisago,34
Clay,58
Clearwater,
Cook,
Cottonwood,95
Crow Wing,22
Dakota,119
Dodge,30
Douglas,44
Faribault,42
Fillmore,40
Freeborn,35
Goodhue,36
Grant,183
Hennepin,406
Houston,31
Hubbard,34
Isanti,65
Itasca,44
Jackson,142
Kanabec,51
Kandiyohi,79
Kittson,
Koochiching,
Lac qui Parle,
Lake,
Lake of the Woods,0
Le Sueur,43
Lincoln,
Lyon,52
McLeod,70
Mahnomen,
Marshall,
Martin,83
Meeker,52
Mille Lacs,66
Morrison,51
Mower,173
Murray,
Nicollet,49
Nobles,113
Norman,
Olmsted,157
Otter Tail,28
Pennington,
Pine,80
Pipestone,
Polk,65
Pope,75
Ramsey,289
Red Lake,0
Redwood,
Renville,57
Rice,102
Rock,77
Roseau,
St. Louis,75
Scott,87
Sherburne,55
Sibley,
Stearns,42
Steele,29
Stevens,
Swift,
Todd,0
Traverse,0
Wabasha,49
Wadena,
Waseca,50
Washington,83
Watonwan,
Wilkin,
Winona,49
Wright,41
Yellow Medicine,
Adams,374
Alcorn,138
Amite,179
Attala,205
Benton,242
Bolivar,434
Calhoun,124
Carroll,227
Chickasaw,177
Choctaw,128
Claiborne,220
Clarke,366
Clay,270
Coahoma,904
Copiah,378
Covington,229
DeSoto,254
Forrest,629
Franklin,108
George,130
Greene,809
Grenada,415
Hancock,213
Harrison,372
Hinds,1036
Holmes,473
Humphreys,420
Issaquena,
Itawamba,146
Jackson,223
Jasper,282
Jefferson,360
Jefferson Davis,255
Jones,277
Kemper,139
Lafayette,194
Lamar,91
Lauderdale,357
Lawrence,351
Leake,214
Lee,300
Leflore,507
Lincoln,168
Lowndes,270
Madison,255
Marion,278
Marshall,294
Monroe,139
Montgomery,362
Neshoba,157
Newton,223
Noxubee,357
Oktibbeha,155
Panola,268
Pearl River,219
Perry,188
Pike,426
Pontotoc,102
Prentiss,75
Quitman,505
Rankin,311
Scott,302
Sharkey,
Simpson,206
Smith,120
Stone,270
Sunflower,881
Tallahatchie,170
Tate,126
Tippah,93
Tishomingo,60
Tunica,819
Union,107
Walthall,197
Warren,352
Washington,531
Wayne,143
Webster,135
Wilkinson,289
Winston,175
Yalobusha,267
Yazoo,466
Adair,191
Andrew,130
Atchison,
Audrain,129
Barry,134
Barton,60
Bates,139
Benton,174
Bollinger,125
Boone,139
Buchanan,179
Butler,112
Caldwell,488
Callaway,180
Camden,91
Cape Girardeau,98
Carroll,80
Carter,
Cass,97
Cedar,
Chariton,
Christian,103
Clark,
Clay,181
Clinton,64
Cole,171
Cooper,287
Crawford,93
Dade,
Dallas,73
Daviess,207
DeKalb,126
Dent,278
Douglas,159
Dunklin,96
Franklin,78
Gasconade,39
Gentry,
Greene,222
Grundy,
Harrison,
Henry,98
Hickory,
Holt,0
Howard,
Howell,42
Iron,103
Jackson,478
Jasper,169
Jefferson,92
Johnson,99
Knox,
Laclede,61
Lafayette,47
Lawrence,63
Lewis,70
Lincoln,99
Linn,
Livingston,70
McDonald,139
Macon,71
Madison,49
Maries,105
Marion,75
Mercer,
Miller,43
Mississippi,421
Moniteau,121
Monroe,274
Montgomery,51
Morgan,
New Madrid,101
Newton,20
Nodaway,55
Oregon,100
Osage,
Ozark,
Pemiscot,172
Perry,31
Pettis,57
Phelps,34
Pike,83
Platte,129
Polk,79
Pulaski,91
Putnam,0
Ralls,
Randolph,85
Ray,31
Reynolds,
Ripley,43
St. Charles,99
St. Clair,
Ste. Genevieve,291
St. Francois,110
St. Louis,270
Saline,57
Schuyler,0
Scotland,
Scott,90
Shannon,
Shelby,
Stoddard,32
Stone,82
Sullivan,
Taney,96
Texas,45
Vernon,82
Warren,46
Washington,115
Wayne,53
Webster,88
Worth,0
Wright,33
St. Louis City,1117
Beaverhead,
Big Horn,110
Blaine,
Broadwater,0
Carbon,54
Carter,0
Cascade,51
Chouteau,
Custer,
Daniels,0
Dawson,64
Deer Lodge,
Fallon,0
Fergus,
Flathead,48
Gallatin,54
Garfield,0
Glacier,
Golden Valley,
Granite,
Hill,
Jefferson,59
Judith Basin,0
Lake,73
Lewis and Clark,55
Liberty,
Lincoln,59
McCone,0
Madison,98
Meagher,0
Mineral,
Missoula,117
Musselshell,
Park,35
Petroleum,0
Phillips,0
Pondera,0
Powder River,0
Powell,114
Prairie,
Ravalli,41
Richland,
Roosevelt,
Rosebud,
Sanders,
Sheridan,
Silver Bow,71
Stillwater,87
Sweet Grass,0
Teton,
Toole,
Treasure,0
Valley,
Wheatland,0
Wibaux,0
Yellowstone,108
Adams,
Antelope,
Arthur,
Banner,
Blaine,
Boone,
Box Butte,
Boyd,
Brown,
Buffalo,
Burt,
Butler,
Cass,
Cedar,
Chase,
Cherry,
Cheyenne,
Clay,
Colfax,
Cuming,
Custer,
Dakota,
Dawes,
Dawson,
Deuel,
Dixon,
Dodge,
Douglas,
Dundy,
Fillmore,
Franklin,
Frontier,
Furnas,
Gage,
Garden,
Garfield,
Gosper,
Grant,
Greeley,
Hall,
Hamilton,
Harlan,
Hayes,
Hitchcock,
Holt,
Hooker,
Howard,
Jefferson,
Johnson,
Kearney,
Keith,
Keya Paha,
Kimball,
Knox,
Lancaster,
Lincoln,
Logan,
Loup,
McPherson,
Madison,
Merrick,
Morrill,
Nance,
Nemaha,
Nuckolls,
Otoe,
Pawnee,
Perkins,
Phelps,
Pierce,
Platte,
Polk,
Red Willow,
Richardson,
Rock,
Saline,
Sarpy,
Saunders,
Scotts Bluff,
Seward,
Sheridan,
Sherman,
Sioux,
Stanton,
Thayer,
Thomas,
Thurston,
Valley,
Washington,
Wayne,
Webster,
Wheeler,
York,
Churchill,159
Clark,429
Douglas,101
Elko,64
Esmeralda,
Eureka,
Humboldt,51
Lander,
Lincoln,
Lyon,109
Mineral,
Nye,159
Pershing,103
Storey,
Washoe,260
White Pine,180
Carson City,280
Belknap,81
Carroll,64
Cheshire,60
Coos,84
Grafton,74
Hillsborough,146
Merrimack,106
Rockingham,71
Strafford,93
Sullivan,72
Atlantic,539
Bergen,219
Burlington,224
Camden,384
Cape May,225
Cumberland,499
Essex,1393
Gloucester,148
Hudson,868
Hunterdon,162
Mercer,441
Middlesex,280
Monmouth,320
Morris,196
Ocean,135
Passaic,563
Salem,272
Somerset,210
Sussex,120
Union,546
Warren,111
Bernalillo,242
Catron,
Chaves,88
Cibola,418
Colfax,84
Curry,69
De Baca,
Dona Ana,212
Eddy,51
Grant,104
Guadalupe,
Harding,0
Hidalgo,
Lea,103
Lincoln,155
Los Alamos,
Luna,81
McKinley,191
Mora,
Otero,104
Quay,70
Rio Arriba,172
Roosevelt,44
Sandoval,130
San Juan,103
San Miguel,177
Santa Fe,338
Sierra,81
Socorro,120
Taos,157
Torrance,342
Union,139
Valencia,122
Albany,411
Allegany,79
Bronx,2235
Broome,247
Cattaraugus,134
Cayuga,270
Chautauqua,213
Chemung,267
Chenango,130
Clinton,281
Columbia,377
Cortland,159
Delaware,139
Dutchess,366
Erie,289
Essex,222
Franklin,562
Fulton,149
Genesee,148
Greene,502
Hamilton,
Herkimer,123
Jefferson,283
Kings,1209
Lewis,40
Livingston,238
Madison,77
Monroe,364
Montgomery,179
Nassau,252
New York,1879
Niagara,116
Oneida,312
Onondaga,289
Ontario,111
Orange,314
Orleans,677
Oswego,83
Otsego,100
Putnam,152
Queens,788
Rensselaer,228
Richmond,514
Rockland,259
St. Lawrence,278
Saratoga,118
Schenectady,324
Schoharie,119
Schuyler,
Seneca,304
Steuben,109
Suffolk,241
Sullivan,521
Tioga,77
Tompkins,163
Ulster,382
Warren,129
Washington,353
Wayne,150
Westchester,441
Wyoming,379
Yates,47
Alamance,
Alexander,
Alleghany,
Anson,
Ashe,
Avery,
Beaufort,
Bertie,
Bladen,
Brunswick,
Buncombe,
Burke,
Cabarrus,
Caldwell,
Camden,
Carteret,
Caswell,
Catawba,
Chatham,
Cherokee,
Chowan,
Clay,
Cleveland,
Columbus,
Craven,
Cumberland,
Currituck,
Dare,
Davidson,
Davie,
Duplin,
Durham,
Edgecombe,
Forsyth,
Franklin,
Gaston,
Gates,
Graham,
Granville,
Greene,
Guilford,
Halifax,
Harnett,
Haywood,
Henderson,
Hertford,
Hoke,
Hyde,
Iredell,
Jackson,
Johnston,
Jones,
Lee,
Lenoir,
Lincoln,
McDowell,
Macon,
Madison,
Martin,
Mecklenburg,635
Mitchell,
Montgomery,
Moore,
Nash,
New Hanover,
Northampton,
Onslow,
Orange,
Pamlico,
Pasquotank,
Pender,
Perquimans,
Person,
Pitt,
Polk,
Randolph,
Richmond,
Robeson,
Rockingham,
Rowan,
Rutherford,
Sampson,
Scotland,
Stanly,
Stokes,
Surry,
Swain,
Transylvania,
Tyrrell,
Union,
Vance,
Wake,370
Warren,
Washington,
Watauga,
Wayne,
Wilkes,
Wilson,
Yadkin,
Yancey,
Adams,0
Barnes,64
Benson,
Billings,0
Bottineau,
Bowman,
Burke,
Burleigh,71
Cass,95
Cavalier,
Dickey,0
Divide,
Dunn,166
Eddy,0
Emmons,0
Foster,
Golden Valley,0
Grand Forks,58
Grant,0
Griggs,0
Hettinger,0
Kidder,
LaMoure,
Logan,0
McHenry,
McIntosh,0
McKenzie,82
McLean,
Mercer,0
Morton,39
Mountrail,
Nelson,238
Oliver,0
Pembina,
Pierce,
Ramsey,
Ransom,0
Renville,0
Richland,36
Rolette,
Sargent,0
Sheridan,0
Sioux,0
Slope,0
Stark,40
Steele,0
Stutsman,39
Towner,0
Traill,
Walsh,
Ward,48
Wells,
Williams,55
Adams,77
Allen,197
Ashland,37
Ashtabula,118
Athens,77
Auglaize,55
Belmont,107
Brown,82
Butler,122
Carroll,38
Champaign,79
Clark,118
Clermont,79
Clinton,94
Columbiana,95
Coshocton,62
Crawford,64
Cuyahoga,424
Darke,79
Defiance,84
Delaware,86
Erie,110
Fairfield,127
Fayette,75
Franklin,443
Fulton,53
Gallia,63
Geauga,43
Greene,115
Guernsey,72
Hamilton,412
Hancock,64
Hardin,72
Harrison,
Henry,39
Highland,53
Hocking,99
Holmes,
Huron,70
Jackson,85
Jefferson,81
Knox,49
Lake,83
Lawrence,93
Licking,120
Logan,55
Lorain,159
Lucas,249
Madison,210
Mahoning,241
Marion,174
Medina,55
Meigs,35
Mercer,30
Miami,69
Monroe,41
Montgomery,303
Morgan,95
Morrow,58
Muskingum,90
Noble,215
Ottawa,31
Paulding,63
Perry,113
Pickaway,325
Pike,97
Portage,67
Preble,54
Putnam,36
Richland,143
Ross,137
Sandusky,86
Scioto,121
Seneca,38
Shelby,79
Stark,134
Summit,182
Trumbull,126
Tuscarawas,28
Union,157
Van Wert,42
Vinton,63
Warren,88
Washington,61
Wayne,76
Williams,80
Wood,62
Wyandot,27
Adair,55
Alfalfa,258
Atoka,77
Beaver,0
Beckham,158
Blaine,168
Bryan,127
Caddo,132
Canadian,118
Carter,88
Cherokee,71
Choctaw,170
Cimarron,
Cleveland,128
Coal,
Comanche,181
Cotton,
Craig,213
Creek,122
Custer,71
Delaware,77
Dewey,
Ellis,0
Garfield,103
Garvin,48
Grady,48
Grant,
Greer,217
Harmon,
Harper,
Haskell,76
Hughes,123
Jackson,53
Jefferson,96
Johnston,108
Kay,89
Kingfisher,95
Kiowa,
Latimer,78
Le Flore,135
Lincoln,93
Logan,86
Love,73
McClain,95
McCurtain,59
McIntosh,118
Major,
Marshall,51
Mayes,41
Murray,43
Muskogee,155
Noble,116
Nowata,103
Okfuskee,99
Oklahoma,338
Okmulgee,114
Osage,133
Ottawa,31
Pawnee,87
Payne,94
Pittsburg,107
Pontotoc,72
Pottawatomie,124
Pushmataha,
Roger Mills,
Rogers,85
Seminole,62
Sequoyah,126
Stephens,57
Texas,77
Tillman,
Tulsa,299
Wagoner,61
Washington,90
Washita,
Woods,90
Woodward,134
Baker,73
Benton,64
Clackamas,153
Clatsop,174
Columbia,117
Coos,110
Crook,67
Curry,69
Deschutes,77
Douglas,79
Gilliam,
Grant,
Harney,
Hood River,105
Jackson,136
Jefferson,130
Josephine,108
Klamath,50
Lake,73
Lane,121
Lincoln,116
Linn,96
Malheur,137
Marion,151
Morrow,89
Multnomah,460
Polk,92
Sherman,
Tillamook,110
Umatilla,84
Union,68
Wallowa,
Wasco,152
Washington,169
Wheeler,0
Yamhill,100
Adams,
Allegheny,
Armstrong,
Beaver,
Bedford,
Berks,
Blair,
Bradford,
Bucks,
Butler,
Cambria,
Cameron,
Carbon,
Centre,
Chester,
Clarion,
Clearfield,
Clinton,
Columbia,
Crawford,
Cumberland,
Dauphin,
Delaware,
Elk,
Erie,
Fayette,
Forest,
Franklin,
Fulton,
Greene,
Huntingdon,
Indiana,
Jefferson,
Juniata,
Lackawanna,
Lancaster,
Lawrence,
Lebanon,
Lehigh,
Luzerne,
Lycoming,
McKean,
Mercer,
Mifflin,
Monroe,
Montgomery,
Montour,
Northampton,
Northumberland,
Perry,
Philadelphia,
Pike,
Potter,
Schuylkill,
Snyder,
Somerset,
Sullivan,
Susquehanna,
Tioga,
Union,
Venango,
Warren,
Washington,
Wayne,
Westmoreland,
Wyoming,
York,
Bristol,75
Kent,88
Newport,137
Providence,323
Washington,46
Abbeville,284
Aiken,309
Allendale,636
Anderson,217
Bamberg,831
Barnwell,659
Beaufort,233
Berkeley,266
Calhoun,409
Charleston,528
Cherokee,194
Chester,314
Chesterfield,221
Clarendon,508
Colleton,478
Darlington,466
Dillon,524
Dorchester,231
Edgefield,534
Fairfield,476
Florence,652
Georgetown,416
Greenville,316
Greenwood,397
Hampton,819
Horry,308
Jasper,362
Kershaw,314
Lancaster,201
Laurens,294
Lee,736
Lexington,308
McCormick,321
Marion,594
Marlboro,509
Newberry,330
Oconee,122
Orangeburg,596
Pickens,122
Richland,817
Saluda,234
Spartanburg,279
Sumter,741
Union,221
Williamsburg,848
York,221
Aurora,
Beadle,34
Bennett,
Bon Homme,82
Brookings,24
Brown,28
Brule,
Buffalo,
Butte,
Campbell,
Charles Mix,
Clark,
Clay,74
Codington,26
Corson,
Custer,
Davison,48
Day,
Deuel,
Dewey,
Douglas,0
Edmunds,0
Fall River,
Faulk,0
Grant,
Gregory,
Haakon,
Hamlin,
Hand,
Hanson,
Harding,0
Hughes,55
Hutchinson,
Hyde,0
Jackson,
Jerauld,0
Jones,0
Kingsbury,0
Lake,
Lawrence,45
Lincoln,30
Lyman,
McCook,
McPherson,0
Marshall,
Meade,97
Mellette,
Miner,
Minnehaha,150
Moody,
Oglala Lakota,145
Pennington,79
Perkins,0
Potter,0
Roberts,0
Sanborn,0
Spink,
Stanley,0
Sully,0
Todd,71
Tripp,0
Turner,
Union,
Walworth,
Yankton,78
Ziebach,0
Anderson,122
Bedford,147
Benton,101
Bledsoe,69
Blount,115
Bradley,123
Campbell,70
Cannon,186
Carroll,97
Carter,97
Cheatham,158
Chester,55
Claiborne,62
Clay,
Cocke,119
Coffee,119
Crockett,99
Cumberland,76
Davidson,602
Decatur,100
DeKalb,213
Dickson,134
Dyer,108
Fayette,190
Fentress,71
Franklin,67
Gibson,162
Giles,169
Grainger,96
Greene,82
Grundy,115
Hamblen,107
Hamilton,313
Hancock,
Hardeman,205
Hardin,145
Hawkins,66
Haywood,656
Henderson,90
Henry,90
Hickman,167
Houston,
Humphreys,83
Jackson,118
Jefferson,111
Johnson,121
Knox,227
Lake,341
Lauderdale,265
Lawrence,96
Lewis,79
Lincoln,138
Loudon,118
McMinn,95
McNairy,100
Macon,41
Madison,297
Marion,91
Marshall,138
Maury,181
Meigs,166
Monroe,95
Montgomery,181
Moore,
Morgan,101
Obion,131
Overton,107
Perry,120
Pickett,
Polk,89
Putnam,153
Rhea,114
Roane,86
Robertson,180
Rutherford,214
Scott,33
Sequatchie,127
Sevier,103
Shelby,780
Smith,110
Stewart,
Sullivan,107
Sumner,137
Tipton,164
Trousdale,197
Unicoi,84
Union,55
Van Buren,141
Warren,107
Washington,211
Wayne,109
Weakley,65
White,103
Williamson,77
Wilson,149
Anderson,674
Andrews,94
Angelina,201
Aransas,141
Archer,
Armstrong,0
Atascosa,128
Austin,216
Bailey,
Bandera,120
Bastrop,221
Baylor,
Bee,620
Bell,248
Bexar,376
Blanco,131
Borden,1070
Bosque,104
Bowie,378
Brazoria,260
Brazos,204
Brewster,
Briscoe,
Brooks,192
Brown,140
Burleson,187
Burnet,139
Caldwell,254
Calhoun,88
Callahan,43
Cameron,256
Camp,203
Carson,
Cass,170
Castro,
Chambers,104
Cherokee,265
Childress,165
Clay,68
Cochran,
Coke,
Coleman,69
Collin,218
Collingsworth,0
Colorado,182
Comal,145
Comanche,79
Concho,592
Cooke,70
Coryell,422
Cottle,
Crane,
Crockett,
Crosby,105
Culberson,
Dallam,143
Dallas,807
Dawson,95
Deaf Smith,89
Delta,139
Denton,184
DeWitt,46
Dickens,0
Dimmit,
Donley,
Duval,236
Eastland,70
Ector,188
Edwards,
Ellis,197
El Paso,307
Erath,53
Falls,266
Fannin,197
Fayette,102
Fisher,
Floyd,126
Foard,
Fort Bend,238
Franklin,147
Freestone,443
Frio,579
Gaines,53
Galveston,354
Garza,724
Gillespie,61
Glasscock,
Goliad,
Gonzales,101
Gray,118
Grayson,167
Gregg,460
Grimes,440
Guadalupe,109
Hale,76
Hall,
Hamilton,100
Hansford,0
Hardeman,
Hardin,118
Harris,653
Harrison,170
Hartley,0
Haskell,339
Hays,179
Hemphill,
Henderson,162
Hidalgo,197
Hill,112
Hockley,74
Hood,104
Hopkins,151
Houston,701
Howard,452
Hudspeth,
Hunt,134
Hutchinson,102
Irion,378
Jack,161
Jackson,132
Jasper,133
Jeff Davis,
Jefferson,599
Jim Hogg,122
Jim Wells,82
Johnson,172
Jones,188
Karnes,262
Kaufman,202
Kendall,130
Kenedy,
Kent,
Kerr,119
Kimble,0
King,
Kinney,252
Kleberg,108
Knox,
Lamar,156
Lamb,189
Lampasas,69
La Salle,138
Lavaca,102
Lee,139
Leon,180
Liberty,396
Limestone,137
Lipscomb,0
Live Oak,106
Llano,141
Loving,
Lubbock,176
Lynn,107
McCulloch,132
McLennan,208
McMullen,0
Madison,342
Marion,216
Martin,
Mason,
Matagorda,205
Maverick,172
Medina,150
Menard,0
Midland,135
Milam,196
Mills,0
Mitchell,
Montague,86
Montgomery,172
Moore,107
Morris,182
Motley,
Nacogdoches,185
Navarro,227
Newton,65
Nolan,157
Nueces,205
Ochiltree,63
Oldham,0
Orange,181
Palo Pinto,115
Panola,148
Parker,92
Parmer,77
Pecos,92
Polk,420
Potter,274
Presidio,86
Rains,112
Randall,117
Reagan,
Real,
Red River,161
Reeves,810
Refugio,0
Roberts,0
Robertson,164
Rockwall,114
Runnels,93
Rusk,385
Sabine,110
San Augustine,112
San Jacinto,161
San Patricio,92
San Saba,139
Schleicher,
Scurry,70
Shackelford,
Shelby,186
Sherman,
Smith,220
Somervell,82
Starr,74
Stephens,176
Sterling,0
Stonewall,0
Sutton,
Swisher,98
Tarrant,320
Taylor,208
Terrell,
Terry,136
Throckmorton,0
Titus,143
Tom Green,111
Travis,459
Trinity,200
Tyler,226
Upshur,114
Upton,
Uvalde,96
Val Verde,113
Van Zandt,98
Victoria,165
Walker,1108
Waller,150
Ward,87
Washington,163
Webb,215
Wharton,209
Wheeler,
Wichita,122
Wilbarger,
Willacy,602
Williamson,157
Wilson,109
Winkler,147
Wise,111
Wood,174
Yoakum,76
Young,40
Zapata,92
Zavala,84
Beaver,0
Box Elder,46
Cache,43
Carbon,66
Daggett,0
Davis,69
Duchesne,46
Emery,0
Garfield,
Grand,111
Iron,35
Juab,60
Kane,
Millard,71
Morgan,
Piute,0
Rich,
Salt Lake,212
San Juan,
Sanpete,37
Sevier,42
Summit,62
Tooele,55
Uintah,48
Utah,40
Wasatch,21
Washington,69
Wayne,
Weber,80
Addison,95
Bennington,154
Caledonia,84
Chittenden,147
Essex,238
Franklin,70
Grand Isle,115
Lamoille,69
Orange,103
Orleans,112
Rutland,104
Washington,69
Windham,175
Windsor,145
Accomack,337
Albemarle,156
Alleghany,156
Amelia,128
Amherst,143
Appomattox,182
Arlington,439
Augusta,94
Bath,
Bedford,81
Bland,156
Botetourt,86
Brunswick,440
Buchanan,87
Buckingham,452
Campbell,117
Caroline,245
Carroll,65
Charles City,255
Charlotte,145
Chesterfield,209
Clarke,154
Craig,
Culpeper,220
Cumberland,214
Dickenson,
Dinwiddie,149
Essex,188
Fairfax,231
Fauquier,121
Floyd,103
Fluvanna,147
Franklin,121
Frederick,112
Giles,89
Gloucester,128
Goochland,324
Grayson,85
Greene,75
Greensville,914
Halifax,267
Hanover,125
Henrico,292
Henry,103
Highland,
Isle of Wight,213
James City,84
King and Queen,227
King George,169
King William,87
Lancaster,291
Lee,81
Loudoun,106
Louisa,109
Lunenburg,272
Madison,97
Mathews,152
Mecklenburg,280
Middlesex,167
Montgomery,65
Nelson,138
New Kent,143
Northampton,224
Northumberland,164
Nottoway,516
Orange,139
Page,69
Patrick,64
Pittsylvania,145
Powhatan,302
Prince Edward,221
Prince George,305
Prince William,227
Pulaski,70
Rappahannock,77
Richmond,387
Roanoke,117
Rockbridge,51
Rockingham,83
Russell,46
Scott,51
Shenandoah,74
Smyth,119
Southampton,268
Spotsylvania,133
Stafford,151
Surry,259
Sussex,543
Tazewell,66
Warren,127
Washington,91
Westmoreland,164
Wise,89
Wythe,108
York,86
Alexandria City,646
Bristol City,34
Buena Vista City,
Charlottesville City,329
Chesapeake City,226
Colonial Heights City,74
Covington City,247
Danville City,372
Emporia City,133
Fairfax City,380
Falls Church City,211
Franklin City,279
Fredericksburg City,281
Galax City,108
Hampton City,432
Harrisonburg City,131
Hopewell City,311
Lexington City,105
Lynchburg City,257
Manassas City,247
Manassas Park City,144
Martinsville City,242
Newport News City,455
Norfolk City,687
Norton City,0
Petersburg City,529
Poquoson City,58
Portsmouth City,611
Radford City,69
Richmond City,535
Roanoke City,449
Salem City,117
Staunton City,191
Suffolk City,231
Virginia Beach City,218
Waynesboro City,183
Williamsburg City,204
Winchester City,278
Adams,106
Asotin,94
Benton,65
Chelan,84
Clallam,106
Clark,170
Columbia,257
Cowlitz,139
Douglas,35
Ferry,
Franklin,102
Garfield,
Grant,53
Grays Harbor,128
Island,119
Jefferson,113
King,370
Kitsap,133
Kittitas,73
Klickitat,70
Lewis,80
Lincoln,90
Mason,147
Okanogan,72
Pacific,170
Pend Oreille,87
Pierce,195
San Juan,141
Skagit,90
Skamania,49
Snohomish,154
Spokane,133
Stevens,50
Thurston,118
Wahkiakum,
Walla Walla,110
Whatcom,108
Whitman,60
Yakima,123
Barbour,83
Berkeley,153
Boone,51
Braxton,57
Brooke,35
Cabell,179
Calhoun,
Clay,0
Doddridge,78
Fayette,96
Gilmer,232
Grant,89
Greenbrier,111
Hampshire,74
Hancock,27
Hardy,76
Harrison,79
Jackson,36
Jefferson,100
Kanawha,192
Lewis,
Lincoln,0
Logan,31
McDowell,86
Marion,53
Marshall,58
Mason,30
Mercer,74
Mineral,38
Mingo,53
Monongalia,103
Monroe,250
Morgan,38
Nicholas,32
Ohio,103
Pendleton,98
Pleasants,214
Pocahontas,
Preston,86
Putnam,69
Raleigh,174
Randolph,83
Ritchie,
Roane,
Summers,122
Taylor,48
Tucker,
Tyler,90
Upshur,33
Wayne,40
Webster,81
Wetzel,37
Wirt,
Wood,71
Wyoming,32
Adams,116
Ashland,60
Barron,75
Bayfield,38
Brown,97
Buffalo,
Burnett,75
Calumet,36
Chippewa,41
Clark,40
Columbia,66
Crawford,78
Dane,148
Dodge,126
Door,45
Douglas,45
Dunn,39
Eau Claire,39
Florence,0
Fond du Lac,64
Forest,
Grant,29
Green,22
Green Lake,69
Iowa,25
Iron,
Jackson,63
Jefferson,37
Juneau,88
Kenosha,147
Kewaunee,46
La Crosse,100
Lafayette,
Langlade,
Lincoln,24
Manitowoc,48
Marathon,53
Marinette,54
Marquette,99
Menominee,147
Milwaukee,365
Monroe,40
Oconto,24
Oneida,35
Outagamie,69
Ozaukee,38
Pepin,
Pierce,34
Polk,27
Portage,46
Price,
Racine,139
Richland,
Rock,103
Rusk,74
St. Croix,20
Sauk,60
Sawyer,35
Shawano,46
Sheboygan,70
Taylor,
Trempealeau,32
Vernon,36
Vilas,
Walworth,53
Washburn,51
Washington,38
Waukesha,44
Waupaca,52
Waushara,57
Winnebago,67
Wood,46
Albany,48
Big Horn,51
Campbell,56
Carbon,53
Converse,
Crook,0
Fremont,73
Goshen,70
Hot Springs,
Johnson,
Laramie,107
Lincoln,58
Natrona,72
Niobrara,0
Park,20
Platte,
Sheridan,27
Sublette,
Sweetwater,73
Teton,65
Uinta,30
Washakie,0
Weston,
