County_Name,homicide_rate
Autauga,4
Baldwin,3
Barbour,7
Bibb,8
Blount,6
Bullock,
Butler,19
Calhoun,9
Chambers,10
Cherokee,8
Chilton,6
Choctaw,
Clarke,
Clay,
Cleburne,
Coffee,3
Colbert,4
Conecuh,11
Coosa,
Covington,3
Crenshaw,
Cullman,3
Dale,7
Dallas,34
DeKalb,4
Elmore,8
Escambia,10
Etowah,5
Fayette,
Franklin,4
Geneva,5
Greene,
Hale,11
Henry,8
Houston,6
Jackson,4
Jefferson,18
Lamar,
Lauderdale,5
Lawrence,5
Lee,8
Limestone,5
Lowndes,19
Macon,33
Madison,7
Marengo,10
Marion,4
Marshall,3
Mobile,14
Monroe,11
Montgomery,19
Morgan,6
Perry,
Pickens,
Pike,10
Randolph,
Russell,12
St. Clair,5
Shelby,2
Sumter,15
Talladega,10
Tallapoosa,7
Tuscaloosa,6
Walker,8
Washington,8
Wilcox,18
Winston,7
Aleutians East,
Aleutians West,
Anchorage,8
Bethel,11
Bristol Bay,
Denali,
Dillingham,
Fairbanks North Star,7
Haines,
Hoonah-Angoon,
Juneau,
Kenai Peninsula,2
Ketchikan Gateway,
Kodiak Island,
Kusilvak,24
Lake and Peninsula,
Matanuska-Susitna,5
Nome,
North Slope,
Northwest Arctic,
Petersburg,
Prince of Wales-Hyder,
Sitka,
Skagway,
Southeast Fairbanks,
Valdez-Cordova,
Wrangell,
Yakutat,
Yukon-Koyukuk,
Apache,14
Cochise,3
Coconino,6
Gila,7
Graham,4
Greenlee,
La Paz,13
Maricopa,5
Mohave,5
Navajo,10
Pima,5
Pinal,5
Santa Cruz,3
Yavapai,3
Yuma,3
Arkansas,10
Ashley,8
Baxter,3
Benton,1
Boone,4
Bradley,
Calhoun,
Carroll,
Chicot,
Clark,6
Clay,
Cleburne,6
Cleveland,
Columbia,5
Conway,
Craighead,5
Crawford,5
Crittenden,19
Cross,8
Dallas,
Desha,13
Drew,13
Faulkner,5
Franklin,
Fulton,
Garland,9
Grant,
Greene,6
Hempstead,9
Hot Spring,7
Howard,
Independence,4
Izard,
Jackson,9
Jefferson,26
Johnson,5
Lafayette,
Lawrence,
Lee,16
Lincoln,
Little River,
Logan,
Lonoke,4
Madison,
Marion,
Miller,8
Mississippi,19
Monroe,
Montgomery,
Nevada,
Newton,
Ouachita,7
Perry,
Phillips,32
Pike,
Poinsett,6
Polk,
Pope,5
Prairie,
Pulaski,15
Randolph,
St. Francis,20
Saline,3
Scott,
Searcy,
Sebastian,5
Sevier,
Sharp,
Stone,
Union,11
Van Buren,
Washington,2
White,3
Woodruff,
Yell,9
Alameda,6
Alpine,
Amador,5
Butte,3
Calaveras,4
Colusa,
Contra Costa,5
Del Norte,8
El Dorado,2
Fresno,7
Glenn,5
Humboldt,7
Imperial,3
Inyo,
Kern,9
Kings,5
Lake,12
Lassen,5
Los Angeles,5
Madera,5
Marin,1
Mariposa,
Mendocino,4
Merced,8
Modoc,
Mono,
Monterey,10
Napa,1
Nevada,1
Orange,1
Placer,1
Plumas,
Riverside,4
Sacramento,6
San Benito,3
San Bernardino,6
San Diego,2
San Francisco,4
San Joaquin,9
San Luis Obispo,1
San Mateo,2
Santa Barbara,2
Santa Clara,2
Santa Cruz,3
Shasta,5
Sierra,
Siskiyou,7
Solano,7
Sonoma,1
Stanislaus,5
Sutter,4
Tehama,5
Trinity,13
Tulare,8
Tuolumne,
Ventura,3
Yolo,2
Yuba,7
Adams,5
Alamosa,
Arapahoe,4
Archuleta,
Baca,
Bent,
Boulder,1
Broomfield,3
Chaffee,
Cheyenne,
Clear Creek,
Conejos,
Costilla,
Crowley,
Custer,
Delta,
Denver,6
Dolores,
Douglas,0
Eagle,
Elbert,
El Paso,5
Fremont,4
Garfield,3
Gilpin,
Grand,
Gunnison,
Hinsdale,
Huerfano,
Jackson,
Jefferson,2
Kiowa,
Kit Carson,
Lake,
La Plata,3
Larimer,1
Las Animas,
Lincoln,
Logan,
Mesa,4
Mineral,
Moffat,
Montezuma,
Montrose,
Morgan,
Otero,
Ouray,
Park,
Phillips,
Pitkin,
Prowers,
Pueblo,7
Rio Blanco,
Rio Grande,
Routt,
Saguache,
San Juan,
San Miguel,
Sedgwick,
Summit,
Teller,
Washington,
Weld,2
Yuma,
Fairfield,2
Hartford,3
Litchfield,1
Middlesex,1
New Haven,3
New London,2
Tolland,1
Windham,1
Kent,5
New Castle,8
Sussex,2
District of Columbia,16
Alachua,4
Baker,
Bay,6
Bradford,5
Brevard,5
Broward,5
Calhoun,
Charlotte,1
Citrus,4
Clay,3
Collier,2
Columbia,9
DeSoto,5
Dixie,8
Duval,12
Escambia,7
Flagler,3
Franklin,
Gadsden,9
Gilchrist,11
Glades,
Gulf,
Hamilton,10
Hardee,
Hendry,8
Hernando,4
Highlands,5
Hillsborough,5
Holmes,
Indian River,4
Jackson,7
Jefferson,
Lafayette,
Lake,4
Lee,5
Leon,5
Levy,6
Liberty,
Madison,7
Manatee,6
Marion,6
Martin,2
Miami-Dade,8
Monroe,4
Nassau,5
Okaloosa,4
Okeechobee,4
Orange,7
Osceola,4
Palm Beach,6
Pasco,3
Pinellas,4
Polk,4
Putnam,9
St. Johns,2
St. Lucie,5
Santa Rosa,3
Sarasota,3
Seminole,3
Sumter,2
Suwannee,4
Taylor,8
Union,12
Volusia,4
Wakulla,4
Walton,2
Washington,9
Appling,
Atkinson,
Bacon,
Baker,
Baldwin,9
Banks,
Barrow,3
Bartow,4
Ben Hill,
Berrien,
Bibb,14
Bleckley,
Brantley,
Brooks,
Bryan,4
Bulloch,4
Burke,10
Butts,
Calhoun,
Camden,
Candler,
Carroll,4
Catoosa,
Charlton,
Chatham,13
Chattahoochee,
Chattooga,
Cherokee,2
Clarke,4
Clay,
Clayton,14
Clinch,
Cobb,4
Coffee,8
Colquitt,11
Columbia,2
Cook,9
Coweta,2
Crawford,
Crisp,12
Dade,
Dawson,
Decatur,6
DeKalb,11
Dodge,7
Dooly,
Dougherty,12
Douglas,4
Early,
Echols,
Effingham,2
Elbert,
Emanuel,10
Evans,
Fannin,
Fayette,3
Floyd,6
Forsyth,1
Franklin,8
Fulton,11
Gilmer,
Glascock,
Glynn,8
Gordon,4
Grady,8
Greene,
Gwinnett,4
Habersham,3
Hall,3
Hancock,
Haralson,5
Harris,
Hart,
Heard,
Henry,6
Houston,5
Irwin,
Jackson,2
Jasper,
Jeff Davis,
Jefferson,
Jenkins,
Johnson,
Jones,
Lamar,
Lanier,
Laurens,9
Lee,
Liberty,9
Lincoln,
Long,
Lowndes,6
Lumpkin,
McDuffie,13
McIntosh,
Macon,14
Madison,
Marion,
Meriwether,8
Miller,
Mitchell,8
Monroe,
Montgomery,
Morgan,
Murray,
Muscogee,12
Newton,9
Oconee,
Oglethorpe,
Paulding,3
Peach,
Pickens,
Pierce,7
Pike,
Polk,5
Pulaski,
Putnam,
Quitman,
Rabun,
Randolph,
Richmond,13
Rockdale,6
Schley,
Screven,
Seminole,
Spalding,7
Stephens,6
Stewart,
Sumter,9
Talbot,
Taliaferro,
Tattnall,5
Taylor,
Telfair,
Terrell,
Thomas,
Tift,8
Toombs,8
Towns,
Treutlen,
Troup,9
Turner,
Twiggs,
Union,6
Upson,
Walker,4
Walton,4
Ware,9
Warren,
Washington,8
Wayne,8
Webster,
Wheeler,
White,
Whitfield,2
Wilcox,
Wilkes,
Wilkinson,
Worth,
Hawaii,3
Honolulu,2
Kalawao,
Kauai,
Maui,1
Ada,1
Adams,
Bannock,2
Bear Lake,
Benewah,
Bingham,3
Blaine,
Boise,
Bonner,
Bonneville,1
Boundary,
Butte,
Camas,
Canyon,2
Caribou,
Cassia,
Clark,
Clearwater,
Custer,
Elmore,
Franklin,
Fremont,
Gem,
Gooding,
Idaho,
Jefferson,
Jerome,
Kootenai,2
Latah,
Lemhi,
Lewis,
Lincoln,
Madison,
Minidoka,
Nez Perce,
Oneida,
Owyhee,
Payette,
Power,
Shoshone,
Teton,
Twin Falls,3
Valley,
Washington,
Adams,3
Alexander,
Bond,
Boone,
Brown,
Bureau,
Calhoun,
Carroll,
Cass,
Champaign,3
Christian,
Clark,
Clay,
Clinton,
Coles,2
Cook,12
Crawford,
Cumberland,
DeKalb,1
De Witt,
Douglas,
DuPage,1
Edgar,
Edwards,
Effingham,4
Fayette,
Ford,
Franklin,
Fulton,
Gallatin,
Greene,
Grundy,
Hamilton,
Hancock,
Hardin,
Henderson,
Henry,
Iroquois,
Jackson,
Jasper,
Jefferson,4
Jersey,
Jo Daviess,
Johnson,
Kane,2
Kankakee,7
Kendall,2
Knox,2
Lake,2
LaSalle,1
Lawrence,
Lee,
Livingston,
Logan,
McDonough,
McHenry,1
McLean,2
Macon,5
Macoupin,
Madison,3
Marion,3
Marshall,
Mason,
Massac,
Menard,
Mercer,
Monroe,
Montgomery,
Morgan,
Moultrie,
Ogle,
Peoria,8
Perry,
Piatt,
Pike,
Pope,
Pulaski,
Putnam,
Randolph,5
Richland,
Rock Island,5
St. Clair,14
Saline,
Sangamon,5
Schuyler,
Scott,
Shelby,
Stark,
Stephenson,3
Tazewell,1
Union,
Vermilion,8
Wabash,
Warren,
Washington,
Wayne,
White,
Whiteside,
Will,3
Williamson,2
Winnebago,8
Woodford,
Adams,
Allen,9
Bartholomew,2
Benton,
Blackford,
Boone,2
Brown,
Carroll,
Cass,
Clark,4
Clay,
Clinton,
Crawford,
Daviess,
Dearborn,
Decatur,
DeKalb,
Delaware,4
Dubois,
Elkhart,4
Fayette,
Floyd,3
Fountain,
Franklin,
Fulton,
Gibson,
Grant,4
Greene,4
Hamilton,1
Hancock,2
Harrison,
Hendricks,1
Henry,3
Howard,4
Huntington,
Jackson,
Jasper,
Jay,
Jefferson,
Jennings,
Johnson,2
Knox,3
Kosciusko,1
LaGrange,
Lake,15
LaPorte,4
Lawrence,
Madison,4
Marion,15
Marshall,
Martin,
Miami,
Monroe,2
Montgomery,
Morgan,2
Newton,
Noble,
Ohio,
Orange,
Owen,
Parke,
Perry,
Pike,
Porter,2
Posey,
Pulaski,
Putnam,
Randolph,
Ripley,
Rush,
St. Joseph,7
Scott,
Shelby,
Spencer,
Starke,
Steuben,
Sullivan,
Switzerland,
Tippecanoe,2
Tipton,
Union,
Vanderburgh,5
Vermillion,
Vigo,5
Wabash,
Warren,
Warrick,2
Washington,5
Wayne,5
Wells,
White,
Whitley,
Adair,
Adams,
Allamakee,
Appanoose,
Audubon,
Benton,
Black Hawk,4
Boone,
Bremer,
Buchanan,
Buena Vista,
Butler,
Calhoun,
Carroll,
Cass,
Cedar,
Cerro Gordo,3
Cherokee,
Chickasaw,
Clarke,
Clay,
Clayton,
Clinton,
Crawford,
Dallas,
Davis,
Decatur,
Delaware,
Des Moines,5
Dickinson,
Dubuque,1
Emmet,
Fayette,
Floyd,
Franklin,
Fremont,
Greene,
Grundy,
Guthrie,
Hamilton,
Hancock,
Hardin,
Harrison,
Henry,
Howard,
Humboldt,
Ida,
Iowa,
Jackson,
Jasper,
Jefferson,
Johnson,1
Jones,
Keokuk,
Kossuth,
Lee,
Linn,2
Louisa,
Lucas,
Lyon,
Madison,
Mahaska,
Marion,
Marshall,
Mills,
Mitchell,
Monona,
Monroe,
Montgomery,
Muscatine,
O'Brien,
Osceola,
Page,
Palo Alto,
Plymouth,
Pocahontas,
Polk,3
Pottawattamie,4
Poweshiek,
Ringgold,
Sac,
Scott,3
Shelby,
Sioux,
Story,1
Tama,
Taylor,
Union,
Van Buren,
Wapello,4
Warren,
Washington,
Wayne,
Webster,3
Winnebago,
Winneshiek,
Woodbury,2
Worth,
Wright,
Allen,
Anderson,
Atchison,
Barber,
Barton,
Bourbon,
Brown,
Butler,
Chase,
Chautauqua,
Cherokee,
Cheyenne,
Clark,
Clay,
Cloud,
Coffey,
Comanche,
Cowley,
Crawford,
Decatur,
Dickinson,
Doniphan,
Douglas,2
Edwards,
Elk,
Ellis,
Ellsworth,
Finney,
Ford,4
Franklin,
Geary,4
Gove,
Graham,
Grant,
Gray,
Greeley,
Greenwood,
Hamilton,
Harper,
Harvey,4
Haskell,
Hodgeman,
Jackson,
Jefferson,
Jewell,
Johnson,2
Kearny,
Kingman,
Kiowa,
Labette,
Lane,
Leavenworth,3
Lincoln,
Linn,
Logan,
Lyon,
McPherson,
Marion,
Marshall,
Meade,
Miami,
Mitchell,
Montgomery,5
Morris,
Morton,
Nemaha,
Neosho,
Ness,
Norton,
Osage,
Osborne,
Ottawa,
Pawnee,
Phillips,
Pottawatomie,
Pratt,
Rawlins,
Reno,2
Republic,
Rice,
Riley,2
Rooks,
Rush,
Russell,
Saline,4
Scott,
Sedgwick,6
Seward,
Shawnee,9
Sheridan,
Sherman,
Smith,
Stafford,
Stanton,
Stevens,
Sumner,
Thomas,
Trego,
Wabaunsee,
Wallace,
Washington,
Wichita,
Wilson,
Woodson,
Wyandotte,18
Adair,
Allen,7
Anderson,
Ballard,
Barren,
Bath,
Bell,
Boone,1
Bourbon,
Boyd,3
Boyle,
Bracken,
Breathitt,
Breckinridge,
Bullitt,3
Butler,
Caldwell,
Calloway,4
Campbell,1
Carlisle,
Carroll,
Carter,
Casey,
Christian,8
Clark,4
Clay,12
Clinton,
Crittenden,
Cumberland,
Daviess,1
Edmonson,
Elliott,
Estill,
Fayette,6
Fleming,
Floyd,6
Franklin,5
Fulton,
Gallatin,
Garrard,
Grant,
Graves,8
Grayson,
Green,
Greenup,
Hancock,
Hardin,5
Harlan,
Harrison,
Hart,
Henderson,3
Henry,
Hickman,
Hopkins,
Jackson,
Jefferson,11
Jessamine,3
Johnson,6
Kenton,3
Knott,
Knox,8
Larue,
Laurel,6
Lawrence,
Lee,
Leslie,
Letcher,6
Lewis,
Lincoln,7
Livingston,
Logan,
Lyon,
McCracken,4
McCreary,
McLean,
Madison,4
Magoffin,
Marion,
Marshall,
Martin,
Mason,
Meade,5
Menifee,
Mercer,
Metcalfe,
Monroe,
Montgomery,
Morgan,
Muhlenberg,
Nelson,4
Nicholas,
Ohio,
Oldham,
Owen,
Owsley,
Pendleton,
Perry,9
Pike,4
Powell,11
Pulaski,4
Robertson,
Rockcastle,
Rowan,
Russell,
Scott,
Shelby,3
Simpson,
Spencer,
Taylor,6
Todd,
Trigg,
Trimble,
Union,
Warren,4
Washington,
Wayne,
Webster,
Whitley,7
Wolfe,
Woodford,
Acadia,10
Allen,5
Ascension,6
Assumption,
Avoyelles,6
Beauregard,6
Bienville,
Bossier,5
Caddo,15
Calcasieu,6
Caldwell,
Cameron,
Catahoula,
Claiborne,
Concordia,14
De Soto,6
East Baton Rouge,19
East Carroll,
East Feliciana,15
Evangeline,6
Franklin,
Grant,
Iberia,9
Iberville,9
Jackson,
Jefferson,12
Jefferson Davis,12
Lafayette,7
Lafourche,6
La Salle,
Lincoln,5
Livingston,6
Madison,19
Morehouse,15
Natchitoches,12
Orleans,36
Ouachita,11
Plaquemines,
Pointe Coupee,9
Rapides,12
Red River,
Richland,
Sabine,6
St. Bernard,9
St. Charles,7
St. Helena,13
St. James,11
St. John the Baptist,25
St. Landry,10
St. Martin,13
St. Mary,9
St. Tammany,4
Tangipahoa,10
Tensas,
Terrebonne,8
Union,
Vermilion,6
Vernon,7
Washington,7
Webster,4
West Baton Rouge,8
West Carroll,
West Feliciana,
Winn,
Androscoggin,1
Aroostook,2
Cumberland,0
Franklin,
Hancock,
Kennebec,2
Knox,
Lincoln,
Oxford,
Penobscot,2
Piscataquis,
Sagadahoc,
Somerset,3
Waldo,
Washington,
York,1
Allegany,3
Anne Arundel,3
Baltimore,7
Calvert,2
Caroline,
Carroll,1
Cecil,4
Charles,5
Dorchester,6
Frederick,2
Garrett,
Harford,3
Howard,1
Kent,
Montgomery,2
Prince George's,9
Queen Anne's,
St. Mary's,2
Somerset,
Talbot,
Washington,4
Wicomico,6
Worcester,
Baltimore City,39
Barnstable,0
Berkshire,1
Bristol,1
Dukes,
Essex,1
Franklin,
Hampden,4
Hampshire,
Middlesex,0
Nantucket,
Norfolk,1
Plymouth,1
Suffolk,6
Worcester,1
Alcona,
Alger,
Allegan,1
Alpena,
Antrim,
Arenac,
Baraga,
Barry,2
Bay,2
Benzie,
Berrien,4
Branch,
Calhoun,5
Cass,
Charlevoix,
Cheboygan,
Chippewa,
Clare,
Clinton,
Crawford,
Delta,
Dickinson,
Eaton,1
Emmet,
Genesee,12
Gladwin,
Gogebic,
Grand Traverse,
Gratiot,
Hillsdale,
Houghton,
Huron,
Ingham,4
Ionia,2
Iosco,
Iron,
Isabella,
Jackson,4
Kalamazoo,4
Kalkaska,
Kent,3
Keweenaw,
Lake,
Lapeer,
Leelanau,
Lenawee,2
Livingston,0
Luce,
Mackinac,
Macomb,4
Manistee,
Marquette,
Mason,
Mecosta,
Menominee,
Midland,
Missaukee,
Monroe,1
Montcalm,
Montmorency,
Muskegon,6
Newaygo,
Oakland,3
Oceana,
Ogemaw,
Ontonagon,
Osceola,
Oscoda,
Otsego,
Ottawa,1
Presque Isle,
Roscommon,
Saginaw,11
St. Clair,2
St. Joseph,
Sanilac,
Schoolcraft,
Shiawassee,
Tuscola,
Van Buren,2
Washtenaw,2
Wayne,18
Wexford,
Aitkin,
Anoka,1
Becker,
Beltrami,4
Benton,
Big Stone,
Blue Earth,
Brown,
Carlton,
Carver,
Cass,
Chippewa,
Chisago,
Clay,
Clearwater,
Cook,
Cottonwood,
Crow Wing,
Dakota,1
Dodge,
Douglas,
Faribault,
Fillmore,
Freeborn,
Goodhue,
Grant,
Hennepin,3
Houston,
Hubbard,
Isanti,
Itasca,
Jackson,
Kanabec,
Kandiyohi,
Kittson,
Koochiching,
Lac qui Parle,
Lake,
Lake of the Woods,
Le Sueur,
Lincoln,
Lyon,
McLeod,
Mahnomen,
Marshall,
Martin,
Meeker,
Mille Lacs,
Morrison,
Mower,
Murray,
Nicollet,
Nobles,
Norman,
Olmsted,1
Otter Tail,
Pennington,
Pine,
Pipestone,
Polk,
Pope,
Ramsey,3
Red Lake,
Redwood,
Renville,
Rice,
Rock,
Roseau,
St. Louis,1
Scott,1
Sherburne,
Sibley,
Stearns,1
Steele,
Stevens,
Swift,
Todd,
Traverse,
Wabasha,
Wadena,
Waseca,
Washington,1
Watonwan,
Wilkin,
Winona,
Wright,
Yellow Medicine,
Adams,18
Alcorn,11
Amite,11
Attala,9
Benton,
Bolivar,16
Calhoun,
Carroll,
Chickasaw,10
Choctaw,
Claiborne,17
Clarke,8
Clay,
Coahoma,32
Copiah,8
Covington,13
DeSoto,5
Forrest,9
Franklin,
George,7
Greene,
Grenada,22
Hancock,7
Harrison,6
Hinds,26
Holmes,32
Humphreys,
Issaquena,
Itawamba,
Jackson,5
Jasper,
Jefferson,
Jefferson Davis,23
Jones,6
Kemper,
Lafayette,4
Lamar,5
Lauderdale,15
Lawrence,12
Leake,12
Lee,7
Leflore,18
Lincoln,17
Lowndes,6
Madison,7
Marion,12
Marshall,11
Monroe,6
Montgomery,26
Neshoba,10
Newton,9
Noxubee,14
Oktibbeha,4
Panola,16
Pearl River,4
Perry,
Pike,13
Pontotoc,
Prentiss,
Quitman,
Rankin,4
Scott,12
Sharkey,
Simpson,5
Smith,10
Stone,
Sunflower,20
Tallahatchie,10
Tate,6
Tippah,11
Tishomingo,
Tunica,20
Union,
Walthall,13
Warren,12
Washington,30
Wayne,16
Webster,
Wilkinson,32
Winston,8
Yalobusha,
Yazoo,20
Adair,
Andrew,
Atchison,
Audrain,
Barry,
Barton,
Bates,
Benton,9
Bollinger,
Boone,3
Buchanan,7
Butler,6
Caldwell,
Callaway,
Camden,3
Cape Girardeau,5
Carroll,
Carter,
Cass,2
Cedar,
Chariton,
Christian,2
Clark,
Clay,3
Clinton,
Cole,5
Cooper,
Crawford,8
Dade,
Dallas,
Daviess,
DeKalb,
Dent,
Douglas,
Dunklin,6
Franklin,4
Gasconade,
Gentry,
Greene,5
Grundy,
Harrison,
Henry,
Hickory,
Holt,
Howard,
Howell,5
Iron,
Jackson,18
Jasper,3
Jefferson,3
Johnson,
Knox,
Laclede,
Lafayette,
Lawrence,
Lewis,
Lincoln,
Linn,
Livingston,
McDonald,
Macon,
Madison,
Maries,
Marion,
Mercer,
Miller,
Mississippi,11
Moniteau,
Monroe,
Montgomery,
Morgan,
New Madrid,7
Newton,3
Nodaway,
Oregon,
Osage,
Ozark,
Pemiscot,12
Perry,
Pettis,3
Phelps,3
Pike,
Platte,4
Polk,
Pulaski,8
Putnam,
Ralls,
Randolph,
Ray,
Reynolds,
Ripley,
St. Charles,2
St. Clair,
Ste. Genevieve,
St. Francois,5
St. Louis,11
Saline,
Schuyler,
Scotland,
Scott,6
Shannon,
Shelby,
Stoddard,
Stone,5
Sullivan,
Taney,3
Texas,10
Vernon,
Warren,5
Washington,
Wayne,
Webster,4
Worth,
Wright,
St. Louis City,38
Beaverhead,
Big Horn,17
Blaine,
Broadwater,
Carbon,
Carter,
Cascade,3
Chouteau,
Custer,
Daniels,
Dawson,
Deer Lodge,15
Fallon,
Fergus,
Flathead,2
Gallatin,1
Garfield,
Glacier,
Golden Valley,
Granite,
Hill,
Jefferson,
Judith Basin,
Lake,6
Lewis and Clark,3
Liberty,
Lincoln,
McCone,
Madison,
Meagher,
Mineral,
Missoula,2
Musselshell,
Park,
Petroleum,
Phillips,
Pondera,
Powder River,
Powell,
Prairie,
Ravalli,
Richland,
Roosevelt,14
Rosebud,
Sanders,
Sheridan,
Silver Bow,
Stillwater,
Sweet Grass,
Teton,
Toole,
Treasure,
Valley,
Wheatland,
Wibaux,
Yellowstone,3
Adams,
Antelope,
Arthur,
Banner,
Blaine,
Boone,
Box Butte,
Boyd,
Brown,
Buffalo,
Burt,
Butler,
Cass,
Cedar,
Chase,
Cherry,
Cheyenne,
Clay,
Colfax,
Cuming,
Custer,
Dakota,
Dawes,
Dawson,
Deuel,
Dixon,
Dodge,
Douglas,6
Dundy,
Fillmore,
Franklin,
Frontier,
Furnas,
Gage,
Garden,
Garfield,
Gosper,
Grant,
Greeley,
Hall,
Hamilton,
Harlan,
Hayes,
Hitchcock,
Holt,
Hooker,
Howard,
Jefferson,
Johnson,
Kearney,
Keith,
Keya Paha,
Kimball,
Knox,
Lancaster,1
Lincoln,
Logan,
Loup,
McPherson,
Madison,
Merrick,
Morrill,
Nance,
Nemaha,
Nuckolls,
Otoe,
Pawnee,
Perkins,
Phelps,
Pierce,
Platte,
Polk,
Red Willow,
Richardson,
Rock,
Saline,
Sarpy,1
Saunders,
Scotts Bluff,
Seward,
Sheridan,
Sherman,
Sioux,
Stanton,
Thayer,
Thomas,
Thurston,
Valley,
Washington,
Wayne,
Webster,
Wheeler,
York,
Churchill,
Clark,7
Douglas,3
Elko,3
Esmeralda,
Eureka,
Humboldt,8
Lander,
Lincoln,
Lyon,5
Mineral,
Nye,3
Pershing,
Storey,
Washoe,4
White Pine,
Carson City,4
Belknap,
Carroll,
Cheshire,1
Coos,
Grafton,
Hillsborough,1
Merrimack,
Rockingham,0
Strafford,1
Sullivan,
Atlantic,7
Bergen,1
Burlington,2
Camden,9
Cape May,
Cumberland,7
Essex,14
Gloucester,2
Hudson,3
Hunterdon,
Mercer,7
Middlesex,1
Monmouth,1
Morris,0
Ocean,1
Passaic,4
Salem,6
Somerset,1
Sussex,1
Union,4
Warren,1
Bernalillo,8
Catron,
Chaves,14
Cibola,8
Colfax,12
Curry,6
De Baca,
Dona Ana,4
Eddy,8
Grant,7
Guadalupe,
Harding,
Hidalgo,
Lea,8
Lincoln,
Los Alamos,
Luna,5
McKinley,15
Mora,
Otero,5
Quay,
Rio Arriba,12
Roosevelt,
Sandoval,3
San Juan,9
San Miguel,7
Santa Fe,4
Sierra,
Socorro,
Taos,8
Torrance,9
Union,
Valencia,7
Albany,2
Allegany,
Bronx,6
Broome,2
Cattaraugus,
Cayuga,
Chautauqua,2
Chemung,3
Chenango,
Clinton,
Columbia,
Cortland,
Delaware,
Dutchess,2
Erie,6
Essex,
Franklin,
Fulton,
Genesee,
Greene,
Hamilton,
Herkimer,
Jefferson,1
Kings,5
Lewis,
Livingston,
Madison,
Monroe,5
Montgomery,
Nassau,1
New York,2
Niagara,2
Oneida,2
Onondaga,5
Ontario,
Orange,2
Orleans,
Oswego,1
Otsego,
Putnam,
Queens,2
Rensselaer,3
Richmond,2
Rockland,1
St. Lawrence,1
Saratoga,1
Schenectady,3
Schoharie,
Schuyler,
Seneca,
Steuben,
Suffolk,2
Sullivan,2
Tioga,
Tompkins,
Ulster,1
Warren,
Washington,
Wayne,2
Westchester,1
Wyoming,
Yates,
Alamance,4
Alexander,4
Alleghany,
Anson,18
Ashe,
Avery,
Beaufort,5
Bertie,10
Bladen,10
Brunswick,3
Buncombe,4
Burke,4
Cabarrus,3
Caldwell,5
Camden,
Carteret,3
Caswell,8
Catawba,5
Chatham,3
Cherokee,5
Chowan,
Clay,
Cleveland,6
Columbus,15
Craven,5
Cumberland,11
Currituck,
Dare,
Davidson,3
Davie,
Duplin,4
Durham,10
Edgecombe,13
Forsyth,5
Franklin,6
Gaston,5
Gates,
Graham,
Granville,4
Greene,8
Guilford,7
Halifax,13
Harnett,6
Haywood,3
Henderson,2
Hertford,10
Hoke,9
Hyde,
Iredell,3
Jackson,
Johnston,3
Jones,
Lee,9
Lenoir,12
Lincoln,3
McDowell,6
Macon,4
Madison,
Martin,6
Mecklenburg,6
Mitchell,
Montgomery,5
Moore,4
Nash,9
New Hanover,6
Northampton,9
Onslow,5
Orange,2
Pamlico,
Pasquotank,6
Pender,3
Perquimans,
Person,5
Pitt,5
Polk,
Randolph,3
Richmond,10
Robeson,23
Rockingham,7
Rowan,8
Rutherford,3
Sampson,8
Scotland,14
Stanly,5
Stokes,
Surry,4
Swain,
Transylvania,
Tyrrell,
Union,2
Vance,20
Wake,2
Warren,14
Washington,
Watauga,
Wayne,9
Wilkes,5
Wilson,8
Yadkin,
Yancey,
Adams,
Barnes,
Benson,
Billings,
Bottineau,
Bowman,
Burke,
Burleigh,1
Cass,2
Cavalier,
Dickey,
Divide,
Dunn,
Eddy,
Emmons,
Foster,
Golden Valley,
Grand Forks,2
Grant,
Griggs,
Hettinger,
Kidder,
LaMoure,
Logan,
McHenry,
McIntosh,
McKenzie,
McLean,
Mercer,
Morton,
Mountrail,
Nelson,
Oliver,
Pembina,
Pierce,
Ramsey,
Ransom,
Renville,
Richland,
Rolette,9
Sargent,
Sheridan,
Sioux,
Slope,
Stark,
Steele,
Stutsman,
Towner,
Traill,
Walsh,
Ward,
Wells,
Williams,
Adams,
Allen,5
Ashland,
Ashtabula,9
Athens,2
Auglaize,
Belmont,2
Brown,4
Butler,3
Carroll,
Champaign,
Clark,6
Clermont,0
Clinton,
Columbiana,3
Coshocton,
Crawford,
Cuyahoga,11
Darke,
Defiance,
Delaware,
Erie,2
Fairfield,1
Fayette,
Franklin,9
Fulton,
Gallia,5
Geauga,1
Greene,1
Guernsey,4
Hamilton,9
Hancock,2
Hardin,
Harrison,
Henry,
Highland,8
Hocking,
Holmes,
Huron,
Jackson,4
Jefferson,5
Knox,3
Lake,2
Lawrence,5
Licking,2
Logan,
Lorain,4
Lucas,7
Madison,
Mahoning,10
Marion,2
Medina,1
Meigs,
Mercer,
Miami,
Monroe,
Montgomery,9
Morgan,
Morrow,
Muskingum,1
Noble,
Ottawa,
Paulding,
Perry,5
Pickaway,3
Pike,8
Portage,2
Preble,
Putnam,
Richland,3
Ross,2
Sandusky,2
Scioto,5
Seneca,
Shelby,
Stark,5
Summit,6
Trumbull,6
Tuscarawas,3
Union,
Van Wert,
Vinton,
Warren,1
Washington,2
Wayne,1
Williams,
Wood,1
Wyandot,
Adair,7
Alfalfa,
Atoka,
Beaver,
Beckham,6
Blaine,
Bryan,4
Caddo,9
Canadian,2
Carter,7
Cherokee,6
Choctaw,10
Cimarron,
Cleveland,3
Coal,
Comanche,9
Cotton,
Craig,
Creek,6
Custer,
Delaware,3
Dewey,
Ellis,
Garfield,3
Garvin,
Grady,6
Grant,
Greer,
Harmon,
Harper,
Haskell,
Hughes,12
Jackson,5
Jefferson,
Johnston,
Kay,6
Kingfisher,
Kiowa,
Latimer,
Le Flore,7
Lincoln,6
Logan,3
Love,
McClain,
McCurtain,11
McIntosh,9
Major,
Marshall,
Mayes,4
Murray,
Muskogee,7
Noble,
Nowata,
Okfuskee,11
Oklahoma,10
Okmulgee,9
Osage,4
Ottawa,
Pawnee,
Payne,4
Pittsburg,7
Pontotoc,5
Pottawatomie,5
Pushmataha,
Roger Mills,
Rogers,3
Seminole,9
Sequoyah,6
Stephens,4
Texas,6
Tillman,
Tulsa,10
Wagoner,5
Washington,5
Washita,
Woods,
Woodward,
Baker,
Benton,
Clackamas,1
Clatsop,
Columbia,2
Coos,4
Crook,
Curry,
Deschutes,1
Douglas,6
Gilliam,
Grant,
Harney,
Hood River,
Jackson,2
Jefferson,
Josephine,4
Klamath,6
Lake,
Lane,2
Lincoln,
Linn,2
Malheur,
Marion,2
Morrow,
Multnomah,3
Polk,
Sherman,
Tillamook,
Umatilla,4
Union,
Wallowa,
Wasco,
Washington,1
Wheeler,
Yamhill,2
Adams,1
Allegheny,8
Armstrong,2
Beaver,3
Bedford,
Berks,3
Blair,1
Bradford,2
Bucks,1
Butler,1
Cambria,5
Cameron,
Carbon,2
Centre,0
Chester,1
Clarion,
Clearfield,
Clinton,
Columbia,
Crawford,1
Cumberland,1
Dauphin,6
Delaware,7
Elk,
Erie,4
Fayette,4
Forest,
Franklin,2
Fulton,
Greene,
Huntingdon,
Indiana,3
Jefferson,
Juniata,
Lackawanna,1
Lancaster,2
Lawrence,4
Lebanon,2
Lehigh,4
Luzerne,3
Lycoming,6
McKean,
Mercer,4
Mifflin,
Monroe,2
Montgomery,1
Montour,
Northampton,2
Northumberland,1
Perry,
Philadelphia,18
Pike,
Potter,
Schuylkill,2
Snyder,
Somerset,
Sullivan,
Susquehanna,3
Tioga,
Union,
Venango,
Warren,
Washington,2
Wayne,4
Westmoreland,2
Wyoming,
York,4
Bristol,
Kent,0
Newport,1
Providence,3
Washington,
Abbeville,8
Aiken,8
Allendale,27
Anderson,9
Bamberg,10
Barnwell,18
Beaufort,6
Berkeley,6
Calhoun,
Charleston,11
Cherokee,6
Chester,8
Chesterfield,8
Clarendon,8
Colleton,15
Darlington,11
Dillon,18
Dorchester,6
Edgefield,7
Fairfield,12
Florence,8
Georgetown,6
Greenville,5
Greenwood,8
Hampton,19
Horry,7
Jasper,22
Kershaw,3
Lancaster,11
Laurens,6
Lee,10
Lexington,6
McCormick,
Marion,12
Marlboro,17
Newberry,6
Oconee,6
Orangeburg,14
Pickens,4
Richland,10
Saluda,
Spartanburg,6
Sumter,9
Union,9
Williamsburg,11
York,4
Aurora,
Beadle,
Bennett,
Bon Homme,
Brookings,
Brown,
Brule,
Buffalo,
Butte,
Campbell,
Charles Mix,16
Clark,
Clay,
Codington,
Corson,
Custer,
Davison,
Day,
Deuel,
Dewey,
Douglas,
Edmunds,
Fall River,
Faulk,
Grant,
Gregory,
Haakon,
Hamlin,
Hand,
Hanson,
Harding,
Hughes,
Hutchinson,
Hyde,
Jackson,
Jerauld,
Jones,
Kingsbury,
Lake,
Lawrence,
Lincoln,
Lyman,
McCook,
McPherson,
Marshall,
Meade,
Mellette,
Miner,
Minnehaha,3
Moody,
Oglala Lakota,21
Pennington,3
Perkins,
Potter,
Roberts,
Sanborn,
Spink,
Stanley,
Sully,
Todd,15
Tripp,
Turner,
Union,
Walworth,
Yankton,
Ziebach,
Anderson,3
Bedford,
Benton,
Bledsoe,
Blount,2
Bradley,3
Campbell,5
Cannon,11
Carroll,5
Carter,
Cheatham,5
Chester,
Claiborne,
Clay,
Cocke,5
Coffee,3
Crockett,
Cumberland,4
Davidson,10
Decatur,
DeKalb,
Dickson,4
Dyer,
Fayette,6
Fentress,
Franklin,
Gibson,6
Giles,
Grainger,
Greene,3
Grundy,11
Hamblen,2
Hamilton,8
Hancock,
Hardeman,11
Hardin,6
Hawkins,3
Haywood,
Henderson,
Henry,6
Hickman,
Houston,
Humphreys,
Jackson,
Jefferson,3
Johnson,
Knox,5
Lake,
Lauderdale,9
Lawrence,4
Lewis,
Lincoln,4
Loudon,
McMinn,5
McNairy,
Macon,
Madison,12
Marion,
Marshall,4
Maury,5
Meigs,
Monroe,3
Montgomery,7
Moore,
Morgan,6
Obion,
Overton,
Perry,
Pickett,
Polk,
Putnam,3
Rhea,
Roane,2
Robertson,4
Rutherford,4
Scott,
Sequatchie,
Sevier,
Shelby,19
Smith,
Stewart,
Sullivan,3
Sumner,3
Tipton,6
Trousdale,
Unicoi,8
Union,
Van Buren,
Warren,5
Washington,3
Wayne,
Weakley,4
White,5
Williamson,1
Wilson,3
Anderson,4
Andrews,
Angelina,6
Aransas,5
Archer,
Armstrong,
Atascosa,9
Austin,
Bailey,
Bandera,
Bastrop,5
Baylor,
Bee,6
Bell,6
Bexar,7
Blanco,
Borden,
Bosque,
Bowie,7
Brazoria,4
Brazos,2
Brewster,
Briscoe,
Brooks,
Brown,4
Burleson,
Burnet,4
Caldwell,3
Calhoun,
Callahan,
Cameron,2
Camp,
Carson,
Cass,6
Castro,
Chambers,6
Cherokee,4
Childress,
Clay,
Cochran,
Coke,
Coleman,
Collin,2
Collingsworth,
Colorado,
Comal,3
Comanche,
Concho,
Cooke,
Coryell,3
Cottle,
Crane,
Crockett,
Crosby,
Culberson,
Dallam,
Dallas,7
Dawson,
Deaf Smith,
Delta,
Denton,1
DeWitt,
Dickens,
Dimmit,
Donley,
Duval,
Eastland,
Ector,5
Edwards,
Ellis,3
El Paso,3
Erath,
Falls,
Fannin,4
Fayette,
Fisher,
Floyd,
Foard,
Fort Bend,3
Franklin,
Freestone,
Frio,
Gaines,
Galveston,5
Garza,
Gillespie,
Glasscock,
Goliad,
Gonzales,
Gray,
Grayson,4
Gregg,10
Grimes,5
Guadalupe,3
Hale,
Hall,
Hamilton,
Hansford,
Hardeman,
Hardin,6
Harris,8
Harrison,7
Hartley,
Haskell,
Hays,3
Hemphill,
Henderson,5
Hidalgo,3
Hill,4
Hockley,
Hood,2
Hopkins,5
Houston,
Howard,8
Hudspeth,
Hunt,4
Hutchinson,6
Irion,
Jack,
Jackson,
Jasper,4
Jeff Davis,
Jefferson,10
Jim Hogg,
Jim Wells,10
Johnson,3
Jones,
Karnes,
Kaufman,4
Kendall,
Kenedy,
Kent,
Kerr,4
Kimble,
King,
Kinney,
Kleberg,4
Knox,
Lamar,6
Lamb,
Lampasas,
La Salle,
Lavaca,
Lee,
Leon,
Liberty,4
Limestone,
Lipscomb,
Live Oak,
Llano,
Loving,
Lubbock,5
Lynn,
McCulloch,
McLennan,3
McMullen,
Madison,
Marion,
Martin,
Mason,
Matagorda,5
Maverick,2
Medina,3
Menard,
Midland,4
Milam,
Mills,
Mitchell,
Montague,
Montgomery,3
Moore,
Morris,
Motley,
Nacogdoches,4
Navarro,5
Newton,
Nolan,
Nueces,6
Ochiltree,
Oldham,
Orange,7
Palo Pinto,
Panola,6
Parker,2
Parmer,
Pecos,
Polk,5
Potter,8
Presidio,
Rains,
Randall,2
Reagan,
Real,
Red River,
Reeves,
Refugio,
Roberts,
Robertson,9
Rockwall,2
Runnels,
Rusk,5
Sabine,
San Augustine,
San Jacinto,7
San Patricio,4
San Saba,
Schleicher,
Scurry,
Shackelford,
Shelby,10
Sherman,
Smith,4
Somervell,
Starr,4
Stephens,
Sterling,
Stonewall,
Sutton,
Swisher,
Tarrant,4
Taylor,5
Terrell,
Terry,
Throckmorton,
Titus,5
Tom Green,4
Travis,3
Trinity,
Tyler,7
Upshur,7
Upton,
Uvalde,5
Val Verde,
Van Zandt,5
Victoria,4
Walker,3
Waller,4
Ward,
Washington,
Webb,3
Wharton,3
Wheeler,
Wichita,4
Wilbarger,
Willacy,
Williamson,1
Wilson,12
Winkler,
Wise,3
Wood,5
Yoakum,
Young,
Zapata,
Zavala,
Beaver,
Box Elder,
Cache,
Carbon,
Daggett,
Davis,1
Duchesne,
Emery,
Garfield,
Grand,
Iron,2
Juab,
Kane,
Millard,
Morgan,
Piute,
Rich,
Salt Lake,2
San Juan,
Sanpete,
Sevier,
Summit,
Tooele,
Uintah,6
Utah,1
Wasatch,
Washington,1
Wayne,
Weber,2
Addison,
Bennington,
Caledonia,
Chittenden,1
Essex,
Franklin,
Grand Isle,
Lamoille,
Orange,
Orleans,
Rutland,2
Washington,2
Windham,
Windsor,
Accomack,9
Albemarle,2
Alleghany,
Amelia,
Amherst,
Appomattox,
Arlington,1
Augusta,2
Bath,
Bedford,2
Bland,
Botetourt,
Brunswick,
Buchanan,
Buckingham,
Campbell,4
Caroline,4
Carroll,
Charles City,
Charlotte,
Chesterfield,4
Clarke,
Craig,
Culpeper,3
Cumberland,
Dickenson,
Dinwiddie,8
Essex,
Fairfax,1
Fauquier,2
Floyd,
Fluvanna,
Franklin,5
Frederick,
Giles,
Gloucester,
Goochland,
Grayson,
Greene,
Greensville,
Halifax,4
Hanover,2
Henrico,5
Henry,6
Highland,
Isle of Wight,3
James City,2
King and Queen,
King George,
King William,
Lancaster,
Lee,
Loudoun,1
Louisa,
Lunenburg,
Madison,
Mathews,
Mecklenburg,5
Middlesex,
Montgomery,
Nelson,
New Kent,
Northampton,
Northumberland,
Nottoway,
Orange,
Page,
Patrick,
Pittsylvania,3
Powhatan,
Prince Edward,
Prince George,
Prince William,2
Pulaski,4
Rappahannock,
Richmond,
Roanoke,3
Rockbridge,
Rockingham,1
Russell,
Scott,
Shenandoah,
Smyth,
Southampton,
Spotsylvania,1
Stafford,2
Surry,
Sussex,
Tazewell,4
Warren,
Washington,3
Westmoreland,
Wise,5
Wythe,
York,2
Alexandria City,2
Bristol City,
Buena Vista City,
Charlottesville City,4
Chesapeake City,5
Colonial Heights City,
Covington City,
Danville City,20
Emporia City,26
Fairfax City,
Falls Church City,
Franklin City,
Fredericksburg City,
Galax City,
Hampton City,12
Harrisonburg City,
Hopewell City,17
Lexington City,
Lynchburg City,4
Manassas City,
Manassas Park City,
Martinsville City,11
Newport News City,12
Norfolk City,13
Norton City,
Petersburg City,36
Poquoson City,
Portsmouth City,15
Radford City,
Richmond City,17
Roanoke City,10
Salem City,
Staunton City,
Suffolk City,4
Virginia Beach City,4
Waynesboro City,
Williamsburg City,
Winchester City,
Adams,
Asotin,
Benton,2
Chelan,2
Clallam,3
Clark,2
Columbia,
Cowlitz,2
Douglas,
Ferry,
Franklin,4
Garfield,
Grant,3
Grays Harbor,4
Island,
Jefferson,
King,2
Kitsap,2
Kittitas,
Klickitat,
Lewis,3
Lincoln,
Mason,7
Okanogan,4
Pacific,
Pend Oreille,
Pierce,4
San Juan,
Skagit,4
Skamania,
Snohomish,2
Spokane,3
Stevens,3
Thurston,2
Wahkiakum,
Walla Walla,2
Whatcom,2
Whitman,
Yakima,8
Barbour,
Berkeley,4
Boone,6
Braxton,
Brooke,
Cabell,7
Calhoun,
Clay,
Doddridge,
Fayette,8
Gilmer,
Grant,
Greenbrier,5
Hampshire,
Hancock,
Hardy,
Harrison,3
Jackson,
Jefferson,2
Kanawha,8
Lewis,
Lincoln,
Logan,7
McDowell,17
Marion,3
Marshall,
Mason,
Mercer,8
Mineral,
Mingo,5
Monongalia,2
Monroe,
Morgan,
Nicholas,
Ohio,
Pendleton,
Pleasants,
Pocahontas,
Preston,8
Putnam,
Raleigh,8
Randolph,
Ritchie,
Roane,
Summers,
Taylor,
Tucker,
Tyler,
Upshur,
Wayne,4
Webster,
Wetzel,
Wirt,
Wood,4
Wyoming,
Adams,
Ashland,
Barron,
Bayfield,
Brown,1
Buffalo,
Burnett,
Calumet,
Chippewa,
Clark,
Columbia,
Crawford,
Dane,1
Dodge,
Door,
Douglas,
Dunn,
Eau Claire,1
Florence,
Fond du Lac,
Forest,
Grant,
Green,
Green Lake,
Iowa,
Iron,
Jackson,
Jefferson,
Juneau,
Kenosha,3
Kewaunee,
La Crosse,1
Lafayette,
Langlade,
Lincoln,
Manitowoc,1
Marathon,1
Marinette,
Marquette,
Menominee,
Milwaukee,13
Monroe,
Oconto,
Oneida,
Outagamie,1
Ozaukee,
Pepin,
Pierce,
Polk,
Portage,
Price,
Racine,2
Richland,
Rock,3
Rusk,
St. Croix,
Sauk,
Sawyer,
Shawano,
Sheboygan,
Taylor,
Trempealeau,
Vernon,
Vilas,
Walworth,1
Washburn,
Washington,1
Waukesha,1
Waupaca,
Waushara,
Winnebago,1
Wood,
Albany,
Big Horn,
Campbell,
Carbon,
Converse,
Crook,
Fremont,12
Goshen,
Hot Springs,
Johnson,
Laramie,3
Lincoln,
Natrona,4
Niobrara,
Park,
Platte,
Sheridan,
Sublette,
Sweetwater,
Teton,
Uinta,
Washakie,
Weston,
