County_Name,median_household_income
Autauga,59338
Baldwin,57588
Barbour,34382
Bibb,46064
Blount,50412
Bullock,29267
Butler,37365
Calhoun,45400
Chambers,39917
Cherokee,42132
Chilton,47547
Choctaw,39907
Clarke,40741
Clay,39201
Cleburne,46495
Coffee,55122
Colbert,49055
Conecuh,32613
Coosa,42423
Covington,40203
Crenshaw,39057
Cullman,45796
Dale,45309
Dallas,34035
DeKalb,39491
Elmore,60367
Escambia,38418
Etowah,44903
Fayette,39254
Franklin,39388
Geneva,37823
Greene,28524
Hale,34724
Henry,46027
Houston,47993
Jackson,41929
Jefferson,55013
Lamar,40936
Lauderdale,48707
Lawrence,43909
Lee,48937
Limestone,64863
Lowndes,33973
Macon,32495
Madison,63755
Marengo,37733
Marion,37887
Marshall,46233
Mobile,43598
Monroe,39556
Montgomery,49640
Morgan,52797
Perry,26814
Pickens,37586
Pike,37259
Randolph,40546
Russell,39104
St. Clair,57284
Shelby,75663
Sumter,27859
Talladega,41630
Tallapoosa,42205
Tuscaloosa,52557
Walker,45434
Washington,44424
Wilcox,25385
Winston,41156
Aleutians East,70081
Aleutians West,82633
Anchorage,82113
Bethel,44304
Bristol Bay,77257
Denali,75477
Dillingham,54524
Fairbanks North Star,74268
Haines,58943
Hoonah-Angoon,51188
Juneau,79173
Kenai Peninsula,65439
Ketchikan Gateway,68309
Kodiak Island,74109
Kusilvak,32728
Lake and Peninsula,49403
Matanuska-Susitna,74649
Nome,55318
North Slope,89276
Northwest Arctic,59337
Petersburg,66075
Prince of Wales-Hyder,49356
Sitka,71825
Skagway,74635
Southeast Fairbanks,63527
Valdez-Cordova,68528
Wrangell,57832
Yakutat,59523
Yukon-Koyukuk,38912
Apache,33652
Cochise,49164
Coconino,60187
Gila,43585
Graham,50157
Greenlee,65818
La Paz,37350
Maricopa,65234
Mohave,45129
Navajo,40650
Pima,53395
Pinal,58848
Santa Cruz,40545
Yavapai,48758
Yuma,44116
Arkansas,43887
Ashley,41127
Baxter,39686
Benton,68978
Boone,44482
Bradley,37729
Calhoun,44969
Carroll,45023
Chicot,31787
Clark,45408
Clay,37687
Cleburne,44902
Cleveland,47600
Columbia,40909
Conway,44565
Craighead,45615
Crawford,47363
Crittenden,42606
Cross,41214
Dallas,37259
Desha,36132
Drew,42494
Faulkner,53882
Franklin,43696
Fulton,35630
Garland,43610
Grant,52050
Greene,46512
Hempstead,38682
Hot Spring,47205
Howard,40199
Independence,45596
Izard,37828
Jackson,36573
Jefferson,38596
Johnson,39381
Lafayette,35527
Lawrence,40308
Lee,28080
Lincoln,44951
Little River,43559
Logan,41471
Lonoke,56651
Madison,42674
Marion,36581
Miller,42162
Mississippi,36718
Monroe,32922
Montgomery,38318
Nevada,37626
Newton,36078
Ouachita,37624
Perry,45342
Phillips,29945
Pike,41534
Poinsett,37370
Polk,39048
Pope,45788
Prairie,43245
Pulaski,49957
Randolph,37799
St. Francis,33257
Saline,63677
Scott,35826
Searcy,31659
Sebastian,46843
Sevier,44100
Sharp,36032
Stone,34009
Union,45335
Van Buren,40486
Washington,50893
White,44811
Woodruff,34306
Yell,41729
Alameda,101744
Alpine,55384
Amador,58515
Butte,50945
Calaveras,62984
Colusa,57249
Contra Costa,101463
Del Norte,48518
El Dorado,81869
Fresno,52318
Glenn,47365
Humboldt,49471
Imperial,46633
Inyo,53793
Kern,51586
Kings,58255
Lake,45086
Lassen,57705
Los Angeles,67986
Madera,53632
Marin,122933
Mariposa,51402
Mendocino,51386
Merced,56169
Modoc,45227
Mono,66499
Monterey,69665
Napa,85624
Nevada,66681
Orange,89373
Placer,89175
Plumas,55079
Riverside,66793
Sacramento,69475
San Benito,80063
San Bernardino,63310
San Diego,78777
San Francisco,110601
San Joaquin,63567
San Luis Obispo,70626
San Mateo,122930
Santa Barbara,75646
Santa Clara,125933
Santa Cruz,84213
Shasta,53908
Sierra,52308
Siskiyou,47560
Solano,82808
Sonoma,81002
Stanislaus,59616
Sutter,57879
Tehama,47572
Trinity,40680
Tulare,48763
Tuolumne,56500
Ventura,84170
Yolo,67804
Yuba,47504
Adams,70199
Alamosa,42897
Arapahoe,76665
Archuleta,53337
Baca,38294
Bent,37659
Boulder,83591
Broomfield,96924
Chaffee,56168
Cheyenne,54504
Clear Creek,74019
Conejos,38777
Costilla,31557
Crowley,35880
Custer,55242
Delta,46786
Denver,68069
Dolores,47482
Douglas,120670
Eagle,86896
Elbert,98247
El Paso,67923
Fremont,47885
Garfield,74421
Gilpin,72949
Grand,69214
Gunnison,61268
Hinsdale,62149
Huerfano,38242
Jackson,51457
Jefferson,85550
Kiowa,44704
Kit Carson,48342
Lake,51802
La Plata,66219
Larimer,71306
Las Animas,41485
Lincoln,46690
Logan,53168
Mesa,51132
Mineral,60210
Moffat,59500
Montezuma,50180
Montrose,52576
Morgan,55387
Otero,40064
Ouray,68900
Park,72121
Phillips,52367
Pitkin,89034
Prowers,42455
Pueblo,48308
Rio Blanco,63411
Rio Grande,44171
Routt,81033
Saguache,36869
San Juan,46878
San Miguel,69458
Sedgwick,40009
Summit,80078
Teller,64850
Washington,47869
Weld,75629
Yuma,53253
Fairfield,91183
Hartford,73037
Litchfield,76304
Middlesex,88709
New Haven,67720
New London,67790
Tolland,89584
Windham,65182
Kent,54980
New Castle,69562
Sussex,59821
District of Columbia,82533
Alachua,51026
Baker,52804
Bay,51777
Bradford,45075
Brevard,57612
Broward,57200
Calhoun,38323
Charlotte,52724
Citrus,41556
Clay,62835
Collier,70649
Columbia,46195
DeSoto,37233
Dixie,37148
Duval,55733
Escambia,50644
Flagler,58975
Franklin,40297
Gadsden,42259
Gilchrist,42186
Glades,38680
Gulf,45426
Hamilton,36299
Hardee,39169
Hendry,44391
Hernando,45884
Highlands,39994
Hillsborough,58361
Holmes,38040
Indian River,58228
Jackson,39545
Jefferson,46332
Lafayette,42689
Lake,52447
Lee,56343
Leon,51046
Levy,39037
Liberty,40814
Madison,38249
Manatee,59587
Marion,44517
Martin,61592
Miami-Dade,52043
Monroe,67094
Nassau,66898
Okaloosa,62779
Okeechobee,42258
Orange,58037
Osceola,50473
Palm Beach,61735
Pasco,53788
Pinellas,52226
Polk,51354
Putnam,39578
St. Johns,81925
St. Lucie,53377
Santa Rosa,69541
Sarasota,61652
Seminole,67187
Sumter,55324
Suwannee,38525
Taylor,42307
Union,45906
Volusia,50285
Wakulla,58203
Walton,60973
Washington,39225
Appling,42781
Atkinson,36779
Bacon,38775
Baker,38288
Baldwin,42727
Banks,55384
Barrow,61413
Bartow,57409
Ben Hill,35020
Berrien,39412
Bibb,41390
Bleckley,46019
Brantley,41874
Brooks,36354
Bryan,79658
Bulloch,43766
Burke,42785
Butts,48831
Calhoun,33393
Camden,56555
Candler,35841
Carroll,52502
Catoosa,55807
Charlton,40499
Chatham,54165
Chattahoochee,46869
Chattooga,39513
Cherokee,82733
Clarke,42112
Clay,30239
Clayton,46059
Clinch,37593
Cobb,78603
Coffee,39480
Colquitt,38633
Columbia,82184
Cook,38827
Coweta,70974
Crawford,48004
Crisp,36096
Dade,48779
Dawson,68835
Decatur,38441
DeKalb,63477
Dodge,35636
Dooly,37278
Dougherty,38806
Douglas,60512
Early,34984
Echols,38667
Effingham,65793
Elbert,39681
Emanuel,37574
Evans,37319
Fannin,43439
Fayette,95021
Floyd,44906
Forsyth,105921
Franklin,42904
Fulton,70808
Gilmer,47757
Glascock,42820
Glynn,53906
Gordon,49101
Grady,41002
Greene,54016
Gwinnett,72008
Habersham,51829
Hall,61631
Hancock,31716
Haralson,47662
Harris,74686
Hart,47171
Heard,46218
Henry,72970
Houston,60728
Irwin,38156
Jackson,68984
Jasper,51241
Jeff Davis,37211
Jefferson,38274
Jenkins,31419
Johnson,34849
Jones,55737
Lamar,48323
Lanier,41564
Laurens,42114
Lee,66090
Liberty,47685
Lincoln,46967
Long,46428
Lowndes,41820
Lumpkin,55583
McDuffie,42768
McIntosh,42513
Macon,32868
Madison,51338
Marion,39114
Meriwether,38886
Miller,42483
Mitchell,36788
Monroe,59362
Montgomery,41834
Morgan,57978
Murray,46810
Muscogee,46628
Newton,56598
Oconee,99497
Oglethorpe,51105
Paulding,73309
Peach,46525
Pickens,65062
Pierce,44389
Pike,66901
Polk,43679
Pulaski,40582
Putnam,51205
Quitman,33908
Rabun,44213
Randolph,28298
Richmond,40168
Rockdale,59673
Schley,45378
Screven,39048
Seminole,36869
Spalding,43510
Stephens,45850
Stewart,33053
Sumter,37562
Talbot,37265
Taliaferro,34090
Tattnall,41440
Taylor,36310
Telfair,34297
Terrell,35290
Thomas,41642
Tift,45680
Toombs,37148
Towns,45853
Treutlen,35069
Troup,45234
Turner,33261
Twiggs,42054
Union,45943
Upson,40965
Walker,43767
Walton,65416
Ware,38357
Warren,38352
Washington,39444
Wayne,44607
Webster,38187
Wheeler,32691
White,51579
Whitfield,47074
Wilcox,35961
Wilkes,39361
Wilkinson,41036
Worth,48708
Hawaii,56383
Honolulu,83695
Kalawao,
Kauai,73981
Maui,78503
Ada,66827
Adams,45311
Bannock,51300
Bear Lake,53780
Benewah,48451
Bingham,50941
Blaine,76113
Boise,56837
Bonner,51373
Bonneville,60444
Boundary,47118
Butte,50050
Camas,53866
Canyon,53381
Caribou,61219
Cassia,51804
Clark,48471
Clearwater,46417
Custer,47682
Elmore,49344
Franklin,58170
Fremont,51155
Gem,49857
Gooding,51302
Idaho,40569
Jefferson,61927
Jerome,54020
Kootenai,56188
Latah,49538
Lemhi,44248
Lewis,44911
Lincoln,50464
Madison,41827
Minidoka,53447
Nez Perce,54476
Oneida,52602
Owyhee,48192
Payette,51835
Power,51921
Shoshone,36085
Teton,68749
Twin Falls,51594
Valley,60285
Washington,43402
Adams,55174
Alexander,35249
Bond,54800
Boone,74507
Brown,55327
Bureau,56099
Calhoun,56099
Carroll,51963
Cass,52486
Champaign,53251
Christian,52936
Clark,54092
Clay,45427
Clinton,66597
Coles,47291
Cook,63347
Crawford,52313
Cumberland,60572
DeKalb,63274
De Witt,55300
Douglas,56976
DuPage,93540
Edgar,51577
Edwards,51280
Effingham,60773
Fayette,47484
Ford,55357
Franklin,42071
Fulton,51258
Gallatin,43330
Greene,47314
Grundy,79348
Hamilton,53028
Hancock,53553
Hardin,41713
Henderson,53632
Henry,58042
Iroquois,55247
Jackson,41445
Jasper,54552
Jefferson,47425
Jersey,59117
Jo Daviess,56832
Johnson,53884
Kane,79834
Kankakee,53884
Kendall,93345
Knox,44553
Lake,87336
LaSalle,54063
Lawrence,43767
Lee,54915
Livingston,59323
Logan,52959
McDonough,42887
McHenry,86268
McLean,67087
Macon,50684
Macoupin,53409
Madison,60121
Marion,46096
Marshall,57422
Mason,48764
Massac,43783
Menard,74872
Mercer,58384
Monroe,88481
Montgomery,53138
Morgan,48976
Moultrie,59901
Ogle,61794
Peoria,56478
Perry,49965
Piatt,67460
Pike,47815
Pope,43053
Pulaski,38400
Putnam,66319
Randolph,53607
Richland,48152
Rock Island,52642
St. Clair,58222
Saline,40761
Sangamon,62242
Schuyler,52018
Scott,55198
Shelby,56509
Stark,52651
Stephenson,47357
Tazewell,61508
Union,49716
Vermilion,44638
Wabash,53414
Warren,53532
Washington,66937
Wayne,50471
White,49507
Whiteside,57197
Will,86108
Williamson,46187
Winnebago,53795
Woodford,72247
Adams,56693
Allen,54473
Bartholomew,63067
Benton,51649
Blackford,45161
Boone,85876
Brown,60944
Carroll,57092
Cass,48598
Clark,56774
Clay,52699
Clinton,51730
Crawford,44152
Daviess,55434
Dearborn,66502
Decatur,57441
DeKalb,58987
Delaware,43096
Dubois,62126
Elkhart,59251
Fayette,47737
Floyd,64992
Fountain,53493
Franklin,62251
Fulton,52798
Gibson,56960
Grant,45138
Greene,46835
Hamilton,101740
Hancock,73831
Harrison,60379
Hendricks,80834
Henry,50183
Howard,55365
Huntington,53809
Jackson,55518
Jasper,66720
Jay,48392
Jefferson,51031
Jennings,51560
Johnson,69880
Knox,48606
Kosciusko,57367
LaGrange,67498
Lake,55280
LaPorte,52095
Lawrence,53187
Madison,49522
Marion,48409
Marshall,55766
Martin,55444
Miami,47624
Monroe,48883
Montgomery,53700
Morgan,66151
Newton,53060
Noble,61341
Ohio,58022
Orange,44968
Owen,49731
Parke,49639
Perry,52332
Pike,54265
Porter,69298
Posey,68162
Pulaski,49730
Putnam,54718
Randolph,46441
Ripley,57436
Rush,53271
St. Joseph,54674
Scott,44913
Shelby,57193
Spencer,56862
Starke,49972
Steuben,58295
Sullivan,47554
Switzerland,47713
Tippecanoe,52269
Tipton,60896
Union,50300
Vanderburgh,50500
Vermillion,49287
Vigo,48335
Wabash,51487
Warren,60596
Warrick,75534
Washington,44534
Wayne,45130
Wells,60010
White,58380
Whitley,67758
Adair,54282
Adams,51577
Allamakee,53359
Appanoose,44298
Audubon,51210
Benton,62799
Black Hawk,52320
Boone,63099
Bremer,74646
Buchanan,59724
Buena Vista,52683
Butler,57971
Calhoun,54865
Carroll,60531
Cass,50356
Cedar,67597
Cerro Gordo,51939
Cherokee,56312
Chickasaw,64190
Clarke,52541
Clay,56338
Clayton,53968
Clinton,51317
Crawford,54828
Dallas,87267
Davis,54830
Decatur,41101
Delaware,61342
Des Moines,51805
Dickinson,55603
Dubuque,60367
Emmet,51497
Fayette,50893
Floyd,53811
Franklin,59367
Fremont,54658
Greene,51861
Grundy,65060
Guthrie,60306
Hamilton,56738
Hancock,60859
Hardin,55303
Harrison,60044
Henry,55856
Howard,53500
Humboldt,60166
Ida,60312
Iowa,64188
Jackson,54663
Jasper,60378
Jefferson,46715
Johnson,64387
Jones,55405
Keokuk,52122
Kossuth,55486
Lee,48241
Linn,64878
Louisa,49585
Lucas,49956
Lyon,69048
Madison,74794
Mahaska,56492
Marion,63491
Marshall,59552
Mills,64271
Mitchell,59558
Monona,50530
Monroe,56541
Montgomery,49966
Muscatine,58465
O'Brien,53147
Osceola,60627
Page,54313
Palo Alto,55322
Plymouth,66360
Pocahontas,55865
Polk,68479
Pottawattamie,56337
Poweshiek,56170
Ringgold,48754
Sac,56698
Scott,59865
Shelby,58862
Sioux,70162
Story,57464
Tama,56954
Taylor,47781
Union,49887
Van Buren,47905
Wapello,48226
Warren,78192
Washington,65849
Wayne,46725
Webster,52093
Winnebago,54433
Winneshiek,61807
Woodbury,60059
Worth,58587
Wright,54802
Allen,44423
Anderson,50646
Atchison,49332
Barber,47634
Barton,49991
Bourbon,41807
Brown,47529
Butler,65953
Chase,50981
Chautauqua,41129
Cherokee,44475
Cheyenne,43274
Clark,51235
Clay,52681
Cloud,44467
Coffey,58371
Comanche,46818
Cowley,47864
Crawford,43852
Decatur,44774
Dickinson,50605
Doniphan,50949
Douglas,57120
Edwards,46962
Elk,37360
Ellis,53840
Ellsworth,50261
Finney,56206
Ford,56052
Franklin,58033
Geary,50856
Gove,49626
Graham,41906
Grant,61614
Gray,65771
Greeley,51606
Greenwood,43083
Hamilton,51559
Harper,45570
Harvey,57934
Haskell,60808
Hodgeman,54058
Jackson,56330
Jefferson,69246
Jewell,44271
Johnson,87087
Kearny,63248
Kingman,56005
Kiowa,64399
Labette,44571
Lane,59240
Leavenworth,70807
Lincoln,44439
Linn,47153
Logan,50267
Lyon,47982
McPherson,58017
Marion,51712
Marshall,51066
Meade,67220
Miami,71770
Mitchell,51514
Montgomery,42479
Morris,49287
Morton,53785
Nemaha,59567
Neosho,46176
Ness,51757
Norton,47252
Osage,53864
Osborne,46101
Ottawa,56451
Pawnee,47039
Phillips,47405
Pottawatomie,69975
Pratt,52567
Rawlins,46638
Reno,49341
Republic,48566
Rice,51686
Riley,47057
Rooks,47365
Rush,44121
Russell,45879
Saline,53961
Scott,63790
Sedgwick,56381
Seward,50671
Shawnee,53612
Sheridan,50553
Sherman,45966
Smith,41899
Stafford,47835
Stanton,60136
Stevens,58817
Sumner,56946
Thomas,55345
Trego,48520
Wabaunsee,59744
Wallace,51350
Washington,48104
Wichita,59800
Wilson,45697
Woodson,43894
Wyandotte,47084
Adair,37392
Allen,44624
Anderson,60908
Ballard,47658
Barren,42439
Bath,44183
Bell,29362
Boone,77696
Bourbon,48614
Boyd,48020
Boyle,47528
Bracken,56432
Breathitt,31182
Breckinridge,47284
Bullitt,61022
Butler,43048
Caldwell,43659
Calloway,41873
Campbell,60904
Carlisle,41249
Carroll,47623
Carter,32906
Casey,34358
Christian,40299
Clark,50162
Clay,28146
Clinton,31118
Crittenden,43624
Cumberland,33541
Daviess,51441
Edmonson,43151
Elliott,35446
Estill,35701
Fayette,55358
Fleming,42571
Floyd,33218
Franklin,53134
Fulton,32355
Gallatin,49060
Garrard,51203
Grant,53965
Graves,46785
Grayson,40780
Green,36782
Greenup,49457
Hancock,56769
Hardin,52278
Harlan,29521
Harrison,51709
Hart,37038
Henderson,51161
Henry,53405
Hickman,44290
Hopkins,45512
Jackson,35317
Jefferson,55860
Jessamine,59443
Johnson,39381
Kenton,64644
Knott,32228
Knox,30742
Larue,45458
Laurel,41425
Lawrence,36667
Lee,29124
Leslie,31921
Letcher,32321
Lewis,35751
Lincoln,42190
Livingston,48182
Logan,46742
Lyon,48395
McCracken,48950
McCreary,30029
McLean,48080
Madison,51897
Magoffin,30950
Marion,45661
Marshall,52388
Martin,28925
Mason,41807
Meade,57613
Menifee,34002
Mercer,53921
Metcalfe,35906
Monroe,35596
Montgomery,46629
Morgan,35848
Muhlenberg,43722
Nelson,55602
Nicholas,41428
Ohio,44751
Oldham,102136
Owen,48998
Owsley,26278
Pendleton,54583
Perry,33108
Pike,37124
Powell,37776
Pulaski,41541
Robertson,45146
Rockcastle,37732
Rowan,41196
Russell,34648
Scott,73500
Shelby,66056
Simpson,51769
Spencer,85899
Taylor,45429
Todd,51027
Trigg,49767
Trimble,51674
Union,47067
Warren,53478
Washington,50246
Wayne,33701
Webster,47132
Whitley,36863
Wolfe,30144
Woodford,66164
Acadia,40484
Allen,44395
Ascension,77758
Assumption,48120
Avoyelles,37731
Beauregard,57005
Bienville,34047
Bossier,56754
Caddo,40467
Calcasieu,50531
Caldwell,40842
Cameron,57299
Catahoula,35812
Claiborne,33659
Concordia,35840
De Soto,44457
East Baton Rouge,52945
East Carroll,27714
East Feliciana,45174
Evangeline,34113
Franklin,34446
Grant,43502
Iberia,42909
Iberville,47917
Jackson,40828
Jefferson,50871
Jefferson Davis,44492
Lafayette,57821
Lafourche,52651
La Salle,45742
Lincoln,36525
Livingston,63088
Madison,28452
Morehouse,34023
Natchitoches,36298
Orleans,38855
Ouachita,44371
Plaquemines,58643
Pointe Coupee,46603
Rapides,48116
Red River,36865
Richland,35103
Sabine,36423
St. Bernard,43983
St. Charles,67585
St. Helena,38699
St. James,53903
St. John the Baptist,50830
St. Landry,36624
St. Martin,46229
St. Mary,39764
St. Tammany,67054
Tangipahoa,47128
Tensas,28962
Terrebonne,51665
Union,43584
Vermilion,48263
Vernon,47664
Washington,36850
Webster,35070
West Baton Rouge,58205
West Carroll,39332
West Feliciana,60296
Winn,40133
Androscoggin,49935
Aroostook,39450
Cumberland,71586
Franklin,49561
Hancock,52148
Kennebec,52154
Knox,56678
Lincoln,56211
Oxford,44243
Penobscot,47840
Piscataquis,40066
Sagadahoc,65969
Somerset,43755
Waldo,49482
Washington,39522
York,65984
Allegany,43535
Anne Arundel,97051
Baltimore,75836
Calvert,106270
Caroline,56627
Carroll,95956
Cecil,72739
Charles,92616
Dorchester,48682
Frederick,95196
Garrett,49147
Harford,87959
Howard,116719
Kent,55514
Montgomery,107758
Prince George's,82445
Queen Anne's,93751
St. Mary's,89964
Somerset,42098
Talbot,64245
Washington,62556
Wicomico,54313
Worcester,59266
Baltimore City,50501
Barnstable,69001
Berkshire,58375
Bristol,66005
Dukes,70224
Essex,76373
Franklin,58992
Hampden,52682
Hampshire,74456
Middlesex,100374
Nantucket,97525
Norfolk,100184
Plymouth,89678
Suffolk,68743
Worcester,71767
Alcona,39862
Alger,47441
Allegan,62247
Alpena,42792
Antrim,56456
Arenac,42540
Baraga,43435
Barry,64121
Bay,50576
Benzie,51905
Berrien,51509
Branch,50477
Calhoun,48413
Cass,55978
Charlevoix,54491
Cheboygan,48589
Chippewa,47380
Clare,39394
Clinton,70967
Crawford,46930
Delta,49292
Dickinson,52348
Eaton,66716
Emmet,58891
Genesee,48370
Gladwin,44635
Gogebic,39934
Grand Traverse,64591
Gratiot,48988
Hillsdale,50388
Houghton,42282
Huron,45817
Ingham,52837
Ionia,61667
Iosco,41256
Iron,40959
Isabella,47056
Jackson,52047
Kalamazoo,55881
Kalkaska,46068
Kent,61675
Keweenaw,51641
Lake,36044
Lapeer,65209
Leelanau,67349
Lenawee,55762
Livingston,84048
Luce,43196
Mackinac,46645
Macomb,62191
Manistee,47401
Marquette,54093
Mason,51083
Mecosta,45804
Menominee,46486
Midland,58057
Missaukee,48413
Monroe,62522
Montcalm,50396
Montmorency,40650
Muskegon,49960
Newaygo,48860
Oakland,80319
Oceana,50374
Ogemaw,41201
Ontonagon,40798
Osceola,45607
Oscoda,38927
Otsego,51292
Ottawa,70420
Presque Isle,45502
Roscommon,38613
Saginaw,48805
St. Clair,56557
St. Joseph,52689
Sanilac,46184
Schoolcraft,44887
Shiawassee,54149
Tuscola,51113
Van Buren,57363
Washtenaw,72267
Wayne,46440
Wexford,46396
Aitkin,44016
Anoka,82284
Becker,59440
Beltrami,47073
Benton,61341
Big Stone,51058
Blue Earth,58132
Brown,60626
Carlton,60412
Carver,104248
Cass,48651
Chippewa,53540
Chisago,82814
Clay,65914
Clearwater,51475
Cook,54465
Cottonwood,51788
Crow Wing,53481
Dakota,86403
Dodge,75955
Douglas,60979
Faribault,52560
Fillmore,58761
Freeborn,52010
Goodhue,67039
Grant,54917
Hennepin,76067
Houston,59613
Hubbard,55687
Isanti,73468
Itasca,53143
Jackson,57786
Kanabec,56950
Kandiyohi,60579
Kittson,54438
Koochiching,46281
Lac qui Parle,52445
Lake,61015
Lake of the Woods,52058
Le Sueur,67269
Lincoln,51305
Lyon,57690
McLeod,61959
Mahnomen,43162
Marshall,58105
Martin,50821
Meeker,66557
Mille Lacs,53289
Morrison,57471
Mower,53387
Murray,59938
Nicollet,66209
Nobles,55766
Norman,48799
Olmsted,76001
Otter Tail,53778
Pennington,57494
Pine,50387
Pipestone,55378
Polk,60180
Pope,60975
Ramsey,62937
Red Lake,54412
Redwood,56760
Renville,59787
Rice,67024
Rock,63503
Roseau,60239
St. Louis,53833
Scott,101427
Sherburne,81850
Sibley,66209
Stearns,60843
Steele,65323
Stevens,61929
Swift,51552
Todd,58113
Traverse,49773
Wabasha,63633
Wadena,46312
Waseca,58335
Washington,95840
Watonwan,51962
Wilkin,61387
Winona,56076
Wright,87377
Yellow Medicine,56528
Adams,33392
Alcorn,40010
Amite,38092
Attala,36761
Benton,35184
Bolivar,33116
Calhoun,39176
Carroll,42588
Chickasaw,37429
Choctaw,38479
Claiborne,29631
Clarke,41495
Clay,38121
Coahoma,29380
Copiah,38664
Covington,36083
DeSoto,68126
Forrest,39061
Franklin,39508
George,47246
Greene,42022
Grenada,39633
Hancock,49843
Harrison,45355
Hinds,44776
Holmes,26449
Humphreys,28542
Issaquena,26936
Itawamba,45720
Jackson,51771
Jasper,36987
Jefferson,28024
Jefferson Davis,31739
Jones,42435
Kemper,33437
Lafayette,49381
Lamar,58377
Lauderdale,40077
Lawrence,40510
Leake,37212
Lee,51088
Leflore,29244
Lincoln,43478
Lowndes,44348
Madison,75740
Marion,36408
Marshall,40285
Monroe,44681
Montgomery,36311
Neshoba,36236
Newton,40792
Noxubee,32167
Oktibbeha,39130
Panola,39198
Pearl River,45268
Perry,39687
Pike,33983
Pontotoc,44297
Prentiss,41281
Quitman,27767
Rankin,66296
Scott,38034
Sharkey,28887
Simpson,38173
Smith,46764
Stone,44622
Sunflower,31329
Tallahatchie,32692
Tate,48082
Tippah,39833
Tishomingo,41455
Tunica,33143
Union,46600
Walthall,33566
Warren,46049
Washington,33991
Wayne,37401
Webster,43349
Wilkinson,29900
Winston,39498
Yalobusha,39551
Yazoo,33111
Adair,40395
Andrew,57459
Atchison,49122
Audrain,44340
Barry,42457
Barton,41583
Bates,45955
Benton,40025
Bollinger,44233
Boone,55136
Buchanan,52506
Butler,38067
Caldwell,47591
Callaway,53970
Camden,48580
Cape Girardeau,51962
Carroll,47049
Carter,34134
Cass,71374
Cedar,37288
Chariton,48421
Christian,58057
Clark,46832
Clay,68943
Clinton,58641
Cole,62817
Cooper,52513
Crawford,42774
Dade,41381
Dallas,38765
Daviess,51255
DeKalb,48920
Dent,39392
Douglas,36762
Dunklin,37331
Franklin,58738
Gasconade,52282
Gentry,43731
Greene,44799
Grundy,40315
Harrison,40639
Henry,44978
Hickory,35025
Holt,47191
Howard,45767
Howell,36762
Iron,37755
Jackson,55864
Jasper,46596
Jefferson,65150
Johnson,52151
Knox,39309
Laclede,44562
Lafayette,53389
Lawrence,45074
Lewis,48179
Lincoln,62238
Linn,44992
Livingston,48749
McDonald,40204
Macon,45440
Madison,40191
Maries,46371
Marion,49393
Mercer,46014
Miller,47225
Mississippi,34735
Moniteau,57047
Monroe,46216
Montgomery,48951
Morgan,45276
New Madrid,38093
Newton,49220
Nodaway,46698
Oregon,32720
Osage,58855
Ozark,34367
Pemiscot,31831
Perry,53871
Pettis,45254
Phelps,43079
Pike,43591
Platte,82567
Polk,45336
Pulaski,52532
Putnam,40866
Ralls,57549
Randolph,44975
Ray,58693
Reynolds,36592
Ripley,32802
St. Charles,82048
St. Clair,37013
Ste. Genevieve,59043
St. Francois,45584
St. Louis,66992
Saline,43776
Schuyler,39463
Scotland,42053
Scott,44261
Shannon,32715
Shelby,44564
Stoddard,40808
Stone,46026
Sullivan,41978
Taney,40887
Texas,34824
Vernon,42552
Warren,62056
Washington,38591
Wayne,33703
Webster,51141
Worth,43119
Wright,35293
St. Louis City,43263
Beaverhead,47674
Big Horn,40425
Blaine,39237
Broadwater,52840
Carbon,53661
Carter,47985
Cascade,50054
Chouteau,44645
Custer,50525
Daniels,44659
Dawson,56167
Deer Lodge,45641
Fallon,62029
Fergus,49147
Flathead,54382
Gallatin,67569
Garfield,44580
Glacier,37719
Golden Valley,38782
Granite,48410
Hill,50136
Jefferson,68381
Judith Basin,50197
Lake,44833
Lewis and Clark,63860
Liberty,42742
Lincoln,40602
McCone,43650
Madison,53031
Meagher,44572
Mineral,43458
Missoula,56207
Musselshell,43371
Park,61044
Petroleum,41009
Phillips,44730
Pondera,42890
Powder River,47378
Powell,48966
Prairie,42754
Ravalli,50055
Richland,67242
Roosevelt,40179
Rosebud,57674
Sanders,39861
Sheridan,51690
Silver Bow,47302
Stillwater,66226
Sweet Grass,52747
Teton,48368
Toole,46326
Treasure,50774
Valley,48390
Wheatland,38449
Wibaux,49532
Yellowstone,59975
Adams,55167
Antelope,55371
Arthur,46862
Banner,53865
Blaine,44467
Boone,51911
Box Butte,57952
Boyd,42431
Brown,46191
Buffalo,59193
Burt,57548
Butler,57208
Cass,75177
Cedar,64570
Chase,54866
Cherry,49782
Cheyenne,53132
Clay,56259
Colfax,55787
Cuming,59219
Custer,49995
Dakota,55522
Dawes,47487
Dawson,56818
Deuel,47097
Dixon,54635
Dodge,51682
Douglas,64580
Dundy,48574
Fillmore,56697
Franklin,48778
Frontier,43650
Furnas,49685
Gage,49931
Garden,39192
Garfield,46245
Gosper,59722
Grant,56724
Greeley,45221
Hall,53792
Hamilton,60608
Harlan,49321
Hayes,47047
Hitchcock,43880
Holt,55965
Hooker,46220
Howard,52292
Jefferson,47075
Johnson,52401
Kearney,64456
Keith,52086
Keya Paha,48429
Kimball,46986
Knox,47906
Lancaster,58618
Lincoln,56803
Logan,55531
Loup,47797
McPherson,53207
Madison,55226
Merrick,56493
Morrill,49151
Nance,47279
Nemaha,52069
Nuckolls,46954
Otoe,60734
Pawnee,45487
Perkins,57251
Phelps,59003
Pierce,57367
Platte,63656
Polk,59815
Red Willow,49034
Richardson,47573
Rock,48260
Saline,54569
Sarpy,79358
Saunders,67897
Scotts Bluff,50247
Seward,71024
Sheridan,43819
Sherman,47499
Sioux,50861
Stanton,66228
Thayer,51299
Thomas,48275
Thurston,45405
Valley,48604
Washington,77838
Wayne,55970
Webster,45058
Wheeler,53369
York,61478
Churchill,58429
Clark,57155
Douglas,70495
Elko,79134
Esmeralda,50179
Eureka,70036
Humboldt,72873
Lander,79278
Lincoln,55504
Lyon,59732
Mineral,44438
Nye,47031
Pershing,42522
Storey,68236
Washoe,63636
White Pine,58942
Carson City,56382
Belknap,64777
Carroll,59413
Cheshire,60251
Coos,44259
Grafton,65163
Hillsborough,78714
Merrimack,74351
Rockingham,93645
Strafford,69919
Sullivan,60034
Atlantic,60826
Bergen,100181
Burlington,84470
Camden,67135
Cape May,62175
Cumberland,51790
Essex,62875
Gloucester,81315
Hudson,73337
Hunterdon,112335
Mercer,79979
Middlesex,87666
Monmouth,99223
Morris,112396
Ocean,68483
Passaic,71959
Salem,64524
Somerset,119731
Sussex,92284
Union,80737
Warren,77571
Bernalillo,51372
Catron,34777
Chaves,43527
Cibola,38097
Colfax,41592
Curry,47202
De Baca,35087
Dona Ana,38409
Eddy,58320
Grant,38341
Guadalupe,29515
Harding,37544
Hidalgo,39882
Lea,51656
Lincoln,45095
Los Alamos,124947
Luna,30570
McKinley,33976
Mora,34491
Otero,42701
Quay,33085
Rio Arriba,41511
Roosevelt,41700
Sandoval,57036
San Juan,46578
San Miguel,35292
Santa Fe,60187
Sierra,31741
Socorro,33989
Taos,38405
Torrance,39123
Union,40426
Valencia,46365
Albany,64536
Allegany,46262
Bronx,38566
Broome,50928
Cattaraugus,48017
Cayuga,52945
Chautauqua,45689
Chemung,52565
Chenango,50312
Clinton,55517
Columbia,64916
Cortland,51751
Delaware,47382
Dutchess,79604
Erie,56375
Essex,54376
Franklin,48722
Fulton,51388
Genesee,58925
Greene,54514
Hamilton,59020
Herkimer,53168
Jefferson,52798
Kings,60862
Lewis,52660
Livingston,61027
Madison,59114
Monroe,60240
Montgomery,43799
Nassau,115301
New York,84610
Niagara,55013
Oneida,54096
Onondaga,59786
Ontario,62930
Orange,75048
Orleans,52658
Oswego,53745
Otsego,54321
Putnam,100887
Queens,68432
Rensselaer,71084
Richmond,79719
Rockland,88960
St. Lawrence,49356
Saratoga,83210
Schenectady,63297
Schoharie,57757
Schuyler,50190
Seneca,54184
Steuben,54862
Suffolk,100075
Sullivan,51985
Tioga,60309
Tompkins,57383
Ulster,63073
Warren,56694
Washington,55913
Wayne,61118
Westchester,94521
Wyoming,57709
Yates,51089
Alamance,50480
Alexander,49138
Alleghany,39735
Anson,38023
Ashe,41864
Avery,41701
Beaufort,46411
Bertie,35433
Bladen,36976
Brunswick,60163
Buncombe,53960
Burke,44946
Cabarrus,69297
Caldwell,43328
Camden,65955
Carteret,55052
Caswell,45517
Catawba,53738
Chatham,73703
Cherokee,41262
Chowan,42618
Clay,42878
Cleveland,42728
Columbus,36862
Craven,50748
Cumberland,46779
Currituck,64426
Dare,64768
Davidson,47758
Davie,60801
Duplin,42725
Durham,59329
Edgecombe,38818
Forsyth,50112
Franklin,57710
Gaston,52798
Gates,51746
Graham,39502
Granville,58956
Greene,43591
Guilford,52166
Halifax,36760
Harnett,51225
Haywood,47183
Henderson,54012
Hertford,38216
Hoke,47892
Hyde,40653
Iredell,60044
Jackson,44502
Johnston,60296
Jones,43302
Lee,48984
Lenoir,40433
Lincoln,62963
McDowell,43972
Macon,46426
Madison,44693
Martin,43569
Mecklenburg,64509
Mitchell,43967
Montgomery,47757
Moore,59471
Nash,50122
New Hanover,53419
Northampton,37233
Onslow,50531
Orange,71920
Pamlico,46447
Pasquotank,46355
Pender,54900
Perquimans,48337
Person,50149
Pitt,43303
Polk,50467
Randolph,48372
Richmond,38514
Robeson,35407
Rockingham,41869
Rowan,46864
Rutherford,42831
Sampson,42807
Scotland,36730
Stanly,51491
Stokes,50826
Surry,46342
Swain,43121
Transylvania,51398
Tyrrell,36765
Union,80428
Vance,40263
Wake,80169
Warren,38430
Washington,36042
Watauga,48489
Wayne,41572
Wilkes,44080
Wilson,44015
Yadkin,49070
Yancey,44756
Adams,53162
Barnes,54984
Benson,42407
Billings,76235
Bottineau,59161
Bowman,62270
Burke,63261
Burleigh,72277
Cass,63885
Cavalier,60314
Dickey,53286
Divide,58715
Dunn,66383
Eddy,51327
Emmons,47976
Foster,58096
Golden Valley,58075
Grand Forks,54311
Grant,41295
Griggs,54250
Hettinger,51455
Kidder,45401
LaMoure,54514
Logan,50141
McHenry,54795
McIntosh,47288
McKenzie,76224
McLean,64524
Mercer,82303
Morton,68043
Mountrail,67162
Nelson,50093
Oliver,68243
Pembina,58766
Pierce,47360
Ramsey,54814
Ransom,61634
Renville,60205
Richland,61174
Rolette,42021
Sargent,64756
Sheridan,39439
Sioux,37002
Slope,49843
Stark,71888
Steele,66929
Stutsman,57002
Towner,51848
Traill,59931
Walsh,59705
Ward,63938
Wells,58261
Williams,79354
Adams,42154
Allen,50301
Ashland,54362
Ashtabula,46950
Athens,40416
Auglaize,63754
Belmont,48989
Brown,55334
Butler,61053
Carroll,50002
Champaign,57701
Clark,50089
Clermont,65280
Clinton,53947
Columbiana,44938
Coshocton,46420
Crawford,44715
Cuyahoga,50006
Darke,53853
Defiance,56740
Delaware,103536
Erie,53135
Fairfield,67654
Fayette,47733
Franklin,60383
Fulton,62800
Gallia,43785
Geauga,84093
Greene,68380
Guernsey,44623
Hamilton,57300
Hancock,61579
Hardin,49580
Harrison,50301
Henry,57705
Highland,49161
Hocking,50568
Holmes,60828
Huron,55202
Jackson,44726
Jefferson,42821
Knox,56885
Lake,65883
Lawrence,43031
Licking,66145
Logan,61699
Lorain,59265
Lucas,47865
Madison,61645
Mahoning,48010
Marion,45419
Medina,76475
Meigs,44286
Mercer,62782
Miami,59922
Monroe,46314
Montgomery,51071
Morgan,40557
Morrow,60452
Muskingum,49586
Noble,48792
Ottawa,58345
Paulding,53876
Perry,51534
Pickaway,58742
Pike,45163
Portage,63689
Preble,53904
Putnam,64304
Richland,49668
Ross,49385
Sandusky,53978
Scioto,41267
Seneca,52165
Shelby,63398
Stark,52310
Summit,58890
Trumbull,47424
Tuscarawas,51030
Union,84861
Van Wert,54331
Vinton,43457
Warren,87391
Washington,50904
Wayne,59142
Williams,54581
Wood,64282
Wyandot,55995
Adair,35156
Alfalfa,52952
Atoka,39702
Beaver,52550
Beckham,47825
Blaine,49513
Bryan,43445
Caddo,48533
Canadian,70942
Carter,48660
Cherokee,42913
Choctaw,35308
Cimarron,46777
Cleveland,62343
Coal,39396
Comanche,51382
Cotton,43386
Craig,43074
Creek,54478
Custer,49577
Delaware,40287
Dewey,50728
Ellis,51867
Garfield,52387
Garvin,47858
Grady,56489
Grant,49073
Greer,37445
Harmon,38537
Harper,55112
Haskell,37776
Hughes,37566
Jackson,47747
Jefferson,37338
Johnston,39756
Kay,45700
Kingfisher,59266
Kiowa,37831
Latimer,38284
Le Flore,38709
Lincoln,48039
Logan,69114
Love,48725
McClain,65831
McCurtain,37390
McIntosh,37468
Major,56102
Marshall,42258
Mayes,50951
Murray,50031
Muskogee,43911
Noble,54210
Nowata,45734
Okfuskee,37545
Oklahoma,52346
Okmulgee,42354
Osage,48826
Ottawa,38194
Pawnee,46949
Payne,47748
Pittsburg,42376
Pontotoc,48450
Pottawatomie,48499
Pushmataha,37026
Roger Mills,53871
Rogers,61849
Seminole,37901
Sequoyah,38998
Stephens,46512
Texas,51812
Tillman,41186
Tulsa,55796
Wagoner,62889
Washington,53992
Washita,47484
Woods,51715
Woodward,55134
Baker,45972
Benton,63600
Clackamas,81061
Clatsop,53806
Columbia,63338
Coos,48352
Crook,51348
Curry,48788
Deschutes,67372
Douglas,47020
Gilliam,54325
Grant,46141
Harney,43370
Hood River,66607
Jackson,55511
Jefferson,50376
Josephine,46578
Klamath,45374
Lake,44847
Lane,53161
Lincoln,49265
Linn,54292
Malheur,42624
Marion,56408
Morrow,55343
Multnomah,70756
Polk,62389
Sherman,58838
Tillamook,52486
Umatilla,53917
Union,50616
Wallowa,48137
Wasco,52269
Washington,82819
Wheeler,39579
Yamhill,61776
Adams,62877
Allegheny,59881
Armstrong,49436
Beaver,54823
Bedford,50257
Berks,62519
Blair,49244
Bradford,50978
Bucks,88538
Butler,67161
Cambria,45163
Cameron,41770
Carbon,53901
Centre,58258
Chester,99224
Clarion,46284
Clearfield,46706
Clinton,50999
Columbia,50774
Crawford,50805
Cumberland,71695
Dauphin,57979
Delaware,71961
Elk,54876
Erie,48453
Fayette,50381
Forest,41750
Franklin,60744
Fulton,52277
Greene,50956
Huntingdon,49019
Indiana,47999
Jefferson,46751
Juniata,54342
Lackawanna,52872
Lancaster,66270
Lawrence,48418
Lebanon,61087
Lehigh,62139
Luzerne,53469
Lycoming,53820
McKean,46529
Mercer,48788
Mifflin,47648
Monroe,63318
Montgomery,90155
Montour,61314
Northampton,68217
Northumberland,47243
Perry,62366
Philadelphia,46149
Pike,62657
Potter,44883
Schuylkill,48809
Snyder,56991
Somerset,50504
Sullivan,48998
Susquehanna,52573
Tioga,48799
Union,55679
Venango,45761
Warren,50554
Washington,63119
Wayne,53602
Westmoreland,58398
Wyoming,57599
York,65238
Bristol,80231
Kent,69089
Newport,77760
Providence,56141
Washington,86715
Abbeville,42412
Aiken,52633
Allendale,29124
Anderson,51740
Bamberg,36230
Barnwell,38131
Beaufort,65843
Berkeley,62204
Calhoun,45385
Charleston,62958
Cherokee,42542
Chester,42116
Chesterfield,39046
Clarendon,36722
Colleton,39079
Darlington,37206
Dillon,33159
Dorchester,65468
Edgefield,48818
Fairfield,39522
Florence,47949
Georgetown,46058
Greenville,61162
Greenwood,43879
Hampton,35871
Horry,49082
Jasper,43125
Kershaw,52270
Lancaster,58035
Laurens,42099
Lee,33199
Lexington,60627
McCormick,44683
Marion,34365
Marlboro,33534
Newberry,48029
Oconee,50529
Orangeburg,37134
Pickens,48794
Richland,52611
Saluda,46019
Spartanburg,53567
Sumter,45181
Union,40686
Williamsburg,32814
York,64904
Aurora,53107
Beadle,49712
Bennett,37071
Bon Homme,50278
Brookings,62109
Brown,60082
Brule,49732
Buffalo,25973
Butte,44388
Campbell,45737
Charles Mix,47412
Clark,48517
Clay,46378
Codington,55580
Corson,34024
Custer,58806
Davison,51724
Day,48023
Deuel,55404
Dewey,41942
Douglas,55159
Edmunds,58977
Fall River,46782
Faulk,49068
Grant,59813
Gregory,40583
Haakon,51801
Hamlin,65776
Hand,52568
Hanson,63772
Harding,55017
Hughes,70093
Hutchinson,54434
Hyde,52496
Jackson,34122
Jerauld,47689
Jones,49609
Kingsbury,54609
Lake,60733
Lawrence,51774
Lincoln,84889
Lyman,47429
McCook,59913
McPherson,39850
Marshall,56862
Meade,59524
Mellette,32780
Miner,50123
Minnehaha,60033
Moody,57392
Oglala Lakota,31662
Pennington,58738
Perkins,55626
Potter,54722
Roberts,44709
Sanborn,54874
Spink,50590
Stanley,69991
Sully,59457
Todd,31876
Tripp,45710
Turner,62792
Union,80698
Walworth,48394
Yankton,56535
Ziebach,32341
Anderson,50672
Bedford,49860
Benton,38940
Bledsoe,40195
Blount,57939
Bradley,50427
Campbell,39443
Cannon,51859
Carroll,42025
Carter,39202
Cheatham,63241
Chester,47508
Claiborne,37987
Clay,34238
Cocke,36192
Coffee,49494
Crockett,44431
Cumberland,46527
Davidson,60799
Decatur,42905
DeKalb,47420
Dickson,56166
Dyer,44302
Fayette,59529
Fentress,36687
Franklin,50201
Gibson,42720
Giles,48024
Grainger,41829
Greene,44366
Grundy,36317
Hamblen,44040
Hamilton,57196
Hancock,30691
Hardeman,37834
Hardin,37690
Hawkins,42188
Haywood,39574
Henderson,43491
Henry,43159
Hickman,44684
Houston,44688
Humphreys,48056
Jackson,37563
Jefferson,49611
Johnson,35778
Knox,55874
Lake,33709
Lauderdale,38849
Lawrence,43651
Lewis,40541
Lincoln,51249
Loudon,58186
McMinn,46029
McNairy,39859
Macon,42265
Madison,46651
Marion,50819
Marshall,51868
Maury,57337
Meigs,50565
Monroe,45566
Montgomery,56102
Moore,58234
Morgan,40397
Obion,42532
Overton,42149
Perry,41960
Pickett,40182
Polk,41968
Putnam,45512
Rhea,44132
Roane,54440
Robertson,66006
Rutherford,64170
Scott,35685
Sequatchie,49707
Sevier,47202
Shelby,47924
Smith,50704
Stewart,46565
Sullivan,46024
Sumner,66171
Tipton,60874
Trousdale,49280
Unicoi,43688
Union,40322
Van Buren,38265
Warren,42475
Washington,49242
Wayne,38879
Weakley,42351
White,42603
Williamson,115930
Wilson,76507
Anderson,45969
Andrews,84946
Angelina,46653
Aransas,46912
Archer,61190
Armstrong,57210
Atascosa,50594
Austin,59942
Bailey,45051
Bandera,53008
Bastrop,61883
Baylor,41180
Bee,41806
Bell,54292
Bexar,54210
Blanco,64832
Borden,66101
Bosque,48460
Bowie,47339
Brazoria,74225
Brazos,50113
Brewster,45670
Briscoe,44409
Brooks,30116
Brown,47097
Burleson,53626
Burnet,56696
Caldwell,52588
Calhoun,52085
Callahan,50330
Cameron,38106
Camp,43714
Carson,64799
Cass,44154
Castro,45689
Chambers,89513
Cherokee,43483
Childress,42291
Clay,58356
Cochran,42873
Coke,44804
Coleman,39484
Collin,96936
Collingsworth,39536
Colorado,48258
Comal,76523
Comanche,52251
Concho,40987
Cooke,52047
Coryell,48099
Cottle,38304
Crane,61987
Crockett,49117
Crosby,37911
Culberson,42164
Dallam,50587
Dallas,59838
Dawson,43726
Deaf Smith,44230
Delta,44410
Denton,88384
DeWitt,49208
Dickens,39627
Dimmit,37177
Donley,40945
Duval,35156
Eastland,44773
Ector,60431
Edwards,37812
Ellis,76792
El Paso,43948
Erath,47087
Falls,37428
Fannin,53111
Fayette,55776
Fisher,45261
Floyd,39891
Foard,37648
Fort Bend,92310
Franklin,48222
Freestone,49317
Frio,41038
Gaines,56321
Galveston,71959
Garza,46490
Gillespie,61433
Glasscock,83330
Goliad,55008
Gonzales,49829
Gray,49121
Grayson,51403
Gregg,50610
Grimes,49498
Guadalupe,73864
Hale,42782
Hall,32597
Hamilton,49210
Hansford,57240
Hardeman,42469
Hardin,60909
Harris,60241
Harrison,50131
Hartley,72451
Haskell,40880
Hays,68180
Hemphill,66849
Henderson,43337
Hidalgo,38785
Hill,48670
Hockley,46764
Hood,60917
Hopkins,52079
Houston,39533
Howard,50423
Hudspeth,42671
Hunt,53360
Hutchinson,54351
Irion,56775
Jack,48780
Jackson,54088
Jasper,47551
Jeff Davis,51343
Jefferson,48121
Jim Hogg,36176
Jim Wells,41919
Johnson,62635
Jones,43903
Karnes,48743
Kaufman,67434
Kendall,90937
Kenedy,42153
Kent,47625
Kerr,53704
Kimble,42503
King,57925
Kinney,43192
Kleberg,42605
Knox,39726
Lamar,45767
Lamb,42700
Lampasas,55151
La Salle,40072
Lavaca,51128
Lee,55834
Leon,47065
Liberty,52577
Limestone,43226
Lipscomb,57332
Live Oak,48814
Llano,54019
Loving,78637
Lubbock,50377
Lynn,43436
McCulloch,42719
McLennan,48858
McMullen,64633
Madison,45445
Marion,38011
Martin,56484
Mason,49560
Matagorda,48830
Maverick,35594
Medina,59304
Menard,35881
Midland,80189
Milam,46720
Mills,47068
Mitchell,48529
Montague,50542
Montgomery,77598
Moore,53785
Morris,41418
Motley,41009
Nacogdoches,45357
Navarro,46259
Newton,43367
Nolan,42522
Nueces,53034
Ochiltree,49845
Oldham,56590
Orange,56556
Palo Pinto,46067
Panola,51192
Parker,73718
Parmer,50539
Pecos,47008
Polk,46017
Potter,41912
Presidio,37738
Rains,47572
Randall,69600
Reagan,65273
Real,39506
Red River,42233
Reeves,45341
Refugio,44821
Roberts,67470
Robertson,44917
Rockwall,102858
Runnels,42205
Rusk,49788
Sabine,40641
San Augustine,38826
San Jacinto,47028
San Patricio,53559
San Saba,43827
Schleicher,47317
Scurry,53059
Shackelford,57126
Shelby,41961
Sherman,57052
Smith,56848
Somervell,63929
Starr,30490
Stephens,43115
Sterling,59064
Stonewall,46915
Sutton,54774
Swisher,43084
Tarrant,66059
Taylor,48040
Terrell,41413
Terry,41268
Throckmorton,42701
Titus,45604
Tom Green,51393
Travis,76255
Trinity,40486
Tyler,44041
Upshur,48554
Upton,53867
Uvalde,39725
Val Verde,44276
Van Zandt,51152
Victoria,51646
Walker,43681
Waller,59807
Ward,53621
Washington,54332
Webb,44919
Wharton,48040
Wheeler,48018
Wichita,47477
Wilbarger,44735
Willacy,33171
Williamson,87817
Wilson,71207
Winkler,56781
Wise,66387
Wood,48384
Yoakum,61560
Young,49301
Zapata,33160
Zavala,30076
Beaver,55940
Box Elder,62689
Cache,60315
Carbon,51394
Daggett,58910
Davis,84381
Duchesne,60767
Emery,54213
Garfield,51028
Grand,50750
Iron,51393
Juab,65379
Kane,52355
Millard,58644
Morgan,98875
Piute,40387
Rich,60695
Salt Lake,73619
San Juan,42982
Sanpete,52910
Sevier,54339
Summit,105374
Tooele,73584
Uintah,63631
Utah,75296
Wasatch,85380
Washington,57069
Wayne,47175
Weber,68106
Addison,68878
Bennington,52510
Caledonia,50368
Chittenden,74240
Essex,43671
Franklin,61129
Grand Isle,67746
Lamoille,60230
Orange,62300
Orleans,48688
Rutland,51723
Washington,61808
Windham,54441
Windsor,57438
Accomack,42879
Albemarle,80392
Alleghany,46538
Amelia,57280
Amherst,50580
Appomattox,51131
Arlington,120950
Augusta,60556
Bath,50564
Bedford,61186
Bland,47681
Botetourt,71874
Brunswick,41803
Buchanan,32144
Buckingham,45889
Campbell,51525
Caroline,67335
Carroll,41517
Charles City,56872
Charlotte,41382
Chesterfield,80734
Clarke,84021
Craig,50858
Culpeper,72111
Cumberland,46300
Dickenson,35047
Dinwiddie,57257
Essex,50785
Fairfax,122035
Fauquier,93462
Floyd,48315
Fluvanna,73463
Franklin,53522
Frederick,77684
Giles,50591
Gloucester,70938
Goochland,89331
Grayson,37550
Greene,67498
Greensville,43533
Halifax,43096
Hanover,91028
Henrico,68581
Henry,36471
Highland,45089
Isle of Wight,72993
James City,86541
King and Queen,51124
King George,86619
King William,68724
Lancaster,52814
Lee,34796
Loudoun,140382
Louisa,63714
Lunenburg,41421
Madison,60450
Mathews,61764
Mecklenburg,44832
Middlesex,54871
Montgomery,52538
Nelson,56690
New Kent,90858
Northampton,43157
Northumberland,55418
Nottoway,46368
Orange,63681
Page,49073
Patrick,42862
Pittsylvania,44710
Powhatan,88475
Prince Edward,48450
Prince George,68133
Prince William,106200
Pulaski,50834
Rappahannock,71035
Richmond,49399
Roanoke,68734
Rockbridge,53413
Rockingham,61375
Russell,38966
Scott,40161
Shenandoah,55283
Smyth,40972
Southampton,52741
Spotsylvania,86695
Stafford,108421
Surry,54663
Sussex,43031
Tazewell,42074
Warren,65635
Washington,45510
Westmoreland,51414
Wise,38045
Wythe,46345
York,86317
Alexandria City,99425
Bristol City,36903
Buena Vista City,43390
Charlottesville City,56997
Chesapeake City,78846
Colonial Heights City,56800
Covington City,40504
Danville City,36015
Emporia City,36908
Fairfax City,105532
Falls Church City,137551
Franklin City,37327
Fredericksburg City,58448
Galax City,36571
Hampton City,54763
Harrisonburg City,42640
Hopewell City,42568
Lexington City,48726
Lynchburg City,43200
Manassas City,79141
Manassas Park City,77032
Martinsville City,33892
Newport News City,50283
Norfolk City,48519
Norton City,34442
Petersburg City,37049
Poquoson City,96057
Portsmouth City,47343
Radford City,39254
Richmond City,48747
Roanoke City,42715
Salem City,57274
Staunton City,47319
Suffolk City,69753
Virginia Beach City,76520
Waynesboro City,47117
Williamsburg City,52845
Winchester City,51456
Adams,52012
Asotin,49776
Benton,69212
Chelan,57243
Clallam,57183
Clark,73971
Columbia,53700
Cowlitz,58624
Douglas,65912
Ferry,40468
Franklin,60483
Garfield,50185
Grant,53688
Grays Harbor,48763
Island,65987
Jefferson,55893
King,94822
Kitsap,76530
Kittitas,55624
Klickitat,56503
Lewis,57019
Lincoln,53326
Mason,58239
Okanogan,48345
Pacific,46365
Pend Oreille,49750
Pierce,75022
San Juan,62249
Skagit,70955
Skamania,64344
Snohomish,87096
Spokane,59408
Stevens,51183
Thurston,72400
Wahkiakum,55692
Walla Walla,57329
Whatcom,62262
Whitman,45389
Yakima,51377
Barbour,39776
Berkeley,59619
Boone,38110
Braxton,39292
Brooke,48342
Cabell,39790
Calhoun,36384
Clay,35983
Doddridge,44725
Fayette,37867
Gilmer,38173
Grant,42146
Greenbrier,37665
Hampshire,44442
Hancock,47299
Hardy,43573
Harrison,47942
Jackson,48731
Jefferson,75027
Kanawha,41926
Lewis,40691
Lincoln,39766
Logan,34894
McDowell,27292
Marion,46244
Marshall,50064
Mason,43050
Mercer,37860
Mineral,48578
Mingo,32917
Monongalia,51070
Monroe,38171
Morgan,49487
Nicholas,38572
Ohio,48689
Pendleton,40415
Pleasants,50768
Pocahontas,39467
Preston,47101
Putnam,61995
Raleigh,41298
Randolph,40064
Ritchie,43717
Roane,36658
Summers,34768
Taylor,46370
Tucker,48070
Tyler,46054
Upshur,41213
Wayne,38704
Webster,34054
Wetzel,44685
Wirt,44837
Wood,45278
Wyoming,35460
Adams,43000
Ashland,44627
Barron,50344
Bayfield,53637
Brown,62097
Buffalo,59087
Burnett,55295
Calumet,72645
Chippewa,59528
Clark,55245
Columbia,65435
Crawford,49200
Dane,71789
Dodge,63608
Door,61221
Douglas,50637
Dunn,57506
Eau Claire,60111
Florence,53188
Fond du Lac,59428
Forest,45156
Grant,57328
Green,63160
Green Lake,55512
Iowa,68017
Iron,44130
Jackson,52919
Jefferson,65831
Juneau,52891
Kenosha,65013
Kewaunee,63612
La Crosse,60619
Lafayette,60711
Langlade,51334
Lincoln,56645
Manitowoc,56466
Marathon,63442
Marinette,50670
Marquette,46964
Menominee,40682
Milwaukee,49771
Monroe,58391
Oconto,59983
Oneida,53805
Outagamie,65993
Ozaukee,83014
Pepin,56348
Pierce,75421
Polk,59990
Portage,59032
Price,47032
Racine,60349
Richland,53050
Rock,57675
Rusk,48448
St. Croix,82575
Sauk,57256
Sawyer,46490
Shawano,56022
Sheboygan,61906
Taylor,56981
Trempealeau,56978
Vernon,51692
Vilas,47198
Walworth,64234
Washburn,50482
Washington,75799
Waukesha,87333
Waupaca,58648
Waushara,52340
Winnebago,57785
Wood,55879
Albany,47561
Big Horn,55195
Campbell,78112
Carbon,61773
Converse,68162
Crook,64053
Fremont,51204
Goshen,51676
Hot Springs,49356
Johnson,57676
Laramie,63839
Lincoln,69598
Natrona,64714
Niobrara,51036
Park,58873
Platte,54165
Sheridan,58307
Sublette,74570
Sweetwater,73315
Teton,99087
Uinta,63401
Washakie,55190
Weston,54319
