County_Name,pct_obesity
Autauga,33
Baldwin,31
Barbour,41
Bibb,37
Blount,33
Bullock,37
Butler,43
Calhoun,38
Chambers,40
Cherokee,35
Chilton,37
Choctaw,41
Clarke,34
Clay,40
Cleburne,37
Coffee,34
Colbert,30
Conecuh,43
Coosa,40
Covington,31
Crenshaw,38
Cullman,36
Dale,37
Dallas,43
DeKalb,29
Elmore,34
Escambia,39
Etowah,35
Fayette,41
Franklin,34
Geneva,38
Greene,35
Hale,40
Henry,36
Houston,38
Jackson,38
Jefferson,34
Lamar,35
Lauderdale,32
Lawrence,32
Lee,29
Limestone,33
Lowndes,46
Macon,49
Madison,32
Marengo,42
Marion,36
Marshall,34
Mobile,36
Monroe,41
Montgomery,37
Morgan,32
Perry,43
Pickens,34
Pike,36
Randolph,37
Russell,45
St. Clair,36
Shelby,35
Sumter,42
Talladega,38
Tallapoosa,36
Tuscaloosa,34
Walker,39
Washington,32
Wilcox,47
Winston,37
Aleutians East,50
Aleutians West,44
Anchorage,31
Bethel,31
Bristol Bay,41
Denali,25
Dillingham,35
Fairbanks North Star,30
Haines,27
Hoonah-Angoon,32
Juneau,27
Kenai Peninsula,32
Ketchikan Gateway,38
Kodiak Island,34
Kusilvak,23
Lake and Peninsula,37
Matanuska-Susitna,34
Nome,40
North Slope,40
Northwest Arctic,42
Petersburg,25
Prince of Wales-Hyder,44
Sitka,26
Skagway,32
Southeast Fairbanks,32
Valdez-Cordova,34
Wrangell,42
Yakutat,31
Yukon-Koyukuk,30
Apache,33
Cochise,29
Coconino,23
Gila,30
Graham,34
Greenlee,29
La Paz,30
Maricopa,26
Mohave,31
Navajo,34
Pima,25
Pinal,32
Santa Cruz,26
Yavapai,23
Yuma,36
Arkansas,30
Ashley,42
Baxter,33
Benton,29
Boone,34
Bradley,46
Calhoun,29
Carroll,27
Chicot,38
Clark,26
Clay,42
Cleburne,36
Cleveland,35
Columbia,36
Conway,36
Craighead,38
Crawford,35
Crittenden,41
Cross,38
Dallas,38
Desha,37
Drew,40
Faulkner,35
Franklin,34
Fulton,27
Garland,29
Grant,35
Greene,36
Hempstead,29
Hot Spring,36
Howard,44
Independence,28
Izard,34
Jackson,43
Jefferson,40
Johnson,39
Lafayette,46
Lawrence,32
Lee,39
Lincoln,32
Little River,37
Logan,32
Lonoke,43
Madison,34
Marion,28
Miller,34
Mississippi,40
Monroe,38
Montgomery,29
Nevada,35
Newton,32
Ouachita,38
Perry,33
Phillips,42
Pike,33
Poinsett,41
Polk,33
Pope,34
Prairie,44
Pulaski,33
Randolph,35
St. Francis,42
Saline,30
Scott,38
Searcy,32
Sebastian,31
Sevier,33
Sharp,37
Stone,38
Union,34
Van Buren,37
Washington,29
White,31
Woodruff,42
Yell,37
Alameda,19
Alpine,23
Amador,29
Butte,27
Calaveras,30
Colusa,40
Contra Costa,24
Del Norte,34
El Dorado,22
Fresno,31
Glenn,32
Humboldt,29
Imperial,34
Inyo,27
Kern,32
Kings,29
Lake,25
Lassen,40
Los Angeles,21
Madera,35
Marin,16
Mariposa,23
Mendocino,32
Merced,28
Modoc,28
Mono,25
Monterey,27
Napa,23
Nevada,22
Orange,19
Placer,20
Plumas,26
Riverside,27
Sacramento,28
San Benito,32
San Bernardino,28
San Diego,20
San Francisco,18
San Joaquin,32
San Luis Obispo,25
San Mateo,21
Santa Barbara,24
Santa Clara,19
Santa Cruz,19
Shasta,23
Sierra,24
Siskiyou,31
Solano,30
Sonoma,22
Stanislaus,30
Sutter,31
Tehama,27
Trinity,33
Tulare,37
Tuolumne,33
Ventura,20
Yolo,23
Yuba,34
Adams,27
Alamosa,24
Arapahoe,22
Archuleta,23
Baca,30
Bent,30
Boulder,15
Broomfield,19
Chaffee,15
Cheyenne,23
Clear Creek,22
Conejos,26
Costilla,27
Crowley,30
Custer,27
Delta,26
Denver,16
Dolores,20
Douglas,19
Eagle,12
Elbert,28
El Paso,22
Fremont,27
Garfield,23
Gilpin,27
Grand,18
Gunnison,16
Hinsdale,24
Huerfano,26
Jackson,28
Jefferson,20
Kiowa,30
Kit Carson,31
Lake,24
La Plata,18
Larimer,20
Las Animas,28
Lincoln,30
Logan,38
Mesa,23
Mineral,21
Moffat,26
Montezuma,27
Montrose,20
Morgan,34
Otero,35
Ouray,21
Park,23
Phillips,31
Pitkin,14
Prowers,33
Pueblo,29
Rio Blanco,25
Rio Grande,27
Routt,15
Saguache,29
San Juan,24
San Miguel,18
Sedgwick,26
Summit,15
Teller,21
Washington,31
Weld,29
Yuma,27
Fairfield,21
Hartford,26
Litchfield,27
Middlesex,25
New Haven,28
New London,29
Tolland,24
Windham,30
Kent,35
New Castle,28
Sussex,32
District of Columbia,23
Alachua,26
Baker,37
Bay,29
Bradford,36
Brevard,29
Broward,24
Calhoun,36
Charlotte,27
Citrus,29
Clay,32
Collier,21
Columbia,35
DeSoto,31
Dixie,34
Duval,31
Escambia,29
Flagler,25
Franklin,35
Gadsden,42
Gilchrist,37
Glades,36
Gulf,33
Hamilton,41
Hardee,38
Hendry,34
Hernando,31
Highlands,30
Hillsborough,24
Holmes,33
Indian River,26
Jackson,36
Jefferson,34
Lafayette,32
Lake,30
Lee,25
Leon,30
Levy,32
Liberty,39
Madison,35
Manatee,26
Marion,30
Martin,19
Miami-Dade,22
Monroe,21
Nassau,28
Okaloosa,27
Okeechobee,33
Orange,25
Osceola,30
Palm Beach,21
Pasco,31
Pinellas,25
Polk,37
Putnam,38
St. Johns,23
St. Lucie,29
Santa Rosa,30
Sarasota,21
Seminole,26
Sumter,29
Suwannee,38
Taylor,34
Union,36
Volusia,29
Wakulla,39
Walton,31
Washington,37
Appling,38
Atkinson,34
Bacon,37
Baker,35
Baldwin,37
Banks,34
Barrow,38
Bartow,31
Ben Hill,39
Berrien,39
Bibb,36
Bleckley,42
Brantley,32
Brooks,33
Bryan,35
Bulloch,30
Burke,34
Butts,33
Calhoun,27
Camden,39
Candler,49
Carroll,39
Catoosa,38
Charlton,35
Chatham,32
Chattahoochee,34
Chattooga,30
Cherokee,26
Clarke,24
Clay,35
Clayton,36
Clinch,51
Cobb,29
Coffee,34
Colquitt,37
Columbia,32
Cook,29
Coweta,28
Crawford,46
Crisp,38
Dade,40
Dawson,28
Decatur,27
DeKalb,26
Dodge,34
Dooly,38
Dougherty,37
Douglas,31
Early,43
Echols,27
Effingham,39
Elbert,40
Emanuel,27
Evans,31
Fannin,26
Fayette,29
Floyd,37
Forsyth,27
Franklin,32
Fulton,25
Gilmer,23
Glascock,25
Glynn,33
Gordon,29
Grady,34
Greene,33
Gwinnett,30
Habersham,25
Hall,32
Hancock,31
Haralson,23
Harris,35
Hart,32
Heard,38
Henry,36
Houston,39
Irwin,40
Jackson,29
Jasper,38
Jeff Davis,31
Jefferson,28
Jenkins,35
Johnson,41
Jones,34
Lamar,32
Lanier,37
Laurens,41
Lee,44
Liberty,37
Lincoln,24
Long,34
Lowndes,38
Lumpkin,34
McDuffie,24
McIntosh,30
Macon,31
Madison,33
Marion,33
Meriwether,33
Miller,23
Mitchell,34
Monroe,35
Montgomery,40
Morgan,34
Murray,34
Muscogee,38
Newton,38
Oconee,24
Oglethorpe,34
Paulding,34
Peach,37
Pickens,29
Pierce,36
Pike,34
Polk,37
Pulaski,41
Putnam,34
Quitman,29
Rabun,32
Randolph,36
Richmond,35
Rockdale,42
Schley,26
Screven,29
Seminole,30
Spalding,39
Stephens,37
Stewart,31
Sumter,36
Talbot,37
Taliaferro,35
Tattnall,43
Taylor,38
Telfair,25
Terrell,33
Thomas,32
Tift,36
Toombs,48
Towns,26
Treutlen,35
Troup,40
Turner,38
Twiggs,36
Union,27
Upson,26
Walker,36
Walton,28
Ware,36
Warren,57
Washington,36
Wayne,40
Webster,25
Wheeler,32
White,28
Whitfield,34
Wilcox,40
Wilkes,30
Wilkinson,35
Worth,51
Hawaii,25
Honolulu,23
Kalawao,17
Kauai,21
Maui,24
Ada,25
Adams,30
Bannock,32
Bear Lake,26
Benewah,31
Bingham,31
Blaine,15
Boise,30
Bonner,25
Bonneville,29
Boundary,28
Butte,28
Camas,24
Canyon,34
Caribou,30
Cassia,37
Clark,28
Clearwater,32
Custer,27
Elmore,35
Franklin,33
Fremont,29
Gem,37
Gooding,33
Idaho,31
Jefferson,31
Jerome,31
Kootenai,26
Latah,23
Lemhi,24
Lewis,28
Lincoln,28
Madison,27
Minidoka,34
Nez Perce,30
Oneida,29
Owyhee,39
Payette,34
Power,35
Shoshone,35
Teton,21
Twin Falls,32
Valley,27
Washington,35
Adams,36
Alexander,26
Bond,25
Boone,33
Brown,23
Bureau,27
Calhoun,36
Carroll,25
Cass,34
Champaign,30
Christian,29
Clark,36
Clay,23
Clinton,38
Coles,36
Cook,28
Crawford,27
Cumberland,32
DeKalb,31
De Witt,27
Douglas,30
DuPage,26
Edgar,30
Edwards,30
Effingham,27
Fayette,24
Ford,25
Franklin,26
Fulton,28
Gallatin,23
Greene,28
Grundy,34
Hamilton,25
Hancock,31
Hardin,24
Henderson,26
Henry,36
Iroquois,29
Jackson,23
Jasper,24
Jefferson,33
Jersey,33
Jo Daviess,28
Johnson,24
Kane,28
Kankakee,41
Kendall,31
Knox,29
Lake,25
LaSalle,28
Lawrence,22
Lee,37
Livingston,34
Logan,36
McDonough,34
McHenry,33
McLean,33
Macon,31
Macoupin,28
Madison,36
Marion,29
Marshall,26
Mason,29
Massac,33
Menard,30
Mercer,32
Monroe,36
Montgomery,31
Morgan,32
Moultrie,24
Ogle,37
Peoria,35
Perry,32
Piatt,25
Pike,29
Pope,26
Pulaski,34
Putnam,26
Randolph,27
Richland,28
Rock Island,33
St. Clair,37
Saline,27
Sangamon,30
Schuyler,25
Scott,28
Shelby,32
Stark,25
Stephenson,34
Tazewell,32
Union,37
Vermilion,40
Wabash,35
Warren,26
Washington,28
Wayne,31
White,29
Whiteside,33
Will,31
Williamson,26
Winnebago,33
Woodford,27
Adams,34
Allen,32
Bartholomew,32
Benton,33
Blackford,34
Boone,27
Brown,31
Carroll,37
Cass,32
Clark,36
Clay,35
Clinton,38
Crawford,29
Daviess,36
Dearborn,33
Decatur,33
DeKalb,30
Delaware,34
Dubois,29
Elkhart,33
Fayette,37
Floyd,34
Fountain,32
Franklin,37
Fulton,38
Gibson,29
Grant,37
Greene,38
Hamilton,26
Hancock,37
Harrison,38
Hendricks,31
Henry,29
Howard,35
Huntington,37
Jackson,30
Jasper,35
Jay,34
Jefferson,35
Jennings,39
Johnson,31
Knox,34
Kosciusko,34
LaGrange,37
Lake,35
LaPorte,36
Lawrence,32
Madison,38
Marion,32
Marshall,41
Martin,42
Miami,36
Monroe,25
Montgomery,25
Morgan,35
Newton,30
Noble,38
Ohio,35
Orange,35
Owen,31
Parke,29
Perry,35
Pike,38
Porter,33
Posey,31
Pulaski,31
Putnam,30
Randolph,36
Ripley,31
Rush,29
St. Joseph,33
Scott,32
Shelby,36
Spencer,35
Starke,32
Steuben,29
Sullivan,30
Switzerland,34
Tippecanoe,32
Tipton,34
Union,24
Vanderburgh,34
Vermillion,40
Vigo,34
Wabash,34
Warren,34
Warrick,35
Washington,40
Wayne,37
Wells,34
White,28
Whitley,36
Adair,31
Adams,29
Allamakee,35
Appanoose,37
Audubon,30
Benton,35
Black Hawk,30
Boone,35
Bremer,32
Buchanan,32
Buena Vista,33
Butler,33
Calhoun,36
Carroll,33
Cass,33
Cedar,34
Cerro Gordo,30
Cherokee,35
Chickasaw,30
Clarke,36
Clay,35
Clayton,36
Clinton,33
Crawford,33
Dallas,28
Davis,25
Decatur,40
Delaware,32
Des Moines,36
Dickinson,27
Dubuque,33
Emmet,40
Fayette,33
Floyd,40
Franklin,45
Fremont,32
Greene,41
Grundy,31
Guthrie,33
Hamilton,33
Hancock,34
Hardin,42
Harrison,39
Henry,34
Howard,31
Humboldt,29
Ida,30
Iowa,31
Jackson,31
Jasper,36
Jefferson,28
Johnson,26
Jones,37
Keokuk,36
Kossuth,35
Lee,40
Linn,34
Louisa,37
Lucas,31
Lyon,39
Madison,36
Mahaska,33
Marion,33
Marshall,34
Mills,32
Mitchell,32
Monona,37
Monroe,33
Montgomery,26
Muscatine,36
O'Brien,28
Osceola,32
Page,44
Palo Alto,31
Plymouth,32
Pocahontas,37
Polk,31
Pottawattamie,41
Poweshiek,31
Ringgold,32
Sac,30
Scott,33
Shelby,34
Sioux,28
Story,26
Tama,35
Taylor,32
Union,40
Van Buren,32
Wapello,32
Warren,34
Washington,34
Wayne,39
Webster,37
Winnebago,39
Winneshiek,33
Woodbury,35
Worth,32
Wright,36
Allen,38
Anderson,35
Atchison,43
Barber,27
Barton,39
Bourbon,34
Brown,36
Butler,35
Chase,34
Chautauqua,31
Cherokee,41
Cheyenne,32
Clark,32
Clay,29
Cloud,40
Coffey,38
Comanche,26
Cowley,38
Crawford,33
Decatur,32
Dickinson,36
Doniphan,37
Douglas,27
Edwards,38
Elk,33
Ellis,30
Ellsworth,36
Finney,36
Ford,30
Franklin,32
Geary,38
Gove,28
Graham,30
Grant,31
Gray,31
Greeley,28
Greenwood,36
Hamilton,39
Harper,36
Harvey,30
Haskell,33
Hodgeman,34
Jackson,37
Jefferson,34
Jewell,29
Johnson,27
Kearny,34
Kingman,31
Kiowa,29
Labette,37
Lane,31
Leavenworth,36
Lincoln,32
Linn,40
Logan,31
Lyon,39
McPherson,30
Marion,40
Marshall,34
Meade,34
Miami,35
Mitchell,30
Montgomery,40
Morris,38
Morton,29
Nemaha,33
Neosho,38
Ness,33
Norton,30
Osage,39
Osborne,29
Ottawa,33
Pawnee,36
Phillips,34
Pottawatomie,31
Pratt,32
Rawlins,27
Reno,36
Republic,35
Rice,37
Riley,25
Rooks,35
Rush,38
Russell,33
Saline,34
Scott,39
Sedgwick,33
Seward,35
Shawnee,36
Sheridan,23
Sherman,39
Smith,37
Stafford,32
Stanton,37
Stevens,37
Sumner,42
Thomas,33
Trego,36
Wabaunsee,33
Wallace,26
Washington,32
Wichita,36
Wilson,39
Woodson,38
Wyandotte,39
Adair,40
Allen,37
Anderson,36
Ballard,36
Barren,33
Bath,41
Bell,37
Boone,35
Bourbon,30
Boyd,40
Boyle,28
Bracken,31
Breathitt,38
Breckinridge,24
Bullitt,34
Butler,31
Caldwell,33
Calloway,33
Campbell,31
Carlisle,27
Carroll,29
Carter,39
Casey,34
Christian,34
Clark,36
Clay,36
Clinton,35
Crittenden,31
Cumberland,37
Daviess,31
Edmonson,36
Elliott,39
Estill,40
Fayette,26
Fleming,34
Floyd,41
Franklin,37
Fulton,39
Gallatin,30
Garrard,38
Grant,33
Graves,35
Grayson,37
Green,34
Greenup,40
Hancock,30
Hardin,37
Harlan,32
Harrison,35
Hart,30
Henderson,35
Henry,28
Hickman,29
Hopkins,35
Jackson,43
Jefferson,32
Jessamine,33
Johnson,43
Kenton,33
Knott,41
Knox,39
Larue,36
Laurel,39
Lawrence,39
Lee,39
Leslie,41
Letcher,38
Lewis,43
Lincoln,38
Livingston,32
Logan,38
Lyon,26
McCracken,30
McCreary,39
McLean,37
Madison,35
Magoffin,36
Marion,36
Marshall,38
Martin,40
Mason,34
Meade,36
Menifee,32
Mercer,27
Metcalfe,33
Monroe,36
Montgomery,32
Morgan,37
Muhlenberg,35
Nelson,35
Nicholas,33
Ohio,35
Oldham,21
Owen,35
Owsley,46
Pendleton,33
Perry,41
Pike,38
Powell,32
Pulaski,36
Robertson,26
Rockcastle,33
Rowan,38
Russell,32
Scott,34
Shelby,30
Simpson,38
Spencer,36
Taylor,35
Todd,35
Trigg,32
Trimble,36
Union,31
Warren,29
Washington,34
Wayne,40
Webster,35
Whitley,33
Wolfe,36
Woodford,32
Acadia,38
Allen,37
Ascension,33
Assumption,42
Avoyelles,44
Beauregard,36
Bienville,45
Bossier,30
Caddo,39
Calcasieu,35
Caldwell,39
Cameron,35
Catahoula,37
Claiborne,37
Concordia,34
De Soto,38
East Baton Rouge,31
East Carroll,40
East Feliciana,34
Evangeline,39
Franklin,38
Grant,47
Iberia,41
Iberville,38
Jackson,34
Jefferson,33
Jefferson Davis,40
Lafayette,31
Lafourche,39
La Salle,34
Lincoln,35
Livingston,36
Madison,41
Morehouse,43
Natchitoches,36
Orleans,29
Ouachita,40
Plaquemines,37
Pointe Coupee,31
Rapides,39
Red River,31
Richland,35
Sabine,45
St. Bernard,42
St. Charles,37
St. Helena,32
St. James,38
St. John the Baptist,43
St. Landry,33
St. Martin,36
St. Mary,38
St. Tammany,30
Tangipahoa,38
Tensas,30
Terrebonne,41
Union,38
Vermilion,38
Vernon,35
Washington,42
Webster,32
West Baton Rouge,37
West Carroll,46
West Feliciana,21
Winn,37
Androscoggin,33
Aroostook,35
Cumberland,23
Franklin,34
Hancock,24
Kennebec,33
Knox,27
Lincoln,24
Oxford,33
Penobscot,33
Piscataquis,36
Sagadahoc,25
Somerset,33
Waldo,30
Washington,32
York,30
Allegany,36
Anne Arundel,29
Baltimore,30
Calvert,32
Caroline,40
Carroll,33
Cecil,32
Charles,36
Dorchester,39
Frederick,29
Garrett,37
Harford,32
Howard,25
Kent,29
Montgomery,21
Prince George's,37
Queen Anne's,29
St. Mary's,36
Somerset,44
Talbot,28
Washington,36
Wicomico,36
Worcester,34
Baltimore City,34
Barnstable,21
Berkshire,25
Bristol,29
Dukes,26
Essex,24
Franklin,28
Hampden,31
Hampshire,20
Middlesex,22
Nantucket,24
Norfolk,23
Plymouth,28
Suffolk,21
Worcester,27
Alcona,34
Alger,25
Allegan,33
Alpena,33
Antrim,31
Arenac,35
Baraga,35
Barry,37
Bay,35
Benzie,36
Berrien,32
Branch,38
Calhoun,33
Cass,39
Charlevoix,34
Cheboygan,30
Chippewa,40
Clare,37
Clinton,34
Crawford,32
Delta,35
Dickinson,24
Eaton,37
Emmet,27
Genesee,34
Gladwin,42
Gogebic,31
Grand Traverse,30
Gratiot,37
Hillsdale,38
Houghton,31
Huron,34
Ingham,31
Ionia,34
Iosco,30
Iron,27
Isabella,33
Jackson,36
Kalamazoo,31
Kalkaska,34
Kent,29
Keweenaw,28
Lake,27
Lapeer,33
Leelanau,27
Lenawee,39
Livingston,27
Luce,30
Mackinac,34
Macomb,32
Manistee,30
Marquette,35
Mason,28
Mecosta,34
Menominee,30
Midland,38
Missaukee,37
Monroe,37
Montcalm,35
Montmorency,35
Muskegon,35
Newaygo,34
Oakland,24
Oceana,30
Ogemaw,38
Ontonagon,30
Osceola,40
Oscoda,38
Otsego,27
Ottawa,27
Presque Isle,33
Roscommon,34
Saginaw,37
St. Clair,33
St. Joseph,33
Sanilac,32
Schoolcraft,28
Shiawassee,38
Tuscola,30
Van Buren,33
Washtenaw,24
Wayne,34
Wexford,36
Aitkin,29
Anoka,30
Becker,30
Beltrami,33
Benton,30
Big Stone,34
Blue Earth,33
Brown,32
Carlton,30
Carver,23
Cass,30
Chippewa,33
Chisago,29
Clay,28
Clearwater,30
Cook,21
Cottonwood,35
Crow Wing,29
Dakota,28
Dodge,36
Douglas,32
Faribault,32
Fillmore,28
Freeborn,35
Goodhue,32
Grant,33
Hennepin,22
Houston,28
Hubbard,34
Isanti,34
Itasca,33
Jackson,28
Kanabec,33
Kandiyohi,27
Kittson,30
Koochiching,28
Lac qui Parle,35
Lake,27
Lake of the Woods,29
Le Sueur,34
Lincoln,28
Lyon,31
McLeod,34
Mahnomen,38
Marshall,38
Martin,32
Meeker,32
Mille Lacs,30
Morrison,32
Mower,31
Murray,32
Nicollet,27
Nobles,33
Norman,36
Olmsted,27
Otter Tail,31
Pennington,26
Pine,35
Pipestone,31
Polk,39
Pope,30
Ramsey,26
Red Lake,36
Redwood,34
Renville,34
Rice,26
Rock,24
Roseau,34
St. Louis,28
Scott,29
Sherburne,30
Sibley,39
Stearns,28
Steele,31
Stevens,31
Swift,37
Todd,37
Traverse,32
Wabasha,36
Wadena,34
Waseca,32
Washington,24
Watonwan,31
Wilkin,29
Winona,29
Wright,31
Yellow Medicine,35
Adams,35
Alcorn,35
Amite,39
Attala,37
Benton,39
Bolivar,39
Calhoun,38
Carroll,34
Chickasaw,45
Choctaw,37
Claiborne,41
Clarke,28
Clay,39
Coahoma,42
Copiah,39
Covington,37
DeSoto,35
Forrest,31
Franklin,32
George,38
Greene,36
Grenada,41
Hancock,33
Harrison,33
Hinds,37
Holmes,46
Humphreys,46
Issaquena,27
Itawamba,33
Jackson,32
Jasper,45
Jefferson,53
Jefferson Davis,40
Jones,39
Kemper,38
Lafayette,32
Lamar,33
Lauderdale,35
Lawrence,33
Leake,40
Lee,30
Leflore,37
Lincoln,39
Lowndes,36
Madison,36
Marion,35
Marshall,43
Monroe,36
Montgomery,37
Neshoba,42
Newton,34
Noxubee,42
Oktibbeha,33
Panola,33
Pearl River,38
Perry,33
Pike,33
Pontotoc,35
Prentiss,32
Quitman,42
Rankin,35
Scott,48
Sharkey,49
Simpson,44
Smith,37
Stone,40
Sunflower,50
Tallahatchie,44
Tate,36
Tippah,40
Tishomingo,37
Tunica,40
Union,39
Walthall,36
Warren,35
Washington,43
Wayne,42
Webster,33
Wilkinson,37
Winston,39
Yalobusha,33
Yazoo,41
Adair,27
Andrew,31
Atchison,39
Audrain,35
Barry,38
Barton,25
Bates,36
Benton,33
Bollinger,32
Boone,26
Buchanan,38
Butler,37
Caldwell,32
Callaway,37
Camden,23
Cape Girardeau,31
Carroll,37
Carter,27
Cass,36
Cedar,33
Chariton,29
Christian,31
Clark,29
Clay,33
Clinton,33
Cole,35
Cooper,34
Crawford,40
Dade,34
Dallas,32
Daviess,45
DeKalb,36
Dent,22
Douglas,30
Dunklin,41
Franklin,33
Gasconade,31
Gentry,29
Greene,32
Grundy,33
Harrison,31
Henry,31
Hickory,32
Holt,29
Howard,33
Howell,37
Iron,25
Jackson,32
Jasper,38
Jefferson,32
Johnson,33
Knox,35
Laclede,31
Lafayette,32
Lawrence,32
Lewis,33
Lincoln,36
Linn,33
Livingston,42
McDonald,30
Macon,34
Madison,35
Maries,35
Marion,36
Mercer,24
Miller,38
Mississippi,38
Moniteau,42
Monroe,30
Montgomery,27
Morgan,35
New Madrid,35
Newton,29
Nodaway,35
Oregon,30
Osage,29
Ozark,24
Pemiscot,36
Perry,37
Pettis,37
Phelps,35
Pike,37
Platte,30
Polk,38
Pulaski,32
Putnam,28
Ralls,30
Randolph,40
Ray,35
Reynolds,31
Ripley,36
St. Charles,29
St. Clair,36
Ste. Genevieve,34
St. Francois,38
St. Louis,27
Saline,35
Schuyler,30
Scotland,32
Scott,35
Shannon,34
Shelby,28
Stoddard,35
Stone,31
Sullivan,30
Taney,28
Texas,31
Vernon,28
Warren,36
Washington,31
Wayne,33
Webster,27
Worth,25
Wright,29
St. Louis City,34
Beaverhead,26
Big Horn,37
Blaine,39
Broadwater,34
Carbon,27
Carter,33
Cascade,27
Chouteau,28
Custer,32
Daniels,26
Dawson,29
Deer Lodge,28
Fallon,35
Fergus,30
Flathead,21
Gallatin,17
Garfield,26
Glacier,36
Golden Valley,26
Granite,23
Hill,38
Jefferson,26
Judith Basin,31
Lake,29
Lewis and Clark,26
Liberty,35
Lincoln,26
McCone,24
Madison,24
Meagher,25
Mineral,27
Missoula,22
Musselshell,28
Park,24
Petroleum,27
Phillips,34
Pondera,34
Powder River,26
Powell,31
Prairie,34
Ravalli,26
Richland,30
Roosevelt,35
Rosebud,31
Sanders,24
Sheridan,37
Silver Bow,25
Stillwater,25
Sweet Grass,28
Teton,24
Toole,25
Treasure,33
Valley,30
Wheatland,32
Wibaux,30
Yellowstone,26
Adams,36
Antelope,32
Arthur,34
Banner,28
Blaine,35
Boone,33
Box Butte,36
Boyd,36
Brown,38
Buffalo,29
Burt,36
Butler,33
Cass,39
Cedar,36
Chase,32
Cherry,27
Cheyenne,29
Clay,35
Colfax,31
Cuming,35
Custer,36
Dakota,38
Dawes,28
Dawson,35
Deuel,35
Dixon,35
Dodge,35
Douglas,30
Dundy,34
Fillmore,32
Franklin,30
Frontier,43
Furnas,34
Gage,38
Garden,28
Garfield,27
Gosper,25
Grant,33
Greeley,38
Hall,34
Hamilton,30
Harlan,34
Hayes,25
Hitchcock,37
Holt,32
Hooker,26
Howard,37
Jefferson,36
Johnson,36
Kearney,37
Keith,30
Keya Paha,29
Kimball,38
Knox,32
Lancaster,28
Lincoln,37
Logan,34
Loup,30
McPherson,26
Madison,34
Merrick,38
Morrill,37
Nance,30
Nemaha,38
Nuckolls,34
Otoe,39
Pawnee,32
Perkins,25
Phelps,36
Pierce,32
Platte,35
Polk,35
Red Willow,34
Richardson,36
Rock,34
Saline,36
Sarpy,32
Saunders,34
Scotts Bluff,35
Seward,31
Sheridan,31
Sherman,35
Sioux,23
Stanton,38
Thayer,33
Thomas,27
Thurston,44
Valley,31
Washington,32
Wayne,34
Webster,33
Wheeler,28
York,36
Churchill,32
Clark,25
Douglas,25
Elko,29
Esmeralda,27
Eureka,23
Humboldt,33
Lander,34
Lincoln,29
Lyon,34
Mineral,30
Nye,33
Pershing,34
Storey,24
Washoe,23
White Pine,32
Carson City,28
Belknap,28
Carroll,27
Cheshire,30
Coos,33
Grafton,23
Hillsborough,28
Merrimack,27
Rockingham,26
Strafford,29
Sullivan,33
Atlantic,29
Bergen,22
Burlington,29
Camden,31
Cape May,28
Cumberland,35
Essex,29
Gloucester,31
Hudson,23
Hunterdon,20
Mercer,25
Middlesex,25
Monmouth,25
Morris,21
Ocean,28
Passaic,27
Salem,36
Somerset,22
Sussex,27
Union,24
Warren,29
Bernalillo,23
Catron,25
Chaves,34
Cibola,30
Colfax,28
Curry,30
De Baca,37
Dona Ana,28
Eddy,34
Grant,27
Guadalupe,35
Harding,24
Hidalgo,24
Lea,33
Lincoln,23
Los Alamos,23
Luna,32
McKinley,38
Mora,27
Otero,31
Quay,30
Rio Arriba,28
Roosevelt,28
Sandoval,24
San Juan,33
San Miguel,29
Santa Fe,14
Sierra,26
Socorro,33
Taos,19
Torrance,25
Union,31
Valencia,31
Albany,27
Allegany,35
Bronx,29
Broome,28
Cattaraugus,37
Cayuga,34
Chautauqua,33
Chemung,36
Chenango,38
Clinton,35
Columbia,24
Cortland,35
Delaware,29
Dutchess,26
Erie,30
Essex,28
Franklin,33
Fulton,34
Genesee,36
Greene,27
Hamilton,29
Herkimer,32
Jefferson,34
Kings,22
Lewis,38
Livingston,35
Madison,30
Monroe,29
Montgomery,35
Nassau,23
New York,14
Niagara,33
Oneida,33
Onondaga,29
Ontario,33
Orange,30
Orleans,38
Oswego,34
Otsego,29
Putnam,23
Queens,23
Rensselaer,30
Richmond,27
Rockland,23
St. Lawrence,32
Saratoga,25
Schenectady,29
Schoharie,36
Schuyler,32
Seneca,38
Steuben,33
Suffolk,24
Sullivan,32
Tioga,34
Tompkins,22
Ulster,28
Warren,30
Washington,33
Wayne,36
Westchester,20
Wyoming,37
Yates,29
Alamance,32
Alexander,34
Alleghany,25
Anson,38
Ashe,26
Avery,26
Beaufort,39
Bertie,43
Bladen,43
Brunswick,28
Buncombe,22
Burke,36
Cabarrus,35
Caldwell,39
Camden,32
Carteret,31
Caswell,28
Catawba,31
Chatham,23
Cherokee,27
Chowan,38
Clay,31
Cleveland,38
Columbus,46
Craven,30
Cumberland,33
Currituck,28
Dare,22
Davidson,32
Davie,41
Duplin,39
Durham,24
Edgecombe,38
Forsyth,33
Franklin,36
Gaston,29
Gates,44
Graham,43
Granville,37
Greene,28
Guilford,33
Halifax,43
Harnett,33
Haywood,31
Henderson,28
Hertford,46
Hoke,37
Hyde,36
Iredell,31
Jackson,28
Johnston,37
Jones,40
Lee,32
Lenoir,33
Lincoln,37
McDowell,40
Macon,28
Madison,26
Martin,43
Mecklenburg,28
Mitchell,27
Montgomery,36
Moore,26
Nash,41
New Hanover,26
Northampton,33
Onslow,29
Orange,22
Pamlico,37
Pasquotank,39
Pender,30
Perquimans,34
Person,29
Pitt,35
Polk,33
Randolph,32
Richmond,38
Robeson,39
Rockingham,36
Rowan,37
Rutherford,28
Sampson,35
Scotland,39
Stanly,28
Stokes,32
Surry,30
Swain,31
Transylvania,26
Tyrrell,43
Union,32
Vance,34
Wake,25
Warren,41
Washington,42
Watauga,16
Wayne,38
Wilkes,42
Wilson,32
Yadkin,38
Yancey,29
Adams,30
Barnes,36
Benson,38
Billings,29
Bottineau,33
Bowman,23
Burke,37
Burleigh,30
Cass,31
Cavalier,34
Dickey,35
Divide,34
Dunn,33
Eddy,31
Emmons,26
Foster,36
Golden Valley,32
Grand Forks,30
Grant,28
Griggs,30
Hettinger,32
Kidder,38
LaMoure,31
Logan,28
McHenry,32
McIntosh,26
McKenzie,29
McLean,34
Mercer,31
Morton,33
Mountrail,38
Nelson,38
Oliver,28
Pembina,38
Pierce,36
Ramsey,30
Ransom,33
Renville,29
Richland,35
Rolette,43
Sargent,31
Sheridan,37
Sioux,39
Slope,27
Stark,33
Steele,34
Stutsman,32
Towner,35
Traill,37
Walsh,34
Ward,33
Wells,36
Williams,36
Adams,32
Allen,34
Ashland,33
Ashtabula,37
Athens,33
Auglaize,38
Belmont,35
Brown,34
Butler,32
Carroll,38
Champaign,31
Clark,33
Clermont,37
Clinton,32
Columbiana,36
Coshocton,37
Crawford,31
Cuyahoga,30
Darke,35
Defiance,32
Delaware,27
Erie,33
Fairfield,31
Fayette,35
Franklin,29
Fulton,31
Gallia,38
Geauga,24
Greene,29
Guernsey,36
Hamilton,29
Hancock,33
Hardin,36
Harrison,35
Henry,33
Highland,31
Hocking,40
Holmes,29
Huron,38
Jackson,39
Jefferson,34
Knox,30
Lake,25
Lawrence,39
Licking,32
Logan,40
Lorain,36
Lucas,34
Madison,37
Mahoning,31
Marion,40
Medina,29
Meigs,40
Mercer,34
Miami,37
Monroe,37
Montgomery,33
Morgan,32
Morrow,39
Muskingum,36
Noble,38
Ottawa,33
Paulding,37
Perry,35
Pickaway,33
Pike,37
Portage,28
Preble,28
Putnam,37
Richland,32
Ross,37
Sandusky,34
Scioto,38
Seneca,34
Shelby,32
Stark,34
Summit,29
Trumbull,38
Tuscarawas,33
Union,32
Van Wert,40
Vinton,36
Warren,27
Washington,36
Wayne,27
Williams,35
Wood,34
Wyandot,36
Adair,47
Alfalfa,34
Atoka,40
Beaver,36
Beckham,34
Blaine,34
Bryan,33
Caddo,43
Canadian,34
Carter,38
Cherokee,38
Choctaw,34
Cimarron,28
Cleveland,34
Coal,35
Comanche,32
Cotton,38
Craig,35
Creek,33
Custer,37
Delaware,36
Dewey,38
Ellis,36
Garfield,36
Garvin,34
Grady,34
Grant,27
Greer,31
Harmon,31
Harper,26
Haskell,30
Hughes,35
Jackson,36
Jefferson,31
Johnston,31
Kay,35
Kingfisher,38
Kiowa,31
Latimer,34
Le Flore,37
Lincoln,34
Logan,36
Love,26
McClain,35
McCurtain,35
McIntosh,33
Major,41
Marshall,34
Mayes,36
Murray,34
Muskogee,42
Noble,38
Nowata,36
Okfuskee,48
Oklahoma,30
Okmulgee,32
Osage,32
Ottawa,36
Pawnee,39
Payne,32
Pittsburg,35
Pontotoc,32
Pottawatomie,35
Pushmataha,33
Roger Mills,34
Rogers,31
Seminole,34
Sequoyah,36
Stephens,34
Texas,31
Tillman,43
Tulsa,31
Wagoner,35
Washington,38
Washita,28
Woods,34
Woodward,29
Baker,30
Benton,24
Clackamas,28
Clatsop,29
Columbia,30
Coos,38
Crook,32
Curry,34
Deschutes,22
Douglas,31
Gilliam,35
Grant,26
Harney,31
Hood River,25
Jackson,24
Jefferson,42
Josephine,31
Klamath,33
Lake,34
Lane,27
Lincoln,36
Linn,36
Malheur,36
Marion,34
Morrow,34
Multnomah,23
Polk,34
Sherman,28
Tillamook,32
Umatilla,35
Union,38
Wallowa,30
Wasco,28
Washington,29
Wheeler,26
Yamhill,33
Adams,35
Allegheny,28
Armstrong,42
Beaver,33
Bedford,30
Berks,36
Blair,30
Bradford,37
Bucks,26
Butler,31
Cambria,27
Cameron,25
Carbon,36
Centre,25
Chester,22
Clarion,33
Clearfield,40
Clinton,35
Columbia,31
Crawford,37
Cumberland,29
Dauphin,33
Delaware,26
Elk,26
Erie,34
Fayette,39
Forest,34
Franklin,35
Fulton,28
Greene,31
Huntingdon,30
Indiana,33
Jefferson,35
Juniata,32
Lackawanna,28
Lancaster,32
Lawrence,36
Lebanon,34
Lehigh,31
Luzerne,29
Lycoming,38
McKean,34
Mercer,33
Mifflin,40
Monroe,32
Montgomery,25
Montour,30
Northampton,31
Northumberland,40
Perry,27
Philadelphia,27
Pike,32
Potter,29
Schuylkill,31
Snyder,34
Somerset,38
Sullivan,30
Susquehanna,34
Tioga,36
Union,33
Venango,39
Warren,29
Washington,33
Wayne,30
Westmoreland,31
Wyoming,33
York,31
Bristol,23
Kent,29
Newport,25
Providence,29
Washington,24
Abbeville,36
Aiken,35
Allendale,39
Anderson,34
Bamberg,37
Barnwell,38
Beaufort,23
Berkeley,35
Calhoun,38
Charleston,26
Cherokee,42
Chester,35
Chesterfield,37
Clarendon,40
Colleton,42
Darlington,37
Dillon,41
Dorchester,31
Edgefield,38
Fairfield,42
Florence,38
Georgetown,34
Greenville,28
Greenwood,36
Hampton,42
Horry,30
Jasper,37
Kershaw,38
Lancaster,31
Laurens,36
Lee,39
Lexington,32
McCormick,34
Marion,43
Marlboro,38
Newberry,35
Oconee,31
Orangeburg,41
Pickens,32
Richland,32
Saluda,38
Spartanburg,32
Sumter,38
Union,38
Williamsburg,42
York,32
Aurora,36
Beadle,35
Bennett,41
Bon Homme,39
Brookings,28
Brown,31
Brule,29
Buffalo,48
Butte,32
Campbell,31
Charles Mix,42
Clark,31
Clay,30
Codington,32
Corson,39
Custer,30
Davison,27
Day,36
Deuel,36
Dewey,39
Douglas,29
Edmunds,31
Fall River,32
Faulk,36
Grant,27
Gregory,29
Haakon,25
Hamlin,28
Hand,31
Hanson,27
Harding,39
Hughes,32
Hutchinson,32
Hyde,25
Jackson,35
Jerauld,22
Jones,27
Kingsbury,30
Lake,31
Lawrence,26
Lincoln,30
Lyman,37
McCook,36
McPherson,30
Marshall,30
Meade,29
Mellette,35
Miner,23
Minnehaha,32
Moody,36
Oglala Lakota,39
Pennington,28
Perkins,29
Potter,27
Roberts,36
Sanborn,39
Spink,40
Stanley,28
Sully,27
Todd,38
Tripp,35
Turner,37
Union,30
Walworth,31
Yankton,37
Ziebach,51
Anderson,32
Bedford,33
Benton,34
Bledsoe,32
Blount,32
Bradley,37
Campbell,32
Cannon,36
Carroll,30
Carter,37
Cheatham,32
Chester,31
Claiborne,26
Clay,30
Cocke,36
Coffee,32
Crockett,40
Cumberland,34
Davidson,29
Decatur,31
DeKalb,30
Dickson,26
Dyer,40
Fayette,35
Fentress,26
Franklin,35
Gibson,40
Giles,34
Grainger,32
Greene,38
Grundy,33
Hamblen,34
Hamilton,29
Hancock,32
Hardeman,37
Hardin,32
Hawkins,32
Haywood,46
Henderson,32
Henry,33
Hickman,32
Houston,27
Humphreys,35
Jackson,33
Jefferson,36
Johnson,27
Knox,30
Lake,37
Lauderdale,44
Lawrence,33
Lewis,41
Lincoln,36
Loudon,29
McMinn,33
McNairy,30
Macon,34
Madison,38
Marion,30
Marshall,37
Maury,32
Meigs,35
Monroe,32
Montgomery,34
Moore,24
Morgan,36
Obion,37
Overton,38
Perry,28
Pickett,31
Polk,34
Putnam,28
Rhea,37
Roane,34
Robertson,34
Rutherford,35
Scott,42
Sequatchie,37
Sevier,44
Shelby,35
Smith,30
Stewart,26
Sullivan,34
Sumner,31
Tipton,32
Trousdale,22
Unicoi,33
Union,33
Van Buren,31
Warren,38
Washington,31
Wayne,34
Weakley,38
White,31
Williamson,21
Wilson,37
Anderson,36
Andrews,34
Angelina,40
Aransas,40
Archer,26
Armstrong,29
Atascosa,36
Austin,31
Bailey,31
Bandera,29
Bastrop,38
Baylor,26
Bee,30
Bell,34
Bexar,28
Blanco,29
Borden,27
Bosque,31
Bowie,47
Brazoria,28
Brazos,29
Brewster,25
Briscoe,26
Brooks,36
Brown,38
Burleson,38
Burnet,31
Caldwell,39
Calhoun,30
Callahan,34
Cameron,30
Camp,27
Carson,27
Cass,37
Castro,27
Chambers,28
Cherokee,42
Childress,24
Clay,31
Cochran,25
Coke,28
Coleman,25
Collin,27
Collingsworth,29
Colorado,26
Comal,30
Comanche,26
Concho,28
Cooke,24
Coryell,42
Cottle,21
Crane,25
Crockett,27
Crosby,28
Culberson,35
Dallam,35
Dallas,30
Dawson,29
Deaf Smith,26
Delta,33
Denton,25
DeWitt,26
Dickens,23
Dimmit,32
Donley,28
Duval,25
Eastland,34
Ector,32
Edwards,27
Ellis,38
El Paso,28
Erath,25
Falls,39
Fannin,30
Fayette,21
Fisher,23
Floyd,34
Foard,28
Fort Bend,29
Franklin,36
Freestone,34
Frio,24
Gaines,34
Galveston,33
Garza,22
Gillespie,28
Glasscock,23
Goliad,28
Gonzales,30
Gray,33
Grayson,30
Gregg,30
Grimes,36
Guadalupe,33
Hale,32
Hall,26
Hamilton,25
Hansford,25
Hardeman,32
Hardin,37
Harris,27
Harrison,44
Hartley,29
Haskell,26
Hays,30
Hemphill,31
Henderson,36
Hidalgo,34
Hill,32
Hockley,28
Hood,28
Hopkins,30
Houston,24
Howard,39
Hudspeth,34
Hunt,33
Hutchinson,30
Irion,25
Jack,32
Jackson,33
Jasper,41
Jeff Davis,26
Jefferson,35
Jim Hogg,24
Jim Wells,32
Johnson,38
Jones,37
Karnes,28
Kaufman,35
Kendall,23
Kenedy,23
Kent,26
Kerr,24
Kimble,30
King,22
Kinney,27
Kleberg,34
Knox,24
Lamar,34
Lamb,26
Lampasas,30
La Salle,29
Lavaca,35
Lee,41
Leon,33
Liberty,33
Limestone,29
Lipscomb,28
Live Oak,28
Llano,26
Loving,28
Lubbock,34
Lynn,28
McCulloch,35
McLennan,32
McMullen,26
Madison,27
Marion,40
Martin,35
Mason,25
Matagorda,37
Maverick,38
Medina,33
Menard,33
Midland,34
Milam,35
Mills,29
Mitchell,30
Montague,30
Montgomery,26
Moore,27
Morris,38
Motley,28
Nacogdoches,35
Navarro,30
Newton,36
Nolan,35
Nueces,32
Ochiltree,24
Oldham,23
Orange,40
Palo Pinto,32
Panola,37
Parker,34
Parmer,40
Pecos,46
Polk,43
Potter,36
Presidio,29
Rains,30
Randall,27
Reagan,28
Real,25
Red River,39
Reeves,28
Refugio,21
Roberts,23
Robertson,36
Rockwall,24
Runnels,29
Rusk,38
Sabine,32
San Augustine,39
San Jacinto,30
San Patricio,40
San Saba,25
Schleicher,23
Scurry,29
Shackelford,28
Shelby,26
Sherman,27
Smith,34
Somervell,29
Starr,38
Stephens,30
Sterling,24
Stonewall,26
Sutton,32
Swisher,24
Tarrant,29
Taylor,32
Terrell,25
Terry,34
Throckmorton,25
Titus,31
Tom Green,29
Travis,21
Trinity,39
Tyler,33
Upshur,30
Upton,24
Uvalde,31
Val Verde,25
Van Zandt,26
Victoria,36
Walker,35
Waller,36
Ward,42
Washington,29
Webb,37
Wharton,36
Wheeler,25
Wichita,35
Wilbarger,34
Willacy,40
Williamson,30
Wilson,33
Winkler,37
Wise,33
Wood,28
Yoakum,33
Young,34
Zapata,31
Zavala,24
Beaver,24
Box Elder,32
Cache,25
Carbon,27
Daggett,27
Davis,26
Duchesne,29
Emery,31
Garfield,24
Grand,23
Iron,25
Juab,29
Kane,22
Millard,31
Morgan,19
Piute,26
Rich,26
Salt Lake,24
San Juan,35
Sanpete,30
Sevier,29
Summit,14
Tooele,34
Uintah,35
Utah,25
Wasatch,23
Washington,23
Wayne,21
Weber,31
Addison,25
Bennington,29
Caledonia,31
Chittenden,21
Essex,28
Franklin,34
Grand Isle,30
Lamoille,23
Orange,28
Orleans,30
Rutland,31
Washington,22
Windham,24
Windsor,27
Accomack,36
Albemarle,20
Alleghany,35
Amelia,41
Amherst,35
Appomattox,47
Arlington,19
Augusta,33
Bath,25
Bedford,34
Bland,28
Botetourt,25
Brunswick,42
Buchanan,33
Buckingham,39
Campbell,35
Caroline,41
Carroll,31
Charles City,34
Charlotte,40
Chesterfield,32
Clarke,26
Craig,27
Culpeper,29
Cumberland,38
Dickenson,36
Dinwiddie,38
Essex,40
Fairfax,21
Fauquier,28
Floyd,29
Fluvanna,30
Franklin,35
Frederick,31
Giles,34
Gloucester,30
Goochland,27
Grayson,33
Greene,28
Greensville,36
Halifax,38
Hanover,30
Henrico,32
Henry,34
Highland,26
Isle of Wight,37
James City,27
King and Queen,52
King George,30
King William,28
Lancaster,31
Lee,37
Loudoun,22
Louisa,30
Lunenburg,40
Madison,37
Mathews,32
Mecklenburg,39
Middlesex,30
Montgomery,26
Nelson,28
New Kent,32
Northampton,36
Northumberland,30
Nottoway,39
Orange,36
Page,35
Patrick,24
Pittsylvania,37
Powhatan,27
Prince Edward,37
Prince George,31
Prince William,30
Pulaski,30
Rappahannock,39
Richmond,30
Roanoke,29
Rockbridge,27
Rockingham,27
Russell,38
Scott,30
Shenandoah,33
Smyth,31
Southampton,44
Spotsylvania,32
Stafford,34
Surry,26
Sussex,39
Tazewell,32
Warren,32
Washington,30
Westmoreland,34
Wise,35
Wythe,35
York,27
Alexandria City,23
Bristol City,29
Buena Vista City,25
Charlottesville City,28
Chesapeake City,36
Colonial Heights City,26
Covington City,26
Danville City,29
Emporia City,25
Fairfax City,24
Falls Church City,19
Franklin City,49
Fredericksburg City,31
Galax City,28
Hampton City,38
Harrisonburg City,25
Hopewell City,29
Lexington City,19
Lynchburg City,35
Manassas City,31
Manassas Park City,40
Martinsville City,29
Newport News City,34
Norfolk City,33
Norton City,31
Petersburg City,40
Poquoson City,37
Portsmouth City,39
Radford City,34
Richmond City,30
Roanoke City,34
Salem City,27
Staunton City,31
Suffolk City,32
Virginia Beach City,26
Waynesboro City,39
Williamsburg City,34
Winchester City,33
Adams,36
Asotin,32
Benton,30
Chelan,26
Clallam,29
Clark,30
Columbia,35
Cowlitz,34
Douglas,32
Ferry,30
Franklin,33
Garfield,33
Grant,34
Grays Harbor,35
Island,29
Jefferson,24
King,22
Kitsap,30
Kittitas,27
Klickitat,29
Lewis,34
Lincoln,30
Mason,35
Okanogan,32
Pacific,33
Pend Oreille,39
Pierce,31
San Juan,18
Skagit,29
Skamania,33
Snohomish,28
Spokane,28
Stevens,31
Thurston,30
Wahkiakum,35
Walla Walla,27
Whatcom,27
Whitman,27
Yakima,34
Barbour,37
Berkeley,36
Boone,40
Braxton,34
Brooke,35
Cabell,33
Calhoun,31
Clay,39
Doddridge,39
Fayette,39
Gilmer,39
Grant,35
Greenbrier,33
Hampshire,40
Hancock,42
Hardy,38
Harrison,33
Jackson,41
Jefferson,33
Kanawha,37
Lewis,41
Lincoln,40
Logan,41
McDowell,43
Marion,34
Marshall,41
Mason,40
Mercer,38
Mineral,35
Mingo,36
Monongalia,29
Monroe,31
Morgan,40
Nicholas,40
Ohio,35
Pendleton,31
Pleasants,31
Pocahontas,30
Preston,35
Putnam,34
Raleigh,39
Randolph,34
Ritchie,44
Roane,40
Summers,37
Taylor,39
Tucker,30
Tyler,37
Upshur,32
Wayne,40
Webster,39
Wetzel,34
Wirt,39
Wood,38
Wyoming,36
Adams,30
Ashland,33
Barron,41
Bayfield,29
Brown,32
Buffalo,25
Burnett,35
Calumet,26
Chippewa,27
Clark,38
Columbia,43
Crawford,38
Dane,22
Dodge,33
Door,32
Douglas,31
Dunn,41
Eau Claire,30
Florence,33
Fond du Lac,34
Forest,29
Grant,33
Green,34
Green Lake,32
Iowa,29
Iron,26
Jackson,33
Jefferson,30
Juneau,36
Kenosha,30
Kewaunee,31
La Crosse,27
Lafayette,33
Langlade,32
Lincoln,34
Manitowoc,33
Marathon,33
Marinette,30
Marquette,37
Menominee,43
Milwaukee,32
Monroe,38
Oconto,37
Oneida,34
Outagamie,33
Ozaukee,23
Pepin,32
Pierce,27
Polk,32
Portage,31
Price,29
Racine,36
Richland,34
Rock,36
Rusk,26
St. Croix,27
Sauk,30
Sawyer,35
Shawano,36
Sheboygan,29
Taylor,32
Trempealeau,30
Vernon,31
Vilas,31
Walworth,29
Washburn,30
Washington,32
Waukesha,26
Waupaca,36
Waushara,36
Winnebago,36
Wood,29
Albany,23
Big Horn,32
Campbell,31
Carbon,30
Converse,31
Crook,26
Fremont,29
Goshen,31
Hot Springs,32
Johnson,24
Laramie,30
Lincoln,26
Natrona,31
Niobrara,26
Park,25
Platte,30
Sheridan,28
Sublette,29
Sweetwater,29
Teton,12
Uinta,35
Washakie,28
Weston,33
