County_Name,daily_pm25
Autauga,11
Baldwin,10
Barbour,11
Bibb,11
Blount,11
Bullock,11
Butler,10
Calhoun,11
Chambers,11
Cherokee,11
Chilton,11
Choctaw,10
Clarke,10
Clay,10
Cleburne,11
Coffee,10
Colbert,10
Conecuh,10
Coosa,11
Covington,10
Crenshaw,10
Cullman,11
Dale,11
Dallas,11
DeKalb,11
Elmore,11
Escambia,10
Etowah,11
Fayette,10
Franklin,10
Geneva,10
Greene,10
Hale,10
Henry,10
Houston,10
Jackson,11
Jefferson,13
Lamar,10
Lauderdale,11
Lawrence,11
Lee,12
Limestone,11
Lowndes,10
Macon,11
Madison,11
Marengo,10
Marion,10
Marshall,11
Mobile,10
Monroe,10
Montgomery,11
Morgan,11
Perry,10
Pickens,10
Pike,11
Randolph,11
Russell,12
St. Clair,12
Shelby,12
Sumter,10
Talladega,11
Tallapoosa,11
Tuscaloosa,11
Walker,11
Washington,10
Wilcox,10
Winston,11
Aleutians East,
Aleutians West,
Anchorage,
Bethel,
Bristol Bay,
Denali,
Dillingham,
Fairbanks North Star,
Haines,
Hoonah-Angoon,
Juneau,
Kenai Peninsula,
Ketchikan Gateway,
Kodiak Island,
Kusilvak,
Lake and Peninsula,
Matanuska-Susitna,
Nome,
North Slope,
Northwest Arctic,
Petersburg,
Prince of Wales-Hyder,
Sitka,
Skagway,
Southeast Fairbanks,
Valdez-Cordova,
Wrangell,
Yakutat,
Yukon-Koyukuk,
Apache,5
Cochise,7
Coconino,5
Gila,5
Graham,6
Greenlee,5
La Paz,5
Maricopa,10
Mohave,5
Navajo,5
Pima,7
Pinal,11
Santa Cruz,7
Yavapai,5
Yuma,8
Arkansas,10
Ashley,9
Baxter,9
Benton,10
Boone,9
Bradley,9
Calhoun,9
Carroll,9
Chicot,10
Clark,10
Clay,10
Cleburne,10
Cleveland,9
Columbia,9
Conway,10
Craighead,10
Crawford,10
Crittenden,10
Cross,10
Dallas,9
Desha,10
Drew,9
Faulkner,10
Franklin,9
Fulton,9
Garland,9
Grant,10
Greene,10
Hempstead,10
Hot Spring,10
Howard,10
Independence,10
Izard,9
Jackson,10
Jefferson,10
Johnson,9
Lafayette,9
Lawrence,10
Lee,10
Lincoln,10
Little River,10
Logan,9
Lonoke,10
Madison,9
Marion,9
Miller,10
Mississippi,10
Monroe,10
Montgomery,9
Nevada,10
Newton,8
Ouachita,9
Perry,10
Phillips,10
Pike,9
Poinsett,10
Polk,9
Pope,10
Prairie,10
Pulaski,10
Randolph,10
St. Francis,10
Saline,10
Scott,9
Searcy,9
Sebastian,10
Sevier,9
Sharp,10
Stone,9
Union,9
Van Buren,9
Washington,9
White,10
Woodruff,10
Yell,10
Alameda,10
Alpine,5
Amador,8
Butte,8
Calaveras,9
Colusa,8
Contra Costa,11
Del Norte,8
El Dorado,9
Fresno,15
Glenn,9
Humboldt,8
Imperial,13
Inyo,7
Kern,19
Kings,16
Lake,6
Lassen,7
Los Angeles,14
Madera,14
Marin,10
Mariposa,9
Mendocino,8
Merced,12
Modoc,6
Mono,6
Monterey,6
Napa,10
Nevada,8
Orange,10
Placer,10
Plumas,9
Riverside,14
Sacramento,9
San Benito,6
San Bernardino,14
San Diego,10
San Francisco,9
San Joaquin,11
San Luis Obispo,10
San Mateo,9
Santa Barbara,10
Santa Clara,8
Santa Cruz,7
Shasta,8
Sierra,6
Siskiyou,9
Solano,11
Sonoma,10
Stanislaus,12
Sutter,9
Tehama,8
Trinity,7
Tulare,17
Tuolumne,8
Ventura,11
Yolo,9
Yuba,9
Adams,9
Alamosa,4
Arapahoe,8
Archuleta,4
Baca,5
Bent,5
Boulder,7
Broomfield,8
Chaffee,4
Cheyenne,5
Clear Creek,4
Conejos,4
Costilla,4
Crowley,5
Custer,4
Delta,5
Denver,8
Dolores,4
Douglas,7
Eagle,4
Elbert,6
El Paso,6
Fremont,5
Garfield,5
Gilpin,4
Grand,4
Gunnison,4
Hinsdale,3
Huerfano,4
Jackson,3
Jefferson,8
Kiowa,5
Kit Carson,6
Lake,3
La Plata,5
Larimer,6
Las Animas,4
Lincoln,5
Logan,5
Mesa,6
Mineral,3
Moffat,4
Montezuma,5
Montrose,5
Morgan,6
Otero,5
Ouray,4
Park,4
Phillips,5
Pitkin,4
Prowers,6
Pueblo,6
Rio Blanco,5
Rio Grande,4
Routt,3
Saguache,4
San Juan,4
San Miguel,4
Sedgwick,5
Summit,4
Teller,5
Washington,5
Weld,8
Yuma,5
Fairfield,10
Hartford,7
Litchfield,7
Middlesex,8
New Haven,8
New London,7
Tolland,8
Windham,7
Kent,9
New Castle,10
Sussex,9
District of Columbia,9
Alachua,8
Baker,8
Bay,9
Bradford,8
Brevard,7
Broward,6
Calhoun,9
Charlotte,7
Citrus,8
Clay,8
Collier,7
Columbia,8
DeSoto,7
Dixie,8
Duval,8
Escambia,9
Flagler,7
Franklin,9
Gadsden,10
Gilchrist,8
Glades,7
Gulf,9
Hamilton,9
Hardee,7
Hendry,7
Hernando,8
Highlands,7
Hillsborough,7
Holmes,10
Indian River,7
Jackson,10
Jefferson,10
Lafayette,8
Lake,8
Lee,7
Leon,10
Levy,8
Liberty,9
Madison,9
Manatee,8
Marion,8
Martin,7
Miami-Dade,7
Monroe,8
Nassau,8
Okaloosa,10
Okeechobee,7
Orange,6
Osceola,8
Palm Beach,5
Pasco,8
Pinellas,6
Polk,8
Putnam,8
St. Johns,8
St. Lucie,7
Santa Rosa,10
Sarasota,7
Seminole,7
Sumter,8
Suwannee,9
Taylor,9
Union,8
Volusia,7
Wakulla,9
Walton,10
Washington,10
Appling,10
Atkinson,10
Bacon,10
Baker,10
Baldwin,11
Banks,10
Barrow,11
Bartow,11
Ben Hill,10
Berrien,10
Bibb,11
Bleckley,11
Brantley,9
Brooks,10
Bryan,10
Bulloch,10
Burke,11
Butts,11
Calhoun,10
Camden,9
Candler,10
Carroll,11
Catoosa,11
Charlton,8
Chatham,9
Chattahoochee,11
Chattooga,10
Cherokee,11
Clarke,11
Clay,10
Clayton,11
Clinch,9
Cobb,10
Coffee,10
Colquitt,11
Columbia,11
Cook,10
Coweta,11
Crawford,11
Crisp,11
Dade,10
Dawson,10
Decatur,10
DeKalb,10
Dodge,11
Dooly,11
Dougherty,10
Douglas,11
Early,10
Echols,9
Effingham,10
Elbert,10
Emanuel,10
Evans,10
Fannin,9
Fayette,11
Floyd,10
Forsyth,11
Franklin,10
Fulton,12
Gilmer,9
Glascock,10
Glynn,8
Gordon,11
Grady,11
Greene,11
Gwinnett,11
Habersham,9
Hall,10
Hancock,10
Haralson,10
Harris,11
Hart,10
Heard,10
Henry,11
Houston,11
Irwin,10
Jackson,11
Jasper,11
Jeff Davis,10
Jefferson,11
Jenkins,10
Johnson,10
Jones,11
Lamar,11
Lanier,10
Laurens,11
Lee,11
Liberty,10
Lincoln,10
Long,10
Lowndes,10
Lumpkin,9
McDuffie,10
McIntosh,9
Macon,11
Madison,10
Marion,11
Meriwether,11
Miller,10
Mitchell,11
Monroe,11
Montgomery,10
Morgan,11
Murray,10
Muscogee,11
Newton,11
Oconee,11
Oglethorpe,10
Paulding,10
Peach,11
Pickens,10
Pierce,10
Pike,11
Polk,10
Pulaski,11
Putnam,11
Quitman,10
Rabun,8
Randolph,10
Richmond,11
Rockdale,11
Schley,11
Screven,10
Seminole,10
Spalding,11
Stephens,9
Stewart,11
Sumter,11
Talbot,11
Taliaferro,10
Tattnall,10
Taylor,11
Telfair,10
Terrell,10
Thomas,11
Tift,10
Toombs,10
Towns,8
Treutlen,10
Troup,11
Turner,10
Twiggs,11
Union,9
Upson,11
Walker,11
Walton,11
Ware,10
Warren,10
Washington,10
Wayne,10
Webster,10
Wheeler,10
White,9
Whitfield,10
Wilcox,10
Wilkes,10
Wilkinson,11
Worth,11
Hawaii,
Honolulu,
Kalawao,
Kauai,
Maui,
Ada,10
Adams,6
Bannock,6
Bear Lake,5
Benewah,9
Bingham,7
Blaine,6
Boise,5
Bonner,10
Bonneville,7
Boundary,7
Butte,5
Camas,5
Canyon,10
Caribou,5
Cassia,7
Clark,6
Clearwater,8
Custer,5
Elmore,7
Franklin,5
Fremont,6
Gem,9
Gooding,7
Idaho,8
Jefferson,7
Jerome,7
Kootenai,11
Latah,9
Lemhi,9
Lewis,8
Lincoln,6
Madison,7
Minidoka,7
Nez Perce,9
Oneida,6
Owyhee,8
Payette,9
Power,6
Shoshone,9
Teton,5
Twin Falls,7
Valley,6
Washington,7
Adams,10
Alexander,11
Bond,11
Boone,11
Brown,10
Bureau,11
Calhoun,10
Carroll,10
Cass,10
Champaign,11
Christian,11
Clark,11
Clay,11
Clinton,11
Coles,11
Cook,15
Crawford,11
Cumberland,11
DeKalb,12
De Witt,11
Douglas,11
DuPage,13
Edgar,11
Edwards,11
Effingham,11
Fayette,11
Ford,11
Franklin,11
Fulton,11
Gallatin,11
Greene,10
Grundy,12
Hamilton,11
Hancock,10
Hardin,11
Henderson,10
Henry,11
Iroquois,11
Jackson,11
Jasper,11
Jefferson,11
Jersey,11
Jo Daviess,10
Johnson,11
Kane,12
Kankakee,12
Kendall,12
Knox,11
Lake,12
LaSalle,12
Lawrence,11
Lee,11
Livingston,11
Logan,11
McDonough,10
McHenry,12
McLean,11
Macon,11
Macoupin,11
Madison,12
Marion,11
Marshall,11
Mason,11
Massac,11
Menard,11
Mercer,10
Monroe,11
Montgomery,11
Morgan,10
Moultrie,11
Ogle,11
Peoria,11
Perry,11
Piatt,11
Pike,10
Pope,11
Pulaski,11
Putnam,11
Randolph,11
Richland,11
Rock Island,11
St. Clair,11
Saline,11
Sangamon,11
Schuyler,10
Scott,10
Shelby,11
Stark,11
Stephenson,10
Tazewell,12
Union,11
Vermilion,11
Wabash,11
Warren,10
Washington,11
Wayne,11
White,11
Whiteside,11
Will,13
Williamson,11
Winnebago,11
Woodford,11
Adams,12
Allen,12
Bartholomew,11
Benton,11
Blackford,11
Boone,12
Brown,10
Carroll,11
Cass,12
Clark,12
Clay,11
Clinton,11
Crawford,11
Daviess,12
Dearborn,11
Decatur,11
DeKalb,12
Delaware,11
Dubois,11
Elkhart,13
Fayette,11
Floyd,12
Fountain,11
Franklin,11
Fulton,12
Gibson,12
Grant,12
Greene,10
Hamilton,11
Hancock,11
Harrison,12
Hendricks,12
Henry,11
Howard,11
Huntington,12
Jackson,11
Jasper,12
Jay,12
Jefferson,11
Jennings,11
Johnson,12
Knox,12
Kosciusko,12
LaGrange,12
Lake,14
LaPorte,12
Lawrence,11
Madison,11
Marion,12
Marshall,12
Martin,11
Miami,12
Monroe,10
Montgomery,11
Morgan,11
Newton,11
Noble,12
Ohio,11
Orange,11
Owen,10
Parke,11
Perry,12
Pike,12
Porter,12
Posey,12
Pulaski,11
Putnam,11
Randolph,11
Ripley,11
Rush,11
St. Joseph,12
Scott,11
Shelby,11
Spencer,12
Starke,12
Steuben,12
Sullivan,11
Switzerland,11
Tippecanoe,10
Tipton,11
Union,11
Vanderburgh,12
Vermillion,11
Vigo,11
Wabash,12
Warren,10
Warrick,12
Washington,11
Wayne,11
Wells,12
White,11
Whitley,11
Adair,8
Adams,8
Allamakee,8
Appanoose,9
Audubon,8
Benton,9
Black Hawk,9
Boone,9
Bremer,9
Buchanan,9
Buena Vista,8
Butler,9
Calhoun,8
Carroll,8
Cass,8
Cedar,10
Cerro Gordo,8
Cherokee,8
Chickasaw,8
Clarke,8
Clay,8
Clayton,9
Clinton,10
Crawford,8
Dallas,9
Davis,9
Decatur,9
Delaware,9
Des Moines,10
Dickinson,8
Dubuque,10
Emmet,8
Fayette,9
Floyd,8
Franklin,8
Fremont,9
Greene,8
Grundy,9
Guthrie,8
Hamilton,9
Hancock,8
Hardin,9
Harrison,8
Henry,10
Howard,8
Humboldt,8
Ida,8
Iowa,9
Jackson,10
Jasper,9
Jefferson,9
Johnson,9
Jones,10
Keokuk,9
Kossuth,8
Lee,10
Linn,9
Louisa,10
Lucas,9
Lyon,8
Madison,8
Mahaska,9
Marion,9
Marshall,9
Mills,9
Mitchell,8
Monona,8
Monroe,9
Montgomery,8
Muscatine,11
O'Brien,8
Osceola,8
Page,9
Palo Alto,8
Plymouth,8
Pocahontas,8
Polk,8
Pottawattamie,9
Poweshiek,9
Ringgold,8
Sac,8
Scott,10
Shelby,8
Sioux,8
Story,9
Tama,9
Taylor,9
Union,8
Van Buren,9
Wapello,9
Warren,9
Washington,10
Wayne,9
Webster,8
Winnebago,8
Winneshiek,8
Woodbury,9
Worth,8
Wright,8
Allen,9
Anderson,9
Atchison,9
Barber,7
Barton,7
Bourbon,9
Brown,9
Butler,9
Chase,8
Chautauqua,9
Cherokee,9
Cheyenne,6
Clark,7
Clay,8
Cloud,8
Coffey,9
Comanche,7
Cowley,9
Crawford,9
Decatur,6
Dickinson,8
Doniphan,9
Douglas,9
Edwards,7
Elk,8
Ellis,7
Ellsworth,7
Finney,7
Ford,7
Franklin,9
Geary,8
Gove,6
Graham,6
Grant,7
Gray,7
Greeley,6
Greenwood,8
Hamilton,6
Harper,8
Harvey,9
Haskell,7
Hodgeman,7
Jackson,9
Jefferson,9
Jewell,7
Johnson,9
Kearny,7
Kingman,8
Kiowa,7
Labette,9
Lane,7
Leavenworth,10
Lincoln,7
Linn,9
Logan,6
Lyon,9
McPherson,8
Marion,8
Marshall,8
Meade,7
Miami,9
Mitchell,7
Montgomery,10
Morris,8
Morton,6
Nemaha,9
Neosho,9
Ness,7
Norton,6
Osage,9
Osborne,7
Ottawa,8
Pawnee,7
Phillips,7
Pottawatomie,9
Pratt,7
Rawlins,6
Reno,8
Republic,8
Rice,8
Riley,9
Rooks,7
Rush,7
Russell,7
Saline,8
Scott,7
Sedgwick,10
Seward,7
Shawnee,9
Sheridan,6
Sherman,6
Smith,7
Stafford,7
Stanton,6
Stevens,7
Sumner,9
Thomas,6
Trego,6
Wabaunsee,8
Wallace,6
Washington,8
Wichita,6
Wilson,9
Woodson,9
Wyandotte,10
Adair,10
Allen,10
Anderson,10
Ballard,11
Barren,10
Bath,10
Bell,9
Boone,12
Bourbon,10
Boyd,10
Boyle,10
Bracken,10
Breathitt,9
Breckinridge,11
Bullitt,12
Butler,11
Caldwell,10
Calloway,10
Campbell,11
Carlisle,11
Carroll,11
Carter,9
Casey,10
Christian,10
Clark,10
Clay,9
Clinton,9
Crittenden,11
Cumberland,9
Daviess,12
Edmonson,11
Elliott,9
Estill,9
Fayette,10
Fleming,10
Floyd,10
Franklin,11
Fulton,10
Gallatin,11
Garrard,10
Grant,10
Graves,11
Grayson,11
Green,10
Greenup,10
Hancock,12
Hardin,11
Harlan,9
Harrison,10
Hart,11
Henderson,12
Henry,11
Hickman,10
Hopkins,11
Jackson,9
Jefferson,12
Jessamine,10
Johnson,9
Kenton,12
Knott,9
Knox,9
Larue,11
Laurel,10
Lawrence,9
Lee,9
Leslie,9
Letcher,9
Lewis,10
Lincoln,10
Livingston,11
Logan,11
Lyon,10
McCracken,11
McCreary,9
McLean,11
Madison,10
Magoffin,9
Marion,10
Marshall,11
Martin,9
Mason,10
Meade,12
Menifee,9
Mercer,10
Metcalfe,10
Monroe,10
Montgomery,10
Morgan,9
Muhlenberg,11
Nelson,11
Nicholas,10
Ohio,11
Oldham,11
Owen,10
Owsley,9
Pendleton,10
Perry,9
Pike,9
Powell,9
Pulaski,10
Robertson,10
Rockcastle,10
Rowan,9
Russell,10
Scott,10
Shelby,11
Simpson,10
Spencer,11
Taylor,10
Todd,10
Trigg,10
Trimble,11
Union,11
Warren,10
Washington,10
Wayne,9
Webster,11
Whitley,9
Wolfe,9
Woodford,11
Acadia,9
Allen,9
Ascension,10
Assumption,9
Avoyelles,9
Beauregard,9
Bienville,9
Bossier,10
Caddo,10
Calcasieu,9
Caldwell,9
Cameron,9
Catahoula,9
Claiborne,9
Concordia,9
De Soto,9
East Baton Rouge,9
East Carroll,9
East Feliciana,9
Evangeline,9
Franklin,9
Grant,9
Iberia,9
Iberville,9
Jackson,9
Jefferson,8
Jefferson Davis,9
Lafayette,9
Lafourche,9
La Salle,9
Lincoln,9
Livingston,9
Madison,9
Morehouse,9
Natchitoches,9
Orleans,9
Ouachita,9
Plaquemines,8
Pointe Coupee,9
Rapides,9
Red River,9
Richland,9
Sabine,9
St. Bernard,9
St. Charles,9
St. Helena,8
St. James,9
St. John the Baptist,9
St. Landry,9
St. Martin,9
St. Mary,9
St. Tammany,9
Tangipahoa,8
Tensas,9
Terrebonne,8
Union,9
Vermilion,9
Vernon,9
Washington,9
Webster,9
West Baton Rouge,9
West Carroll,9
West Feliciana,9
Winn,9
Androscoggin,7
Aroostook,8
Cumberland,8
Franklin,6
Hancock,6
Kennebec,7
Knox,7
Lincoln,7
Oxford,7
Penobscot,7
Piscataquis,6
Sagadahoc,7
Somerset,7
Waldo,7
Washington,6
York,7
Allegany,9
Anne Arundel,10
Baltimore,10
Calvert,9
Caroline,9
Carroll,10
Cecil,10
Charles,9
Dorchester,9
Frederick,10
Garrett,8
Harford,10
Howard,11
Kent,9
Montgomery,10
Prince George's,9
Queen Anne's,9
St. Mary's,9
Somerset,9
Talbot,9
Washington,10
Wicomico,9
Worcester,9
Baltimore City,9
Barnstable,6
Berkshire,7
Bristol,6
Dukes,6
Essex,7
Franklin,7
Hampden,8
Hampshire,8
Middlesex,8
Nantucket,6
Norfolk,8
Plymouth,7
Suffolk,7
Worcester,7
Alcona,7
Alger,6
Allegan,11
Alpena,7
Antrim,7
Arenac,8
Baraga,6
Barry,11
Bay,9
Benzie,7
Berrien,11
Branch,11
Calhoun,11
Cass,12
Charlevoix,7
Cheboygan,7
Chippewa,6
Clare,8
Clinton,10
Crawford,7
Delta,7
Dickinson,7
Eaton,10
Emmet,7
Genesee,10
Gladwin,8
Gogebic,6
Grand Traverse,7
Gratiot,9
Hillsdale,11
Houghton,6
Huron,9
Ingham,10
Ionia,10
Iosco,7
Iron,6
Isabella,9
Jackson,11
Kalamazoo,11
Kalkaska,7
Kent,11
Keweenaw,5
Lake,8
Lapeer,10
Leelanau,7
Lenawee,10
Livingston,10
Luce,6
Mackinac,7
Macomb,11
Manistee,7
Marquette,6
Mason,8
Mecosta,8
Menominee,7
Midland,9
Missaukee,7
Monroe,11
Montcalm,10
Montmorency,7
Muskegon,10
Newaygo,9
Oakland,11
Oceana,9
Ogemaw,7
Ontonagon,6
Osceola,8
Oscoda,7
Otsego,7
Ottawa,11
Presque Isle,7
Roscommon,7
Saginaw,10
St. Clair,11
St. Joseph,12
Sanilac,9
Schoolcraft,6
Shiawassee,10
Tuscola,9
Van Buren,11
Washtenaw,11
Wayne,11
Wexford,7
Aitkin,6
Anoka,7
Becker,6
Beltrami,6
Benton,6
Big Stone,5
Blue Earth,8
Brown,7
Carlton,6
Carver,7
Cass,6
Chippewa,6
Chisago,7
Clay,7
Clearwater,6
Cook,5
Cottonwood,7
Crow Wing,6
Dakota,8
Dodge,7
Douglas,6
Faribault,8
Fillmore,8
Freeborn,8
Goodhue,8
Grant,6
Hennepin,8
Houston,8
Hubbard,6
Isanti,7
Itasca,7
Jackson,7
Kanabec,6
Kandiyohi,6
Kittson,6
Koochiching,6
Lac qui Parle,6
Lake,6
Lake of the Woods,5
Le Sueur,7
Lincoln,6
Lyon,6
McLeod,6
Mahnomen,6
Marshall,6
Martin,7
Meeker,6
Mille Lacs,6
Morrison,6
Mower,8
Murray,7
Nicollet,7
Nobles,7
Norman,6
Olmsted,8
Otter Tail,6
Pennington,6
Pine,6
Pipestone,7
Polk,6
Pope,6
Ramsey,9
Red Lake,6
Redwood,7
Renville,6
Rice,7
Rock,7
Roseau,6
St. Louis,7
Scott,7
Sherburne,7
Sibley,7
Stearns,7
Steele,7
Stevens,6
Swift,6
Todd,6
Traverse,6
Wabasha,8
Wadena,6
Waseca,7
Washington,8
Watonwan,7
Wilkin,6
Winona,8
Wright,7
Yellow Medicine,6
Adams,9
Alcorn,10
Amite,9
Attala,9
Benton,9
Bolivar,10
Calhoun,9
Carroll,9
Chickasaw,10
Choctaw,9
Claiborne,9
Clarke,9
Clay,10
Coahoma,10
Copiah,9
Covington,9
DeSoto,10
Forrest,10
Franklin,8
George,9
Greene,9
Grenada,9
Hancock,9
Harrison,9
Hinds,10
Holmes,9
Humphreys,9
Issaquena,9
Itawamba,10
Jackson,10
Jasper,10
Jefferson,8
Jefferson Davis,9
Jones,10
Kemper,10
Lafayette,9
Lamar,9
Lauderdale,10
Lawrence,9
Leake,10
Lee,10
Leflore,10
Lincoln,9
Lowndes,10
Madison,10
Marion,9
Marshall,10
Monroe,10
Montgomery,9
Neshoba,10
Newton,10
Noxubee,10
Oktibbeha,10
Panola,10
Pearl River,9
Perry,9
Pike,9
Pontotoc,10
Prentiss,10
Quitman,10
Rankin,10
Scott,10
Sharkey,9
Simpson,9
Smith,10
Stone,9
Sunflower,10
Tallahatchie,10
Tate,10
Tippah,9
Tishomingo,10
Tunica,9
Union,10
Walthall,9
Warren,9
Washington,10
Wayne,9
Webster,9
Wilkinson,8
Winston,10
Yalobusha,9
Yazoo,9
Adair,9
Andrew,9
Atchison,9
Audrain,10
Barry,9
Barton,9
Bates,9
Benton,9
Bollinger,10
Boone,10
Buchanan,10
Butler,10
Caldwell,9
Callaway,10
Camden,9
Cape Girardeau,11
Carroll,9
Carter,9
Cass,9
Cedar,9
Chariton,9
Christian,9
Clark,10
Clay,10
Clinton,9
Cole,10
Cooper,9
Crawford,9
Dade,9
Dallas,9
Daviess,9
DeKalb,9
Dent,9
Douglas,9
Dunklin,11
Franklin,10
Gasconade,9
Gentry,9
Greene,10
Grundy,9
Harrison,9
Henry,9
Hickory,9
Holt,9
Howard,9
Howell,9
Iron,9
Jackson,10
Jasper,10
Jefferson,11
Johnson,9
Knox,9
Laclede,9
Lafayette,9
Lawrence,9
Lewis,10
Lincoln,10
Linn,9
Livingston,9
McDonald,9
Macon,9
Madison,10
Maries,9
Marion,10
Mercer,9
Miller,9
Mississippi,11
Moniteau,9
Monroe,9
Montgomery,10
Morgan,9
New Madrid,11
Newton,10
Nodaway,9
Oregon,9
Osage,9
Ozark,9
Pemiscot,11
Perry,10
Pettis,9
Phelps,9
Pike,10
Platte,10
Polk,9
Pulaski,9
Putnam,9
Ralls,10
Randolph,9
Ray,9
Reynolds,9
Ripley,10
St. Charles,11
St. Clair,9
Ste. Genevieve,10
St. Francois,10
St. Louis,12
Saline,9
Schuyler,9
Scotland,9
Scott,11
Shannon,9
Shelby,9
Stoddard,11
Stone,9
Sullivan,9
Taney,9
Texas,9
Vernon,9
Warren,10
Washington,9
Wayne,10
Webster,9
Worth,9
Wright,9
St. Louis City,11
Beaverhead,7
Big Horn,6
Blaine,5
Broadwater,6
Carbon,5
Carter,5
Cascade,5
Chouteau,5
Custer,5
Daniels,6
Dawson,5
Deer Lodge,7
Fallon,5
Fergus,4
Flathead,8
Gallatin,7
Garfield,5
Glacier,6
Golden Valley,4
Granite,6
Hill,6
Jefferson,7
Judith Basin,4
Lake,8
Lewis and Clark,6
Liberty,5
Lincoln,9
McCone,5
Madison,6
Meagher,4
Mineral,8
Missoula,8
Musselshell,5
Park,5
Petroleum,5
Phillips,4
Pondera,6
Powder River,5
Powell,6
Prairie,5
Ravalli,8
Richland,6
Roosevelt,6
Rosebud,6
Sanders,9
Sheridan,6
Silver Bow,8
Stillwater,5
Sweet Grass,4
Teton,5
Toole,6
Treasure,5
Valley,5
Wheatland,4
Wibaux,5
Yellowstone,6
Adams,8
Antelope,7
Arthur,5
Banner,4
Blaine,5
Boone,7
Box Butte,4
Boyd,6
Brown,5
Buffalo,7
Burt,8
Butler,8
Cass,9
Cedar,8
Chase,6
Cherry,5
Cheyenne,5
Clay,8
Colfax,8
Cuming,8
Custer,6
Dakota,8
Dawes,4
Dawson,7
Deuel,5
Dixon,8
Dodge,9
Douglas,9
Dundy,6
Fillmore,8
Franklin,7
Frontier,6
Furnas,6
Gage,8
Garden,5
Garfield,6
Gosper,6
Grant,5
Greeley,7
Hall,7
Hamilton,8
Harlan,7
Hayes,6
Hitchcock,6
Holt,6
Hooker,5
Howard,7
Jefferson,8
Johnson,8
Kearney,7
Keith,6
Keya Paha,5
Kimball,4
Knox,7
Lancaster,9
Lincoln,6
Logan,5
Loup,6
McPherson,5
Madison,8
Merrick,8
Morrill,4
Nance,7
Nemaha,9
Nuckolls,7
Otoe,9
Pawnee,8
Perkins,6
Phelps,7
Pierce,7
Platte,8
Polk,8
Red Willow,6
Richardson,9
Rock,5
Saline,8
Sarpy,9
Saunders,9
Scotts Bluff,5
Seward,8
Sheridan,4
Sherman,7
Sioux,3
Stanton,8
Thayer,8
Thomas,5
Thurston,8
Valley,6
Washington,8
Wayne,8
Webster,7
Wheeler,6
York,8
Churchill,7
Clark,9
Douglas,7
Elko,5
Esmeralda,5
Eureka,4
Humboldt,6
Lander,4
Lincoln,4
Lyon,8
Mineral,5
Nye,6
Pershing,5
Storey,7
Washoe,8
White Pine,4
Carson City,7
Belknap,6
Carroll,6
Cheshire,8
Coos,6
Grafton,7
Hillsborough,7
Merrimack,7
Rockingham,7
Strafford,7
Sullivan,7
Atlantic,9
Bergen,9
Burlington,11
Camden,11
Cape May,9
Cumberland,9
Essex,9
Gloucester,10
Hudson,9
Hunterdon,10
Mercer,8
Middlesex,9
Monmouth,9
Morris,10
Ocean,7
Passaic,9
Salem,10
Somerset,9
Sussex,9
Union,10
Warren,10
Bernalillo,6
Catron,4
Chaves,7
Cibola,5
Colfax,4
Curry,7
De Baca,5
Dona Ana,7
Eddy,7
Grant,6
Guadalupe,5
Harding,5
Hidalgo,6
Lea,7
Lincoln,5
Los Alamos,5
Luna,6
McKinley,6
Mora,4
Otero,6
Quay,5
Rio Arriba,5
Roosevelt,6
Sandoval,7
San Juan,6
San Miguel,5
Santa Fe,6
Sierra,5
Socorro,5
Taos,4
Torrance,5
Union,4
Valencia,6
Albany,9
Allegany,8
Bronx,10
Broome,8
Cattaraugus,9
Cayuga,8
Chautauqua,9
Chemung,8
Chenango,8
Clinton,6
Columbia,8
Cortland,7
Delaware,7
Dutchess,9
Erie,10
Essex,6
Franklin,7
Fulton,8
Genesee,9
Greene,8
Hamilton,6
Herkimer,7
Jefferson,7
Kings,10
Lewis,7
Livingston,8
Madison,8
Monroe,8
Montgomery,8
Nassau,10
New York,10
Niagara,11
Oneida,8
Onondaga,8
Ontario,8
Orange,9
Orleans,9
Oswego,8
Otsego,7
Putnam,9
Queens,8
Rensselaer,9
Richmond,9
Rockland,9
St. Lawrence,7
Saratoga,9
Schenectady,9
Schoharie,7
Schuyler,8
Seneca,8
Steuben,7
Suffolk,9
Sullivan,8
Tioga,8
Tompkins,8
Ulster,8
Warren,8
Washington,8
Wayne,8
Westchester,10
Wyoming,8
Yates,7
Alamance,10
Alexander,10
Alleghany,8
Anson,10
Ashe,8
Avery,8
Beaufort,9
Bertie,9
Bladen,10
Brunswick,9
Buncombe,9
Burke,10
Cabarrus,11
Caldwell,9
Camden,8
Carteret,8
Caswell,10
Catawba,10
Chatham,10
Cherokee,9
Chowan,8
Clay,8
Cleveland,10
Columbus,9
Craven,9
Cumberland,10
Currituck,8
Dare,8
Davidson,10
Davie,10
Duplin,9
Durham,10
Edgecombe,10
Forsyth,9
Franklin,10
Gaston,10
Gates,8
Graham,8
Granville,10
Greene,10
Guilford,10
Halifax,9
Harnett,10
Haywood,8
Henderson,9
Hertford,9
Hoke,10
Hyde,7
Iredell,10
Jackson,8
Johnston,10
Jones,9
Lee,10
Lenoir,10
Lincoln,10
McDowell,9
Macon,8
Madison,8
Martin,8
Mecklenburg,11
Mitchell,8
Montgomery,9
Moore,10
Nash,10
New Hanover,8
Northampton,9
Onslow,9
Orange,10
Pamlico,8
Pasquotank,8
Pender,9
Perquimans,8
Person,10
Pitt,9
Polk,9
Randolph,10
Richmond,10
Robeson,10
Rockingham,10
Rowan,10
Rutherford,10
Sampson,10
Scotland,10
Stanly,10
Stokes,9
Surry,9
Swain,8
Transylvania,8
Tyrrell,7
Union,10
Vance,10
Wake,11
Warren,9
Washington,8
Watauga,8
Wayne,10
Wilkes,9
Wilson,10
Yadkin,9
Yancey,8
Adams,4
Barnes,5
Benson,5
Billings,4
Bottineau,5
Bowman,5
Burke,5
Burleigh,5
Cass,6
Cavalier,5
Dickey,5
Divide,5
Dunn,4
Eddy,5
Emmons,5
Foster,5
Golden Valley,5
Grand Forks,6
Grant,4
Griggs,5
Hettinger,4
Kidder,4
LaMoure,5
Logan,5
McHenry,5
McIntosh,5
McKenzie,5
McLean,4
Mercer,5
Morton,5
Mountrail,5
Nelson,5
Oliver,4
Pembina,6
Pierce,5
Ramsey,5
Ransom,5
Renville,5
Richland,6
Rolette,5
Sargent,5
Sheridan,4
Sioux,5
Slope,5
Stark,5
Steele,5
Stutsman,5
Towner,5
Traill,6
Walsh,6
Ward,5
Wells,5
Williams,6
Adams,10
Allen,12
Ashland,11
Ashtabula,11
Athens,10
Auglaize,12
Belmont,11
Brown,11
Butler,13
Carroll,11
Champaign,11
Clark,11
Clermont,12
Clinton,11
Columbiana,11
Coshocton,11
Crawford,11
Cuyahoga,13
Darke,12
Defiance,12
Delaware,11
Erie,11
Fairfield,11
Fayette,11
Franklin,12
Fulton,11
Gallia,10
Geauga,11
Greene,11
Guernsey,11
Hamilton,13
Hancock,11
Hardin,11
Harrison,11
Henry,11
Highland,10
Hocking,10
Holmes,11
Huron,11
Jackson,10
Jefferson,11
Knox,11
Lake,11
Lawrence,10
Licking,11
Logan,11
Lorain,11
Lucas,11
Madison,11
Mahoning,11
Marion,11
Medina,11
Meigs,10
Mercer,12
Miami,12
Monroe,10
Montgomery,12
Morgan,10
Morrow,11
Muskingum,11
Noble,10
Ottawa,11
Paulding,12
Perry,11
Pickaway,11
Pike,10
Portage,11
Preble,11
Putnam,12
Richland,11
Ross,10
Sandusky,11
Scioto,10
Seneca,11
Shelby,12
Stark,12
Summit,12
Trumbull,11
Tuscarawas,11
Union,11
Van Wert,12
Vinton,10
Warren,12
Washington,11
Wayne,12
Williams,11
Wood,11
Wyandot,11
Adair,9
Alfalfa,8
Atoka,9
Beaver,7
Beckham,7
Blaine,8
Bryan,9
Caddo,8
Canadian,9
Carter,9
Cherokee,10
Choctaw,9
Cimarron,5
Cleveland,10
Coal,9
Comanche,8
Cotton,8
Craig,9
Creek,9
Custer,8
Delaware,10
Dewey,7
Ellis,7
Garfield,9
Garvin,9
Grady,9
Grant,8
Greer,7
Harmon,7
Harper,7
Haskell,9
Hughes,9
Jackson,8
Jefferson,8
Johnston,9
Kay,9
Kingfisher,9
Kiowa,8
Latimer,9
Le Flore,10
Lincoln,9
Logan,9
Love,9
McClain,9
McCurtain,9
McIntosh,9
Major,8
Marshall,9
Mayes,10
Murray,9
Muskogee,10
Noble,9
Nowata,9
Okfuskee,9
Oklahoma,10
Okmulgee,9
Osage,10
Ottawa,9
Pawnee,9
Payne,9
Pittsburg,9
Pontotoc,9
Pottawatomie,9
Pushmataha,9
Roger Mills,7
Rogers,10
Seminole,9
Sequoyah,10
Stephens,9
Texas,7
Tillman,8
Tulsa,9
Wagoner,10
Washington,10
Washita,8
Woods,7
Woodward,7
Baker,6
Benton,8
Clackamas,9
Clatsop,6
Columbia,7
Coos,8
Crook,7
Curry,8
Deschutes,8
Douglas,8
Gilliam,7
Grant,6
Harney,6
Hood River,6
Jackson,8
Jefferson,7
Josephine,7
Klamath,7
Lake,6
Lane,9
Lincoln,7
Linn,8
Malheur,9
Marion,9
Morrow,7
Multnomah,8
Polk,8
Sherman,6
Tillamook,6
Umatilla,8
Union,6
Wallowa,6
Wasco,6
Washington,8
Wheeler,5
Yamhill,8
Adams,10
Allegheny,13
Armstrong,11
Beaver,11
Bedford,10
Berks,10
Blair,11
Bradford,9
Bucks,10
Butler,11
Cambria,11
Cameron,8
Carbon,10
Centre,8
Chester,10
Clarion,10
Clearfield,10
Clinton,9
Columbia,10
Crawford,10
Cumberland,9
Dauphin,10
Delaware,11
Elk,9
Erie,10
Fayette,11
Forest,9
Franklin,10
Fulton,9
Greene,11
Huntingdon,10
Indiana,11
Jefferson,10
Juniata,10
Lackawanna,9
Lancaster,11
Lawrence,11
Lebanon,12
Lehigh,11
Luzerne,10
Lycoming,10
McKean,9
Mercer,9
Mifflin,10
Monroe,9
Montgomery,9
Montour,10
Northampton,10
Northumberland,11
Perry,11
Philadelphia,11
Pike,9
Potter,8
Schuylkill,11
Snyder,11
Somerset,10
Sullivan,8
Susquehanna,9
Tioga,8
Union,10
Venango,10
Warren,9
Washington,10
Wayne,9
Westmoreland,9
Wyoming,9
York,10
Bristol,6
Kent,6
Newport,6
Providence,7
Washington,6
Abbeville,10
Aiken,11
Allendale,10
Anderson,11
Bamberg,10
Barnwell,10
Beaufort,10
Berkeley,9
Calhoun,10
Charleston,8
Cherokee,10
Chester,10
Chesterfield,10
Clarendon,10
Colleton,10
Darlington,10
Dillon,10
Dorchester,10
Edgefield,10
Fairfield,10
Florence,10
Georgetown,9
Greenville,9
Greenwood,10
Hampton,10
Horry,9
Jasper,10
Kershaw,10
Lancaster,10
Laurens,10
Lee,10
Lexington,10
McCormick,10
Marion,9
Marlboro,10
Newberry,10
Oconee,10
Orangeburg,10
Pickens,10
Richland,9
Saluda,10
Spartanburg,9
Sumter,10
Union,10
Williamsburg,9
York,11
Aurora,6
Beadle,6
Bennett,4
Bon Homme,7
Brookings,6
Brown,5
Brule,6
Buffalo,5
Butte,5
Campbell,5
Charles Mix,6
Clark,5
Clay,8
Codington,5
Corson,5
Custer,3
Davison,6
Day,5
Deuel,5
Dewey,5
Douglas,6
Edmunds,5
Fall River,3
Faulk,5
Grant,5
Gregory,6
Haakon,4
Hamlin,5
Hand,5
Hanson,6
Harding,4
Hughes,5
Hutchinson,7
Hyde,5
Jackson,4
Jerauld,6
Jones,5
Kingsbury,6
Lake,6
Lawrence,5
Lincoln,8
Lyman,5
McCook,7
McPherson,5
Marshall,5
Meade,5
Mellette,5
Miner,6
Minnehaha,8
Moody,7
Oglala Lakota,4
Pennington,5
Perkins,4
Potter,5
Roberts,5
Sanborn,6
Spink,5
Stanley,5
Sully,5
Todd,5
Tripp,5
Turner,7
Union,8
Walworth,5
Yankton,7
Ziebach,4
Anderson,10
Bedford,10
Benton,10
Bledsoe,9
Blount,10
Bradley,10
Campbell,9
Cannon,9
Carroll,10
Carter,9
Cheatham,10
Chester,9
Claiborne,10
Clay,9
Cocke,9
Coffee,10
Crockett,10
Cumberland,9
Davidson,10
Decatur,9
DeKalb,9
Dickson,10
Dyer,10
Fayette,10
Fentress,9
Franklin,10
Gibson,10
Giles,10
Grainger,10
Greene,10
Grundy,9
Hamblen,10
Hamilton,10
Hancock,9
Hardeman,9
Hardin,9
Hawkins,10
Haywood,10
Henderson,9
Henry,10
Hickman,9
Houston,10
Humphreys,10
Jackson,9
Jefferson,10
Johnson,8
Knox,10
Lake,10
Lauderdale,10
Lawrence,9
Lewis,9
Lincoln,10
Loudon,10
McMinn,10
McNairy,9
Macon,10
Madison,10
Marion,10
Marshall,10
Maury,10
Meigs,10
Monroe,10
Montgomery,9
Moore,10
Morgan,9
Obion,10
Overton,9
Perry,9
Pickett,9
Polk,9
Putnam,9
Rhea,9
Roane,10
Robertson,10
Rutherford,11
Scott,9
Sequatchie,9
Sevier,10
Shelby,9
Smith,10
Stewart,10
Sullivan,10
Sumner,10
Tipton,10
Trousdale,10
Unicoi,8
Union,10
Van Buren,9
Warren,9
Washington,9
Wayne,9
Weakley,10
White,9
Williamson,11
Wilson,11
Anderson,9
Andrews,7
Angelina,9
Aransas,9
Archer,8
Armstrong,6
Atascosa,9
Austin,10
Bailey,6
Bandera,8
Bastrop,10
Baylor,7
Bee,9
Bell,10
Bexar,10
Blanco,8
Borden,7
Bosque,9
Bowie,10
Brazoria,11
Brazos,10
Brewster,6
Briscoe,6
Brooks,8
Brown,8
Burleson,9
Burnet,9
Caldwell,10
Calhoun,9
Callahan,7
Cameron,9
Camp,9
Carson,7
Cass,9
Castro,7
Chambers,9
Cherokee,10
Childress,7
Clay,8
Cochran,6
Coke,7
Coleman,7
Collin,10
Collingsworth,7
Colorado,9
Comal,10
Comanche,8
Concho,7
Cooke,9
Coryell,9
Cottle,7
Crane,7
Crockett,7
Crosby,7
Culberson,5
Dallam,6
Dallas,10
Dawson,7
Deaf Smith,7
Delta,9
Denton,10
DeWitt,9
Dickens,7
Dimmit,8
Donley,7
Duval,8
Eastland,8
Ector,7
Edwards,7
Ellis,10
El Paso,9
Erath,8
Falls,10
Fannin,10
Fayette,9
Fisher,7
Floyd,7
Foard,7
Fort Bend,11
Franklin,9
Freestone,10
Frio,8
Gaines,7
Galveston,10
Garza,7
Gillespie,8
Glasscock,7
Goliad,9
Gonzales,9
Gray,7
Grayson,10
Gregg,10
Grimes,10
Guadalupe,10
Hale,7
Hall,7
Hamilton,8
Hansford,7
Hardeman,7
Hardin,9
Harris,12
Harrison,10
Hartley,5
Haskell,7
Hays,10
Hemphill,6
Henderson,10
Hidalgo,9
Hill,10
Hockley,7
Hood,9
Hopkins,10
Houston,9
Howard,7
Hudspeth,6
Hunt,10
Hutchinson,7
Irion,7
Jack,8
Jackson,9
Jasper,9
Jeff Davis,5
Jefferson,10
Jim Hogg,8
Jim Wells,9
Johnson,10
Jones,8
Karnes,9
Kaufman,10
Kendall,9
Kenedy,8
Kent,7
Kerr,8
Kimble,7
King,7
Kinney,7
Kleberg,9
Knox,7
Lamar,9
Lamb,7
Lampasas,9
La Salle,8
Lavaca,9
Lee,9
Leon,9
Liberty,10
Limestone,9
Lipscomb,7
Live Oak,9
Llano,8
Loving,6
Lubbock,8
Lynn,7
McCulloch,7
McLennan,10
McMullen,8
Madison,9
Marion,9
Martin,7
Mason,7
Matagorda,9
Maverick,8
Medina,9
Menard,7
Midland,7
Milam,9
Mills,8
Mitchell,7
Montague,9
Montgomery,11
Moore,6
Morris,9
Motley,7
Nacogdoches,9
Navarro,10
Newton,9
Nolan,7
Nueces,9
Ochiltree,7
Oldham,6
Orange,9
Palo Pinto,9
Panola,10
Parker,10
Parmer,7
Pecos,7
Polk,9
Potter,7
Presidio,5
Rains,10
Randall,7
Reagan,7
Real,7
Red River,9
Reeves,6
Refugio,9
Roberts,6
Robertson,9
Rockwall,10
Runnels,7
Rusk,10
Sabine,9
San Augustine,9
San Jacinto,10
San Patricio,9
San Saba,8
Schleicher,7
Scurry,7
Shackelford,7
Shelby,9
Sherman,6
Smith,10
Somervell,9
Starr,8
Stephens,8
Sterling,7
Stonewall,7
Sutton,7
Swisher,7
Tarrant,10
Taylor,8
Terrell,7
Terry,7
Throckmorton,7
Titus,10
Tom Green,8
Travis,10
Trinity,9
Tyler,9
Upshur,10
Upton,7
Uvalde,8
Val Verde,8
Van Zandt,10
Victoria,9
Walker,10
Waller,10
Ward,7
Washington,9
Webb,8
Wharton,10
Wheeler,7
Wichita,8
Wilbarger,8
Willacy,8
Williamson,10
Wilson,9
Winkler,7
Wise,9
Wood,10
Yoakum,7
Young,8
Zapata,7
Zavala,8
Beaver,4
Box Elder,7
Cache,7
Carbon,5
Daggett,4
Davis,8
Duchesne,6
Emery,5
Garfield,4
Grand,5
Iron,4
Juab,5
Kane,4
Millard,5
Morgan,7
Piute,4
Rich,5
Salt Lake,8
San Juan,5
Sanpete,5
Sevier,5
Summit,6
Tooele,6
Uintah,6
Utah,7
Wasatch,6
Washington,5
Wayne,4
Weber,8
Addison,6
Bennington,7
Caledonia,5
Chittenden,6
Essex,5
Franklin,6
Grand Isle,6
Lamoille,5
Orange,6
Orleans,6
Rutland,8
Washington,6
Windham,8
Windsor,7
Accomack,8
Albemarle,8
Alleghany,8
Amelia,8
Amherst,9
Appomattox,9
Arlington,9
Augusta,8
Bath,8
Bedford,9
Bland,8
Botetourt,9
Brunswick,9
Buchanan,9
Buckingham,8
Campbell,9
Caroline,8
Carroll,9
Charles City,8
Charlotte,9
Chesterfield,9
Clarke,9
Craig,8
Culpeper,8
Cumberland,8
Dickenson,9
Dinwiddie,9
Essex,8
Fairfax,8
Fauquier,9
Floyd,8
Fluvanna,8
Franklin,9
Frederick,9
Giles,8
Gloucester,8
Goochland,9
Grayson,8
Greene,8
Greensville,9
Halifax,9
Hanover,9
Henrico,8
Henry,9
Highland,7
Isle of Wight,9
James City,8
King and Queen,8
King George,8
King William,8
Lancaster,8
Lee,9
Loudoun,9
Louisa,8
Lunenburg,9
Madison,8
Mathews,8
Mecklenburg,9
Middlesex,8
Montgomery,9
Nelson,8
New Kent,8
Northampton,8
Northumberland,8
Nottoway,9
Orange,8
Page,8
Patrick,9
Pittsylvania,10
Powhatan,9
Prince Edward,9
Prince George,9
Prince William,9
Pulaski,9
Rappahannock,8
Richmond,8
Roanoke,8
Rockbridge,8
Rockingham,8
Russell,9
Scott,10
Shenandoah,8
Smyth,8
Southampton,9
Spotsylvania,9
Stafford,9
Surry,8
Sussex,9
Tazewell,9
Warren,8
Washington,9
Westmoreland,8
Wise,9
Wythe,8
York,8
Alexandria City,9
Bristol City,9
Buena Vista City,8
Charlottesville City,8
Chesapeake City,9
Colonial Heights City,9
Covington City,8
Danville City,10
Emporia City,9
Fairfax City,9
Falls Church City,9
Franklin City,8
Fredericksburg City,8
Galax City,8
Hampton City,8
Harrisonburg City,8
Hopewell City,9
Lexington City,8
Lynchburg City,9
Manassas City,9
Manassas Park City,9
Martinsville City,9
Newport News City,9
Norfolk City,8
Norton City,9
Petersburg City,9
Poquoson City,8
Portsmouth City,9
Radford City,8
Richmond City,9
Roanoke City,9
Salem City,8
Staunton City,8
Suffolk City,9
Virginia Beach City,8
Waynesboro City,8
Williamsburg City,8
Winchester City,9
Adams,9
Asotin,8
Benton,9
Chelan,6
Clallam,5
Clark,8
Columbia,7
Cowlitz,6
Douglas,7
Ferry,6
Franklin,9
Garfield,7
Grant,9
Grays Harbor,6
Island,7
Jefferson,6
King,7
Kitsap,7
Kittitas,6
Klickitat,6
Lewis,6
Lincoln,8
Mason,5
Okanogan,7
Pacific,6
Pend Oreille,9
Pierce,7
San Juan,7
Skagit,7
Skamania,6
Snohomish,8
Spokane,11
Stevens,9
Thurston,7
Wahkiakum,5
Walla Walla,8
Whatcom,9
Whitman,9
Yakima,7
Barbour,8
Berkeley,9
Boone,9
Braxton,9
Brooke,11
Cabell,10
Calhoun,9
Clay,9
Doddridge,9
Fayette,9
Gilmer,9
Grant,8
Greenbrier,8
Hampshire,8
Hancock,10
Hardy,8
Harrison,9
Jackson,10
Jefferson,9
Kanawha,10
Lewis,9
Lincoln,10
Logan,9
McDowell,9
Marion,10
Marshall,10
Mason,10
Mercer,8
Mineral,8
Mingo,9
Monongalia,9
Monroe,8
Morgan,9
Nicholas,9
Ohio,10
Pendleton,7
Pleasants,10
Pocahontas,8
Preston,9
Putnam,10
Raleigh,9
Randolph,8
Ritchie,10
Roane,9
Summers,8
Taylor,9
Tucker,8
Tyler,10
Upshur,8
Wayne,10
Webster,8
Wetzel,10
Wirt,9
Wood,10
Wyoming,9
Adams,8
Ashland,6
Barron,7
Bayfield,6
Brown,9
Buffalo,8
Burnett,6
Calumet,9
Chippewa,7
Clark,7
Columbia,9
Crawford,9
Dane,9
Dodge,9
Door,8
Douglas,6
Dunn,7
Eau Claire,8
Florence,6
Fond du Lac,9
Forest,6
Grant,9
Green,10
Green Lake,9
Iowa,9
Iron,6
Jackson,8
Jefferson,10
Juneau,8
Kenosha,11
Kewaunee,8
La Crosse,8
Lafayette,9
Langlade,7
Lincoln,7
Manitowoc,9
Marathon,8
Marinette,8
Marquette,9
Menominee,8
Milwaukee,11
Monroe,8
Oconto,8
Oneida,7
Outagamie,8
Ozaukee,10
Pepin,7
Pierce,8
Polk,7
Portage,8
Price,6
Racine,11
Richland,8
Rock,10
Rusk,7
St. Croix,8
Sauk,9
Sawyer,6
Shawano,8
Sheboygan,9
Taylor,7
Trempealeau,8
Vernon,8
Vilas,6
Walworth,11
Washburn,6
Washington,10
Waukesha,11
Waupaca,8
Waushara,8
Winnebago,9
Wood,8
Albany,3
Big Horn,5
Campbell,5
Carbon,3
Converse,3
Crook,4
Fremont,5
Goshen,4
Hot Springs,4
Johnson,4
Laramie,4
Lincoln,5
Natrona,3
Niobrara,3
Park,5
Platte,3
Sheridan,5
Sublette,5
Sweetwater,5
Teton,4
Uinta,5
Washakie,4
Weston,4
