County_Name,ratio_primary_care_provider
Autauga,4747
Baldwin,3159
Barbour,5073
Bibb,2957
Blount,8912
Bullock,4562
Butler,5371
Calhoun,3358
Chambers,9131
Cherokee,3826
Chilton,11204
Choctaw,5157
Clarke,3448
Clay,4886
Cleburne,8721
Coffee,3295
Colbert,2250
Conecuh,6586
Coosa,5358
Covington,3227
Crenshaw,7999
Cullman,2958
Dale,6954
Dallas,2825
DeKalb,4128
Elmore,6531
Escambia,4815
Etowah,2519
Fayette,3768
Franklin,4210
Geneva,7689
Greene,6200
Hale,7391
Henry,7731
Houston,1806
Jackson,3471
Jefferson,1628
Lamar,1384
Lauderdale,3185
Lawrence,9356
Lee,3645
Limestone,4800
Lowndes,15063
Macon,3764
Madison,1990
Marengo,4357
Marion,4400
Marshall,3120
Mobile,2387
Monroe,5007
Montgomery,1829
Morgan,3501
Perry,4941
Pickens,9168
Pike,3314
Randolph,4659
Russell,8248
St. Clair,7851
Shelby,3070
Sumter,8158
Talladega,5059
Tallapoosa,3191
Tuscaloosa,2424
Walker,3791
Washington,7330
Wilcox,4805
Winston,4738
Aleutians East,703
Aleutians West,3322
Anchorage,1413
Bethel,1540
Bristol Bay,328
Denali,686
Dillingham,1379
Fairbanks North Star,1867
Haines,2835
Hoonah-Angoon,538
Juneau,1651
Kenai Peninsula,2135
Ketchikan Gateway,1686
Kodiak Island,1818
Kusilvak,2768
Lake and Peninsula,596
Matanuska-Susitna,3581
Nome,1691
North Slope,4906
Northwest Arctic,2688
Petersburg,1621
Prince of Wales-Hyder,2092
Sitka,1232
Skagway,239
Southeast Fairbanks,3290
Valdez-Cordova,1947
Wrangell,944
Yakutat,50
Yukon-Koyukuk,5957
Apache,4443
Cochise,3042
Coconino,2155
Gila,3487
Graham,2857
Greenlee,3472
La Paz,5192
Maricopa,2367
Mohave,3228
Navajo,2664
Pima,2217
Pinal,8162
Santa Cruz,5885
Yavapai,2582
Yuma,3487
Arkansas,3412
Ashley,3967
Baxter,2150
Benton,3096
Boone,2406
Bradley,5443
Calhoun,3679
Carroll,5779
Chicot,1547
Clark,3455
Clay,8945
Cleburne,3453
Cleveland,10875
Columbia,3499
Conway,5672
Craighead,1464
Crawford,6747
Crittenden,4077
Cross,4262
Dallas,4260
Desha,3504
Drew,4045
Faulkner,3263
Franklin,8031
Fulton,2489
Garland,2087
Grant,11357
Greene,2763
Hempstead,5456
Hot Spring,6668
Howard,4470
Independence,2435
Izard,3537
Jackson,3741
Jefferson,2920
Johnson,3680
Lafayette,4767
Lawrence,4675
Lee,11422
Lincoln,8735
Little River,5353
Logan,7103
Lonoke,7872
Madison,8193
Marion,10304
Miller,2932
Mississippi,4404
Monroe,3512
Montgomery,5576
Nevada,4441
Newton,1115
Ouachita,4612
Perry,12418
Phillips,2984
Pike,5354
Poinsett,7751
Polk,2348
Pope,3198
Prairie,10267
Pulaski,1522
Randolph,3388
St. Francis,3751
Saline,4723
Scott,7803
Searcy,4964
Sebastian,1970
Sevier,3457
Sharp,4564
Stone,4166
Union,2944
Van Buren,4918
Washington,2515
White,3053
Woodruff,3117
Yell,2927
Alameda,2694
Alpine,92
Amador,3198
Butte,2606
Calaveras,7351
Colusa,6205
Contra Costa,3061
Del Norte,2881
El Dorado,3497
Fresno,2818
Glenn,7269
Humboldt,2368
Imperial,5890
Inyo,1848
Kern,3736
Kings,3842
Lake,3646
Lassen,4455
Los Angeles,3015
Madera,3721
Marin,2349
Mariposa,4176
Mendocino,2087
Merced,4026
Modoc,2940
Mono,2670
Monterey,3612
Napa,2802
Nevada,2738
Orange,2661
Placer,2415
Plumas,3522
Riverside,4331
Sacramento,2727
San Benito,5635
San Bernardino,3184
San Diego,2553
San Francisco,1684
San Joaquin,4530
San Luis Obispo,2591
San Mateo,3312
Santa Barbara,2860
Santa Clara,2389
Santa Cruz,2428
Shasta,2401
Sierra,3596
Siskiyou,2511
Solano,3371
Sonoma,2407
Stanislaus,3231
Sutter,2549
Tehama,3551
Trinity,5281
Tulare,3633
Tuolumne,2391
Ventura,3678
Yolo,2604
Yuba,5584
Adams,2837
Alamosa,1811
Arapahoe,2046
Archuleta,2639
Baca,2083
Bent,1961
Boulder,1709
Broomfield,2164
Chaffee,2522
Cheyenne,3721
Clear Creek,14377
Conejos,3004
Costilla,3828
Crowley,7763
Custer,2333
Delta,2748
Denver,1599
Dolores,2074
Douglas,2745
Eagle,2500
Elbert,15172
El Paso,2503
Fremont,3229
Garfield,2595
Gilpin,9128
Grand,3495
Gunnison,2442
Hinsdale,66
Huerfano,1641
Jackson,2092
Jefferson,2225
Kiowa,1440
Kit Carson,2685
Lake,1818
La Plata,1653
Larimer,2128
Las Animas,4325
Lincoln,3334
Logan,2635
Mesa,1890
Mineral,1542
Moffat,3505
Montezuma,2194
Montrose,2330
Morgan,2997
Otero,2551
Ouray,5632
Park,15246
Phillips,1715
Pitkin,2872
Prowers,3283
Pueblo,2492
Rio Blanco,2297
Rio Grande,1807
Routt,2039
Saguache,13469
San Juan,746
San Miguel,2966
Sedgwick,3112
Summit,3434
Teller,3983
Washington,6574
Weld,3535
Yuma,3268
Fairfield,2027
Hartford,1688
Litchfield,3323
Middlesex,2349
New Haven,1810
New London,2662
Tolland,3417
Windham,4024
Kent,3354
New Castle,1821
Sussex,2999
District of Columbia,1412
Alachua,993
Baker,4320
Bay,2635
Bradford,4641
Brevard,2352
Broward,2388
Calhoun,4035
Charlotte,2720
Citrus,2909
Clay,3051
Collier,2393
Columbia,2976
DeSoto,5596
Dixie,19456
Duval,1754
Escambia,2065
Flagler,3671
Franklin,5376
Gadsden,8649
Gilchrist,4056
Glades,1961
Gulf,3656
Hamilton,21339
Hardee,11407
Hendry,5413
Hernando,3067
Highlands,2885
Hillsborough,1912
Holmes,4565
Indian River,2667
Jackson,3236
Jefferson,11859
Lafayette,10634
Lake,2570
Lee,2497
Leon,1917
Levy,7221
Liberty,2819
Madison,10549
Manatee,2967
Marion,2743
Martin,2286
Miami-Dade,2074
Monroe,2621
Nassau,3528
Okaloosa,2097
Okeechobee,3378
Orange,1898
Osceola,3895
Palm Beach,2222
Pasco,2867
Pinellas,1937
Polk,3328
Putnam,4062
St. Johns,2435
St. Lucie,3839
Santa Rosa,2851
Sarasota,2264
Seminole,2651
Sumter,4556
Suwannee,8081
Taylor,3930
Union,6013
Volusia,2621
Wakulla,6819
Walton,3356
Washington,5226
Appling,3735
Atkinson,2074
Bacon,3215
Baker,1031
Baldwin,2889
Banks,6558
Barrow,7345
Bartow,3670
Ben Hill,3244
Berrien,9145
Bibb,1184
Bleckley,4634
Brantley,15693
Brooks,8299
Bryan,2507
Bulloch,2872
Burke,5618
Butts,6673
Calhoun,8043
Camden,4368
Candler,4505
Carroll,3200
Catoosa,3703
Charlton,4620
Chatham,1736
Chattahoochee,6635
Chattooga,14451
Cherokee,4490
Clarke,2149
Clay,4406
Clayton,7492
Clinch,8943
Cobb,2410
Coffee,2523
Colquitt,3133
Columbia,2612
Cook,5003
Coweta,3155
Crawford,24613
Crisp,1903
Dade,5060
Dawson,2754
Decatur,3887
DeKalb,1804
Dodge,3885
Dooly,15450
Dougherty,1831
Douglas,4679
Early,3179
Echols,166
Effingham,6590
Elbert,6691
Emanuel,3033
Evans,4783
Fannin,3600
Fayette,1528
Floyd,1224
Forsyth,4395
Franklin,5015
Fulton,1495
Gilmer,5341
Glascock,6057
Glynn,2874
Gordon,3305
Grady,4318
Greene,3100
Gwinnett,2921
Habersham,3444
Hall,2527
Hancock,10648
Haralson,5531
Harris,9721
Hart,6128
Heard,8835
Henry,3069
Houston,2797
Irwin,4703
Jackson,3553
Jasper,6303
Jeff Davis,6261
Jefferson,5059
Jenkins,5093
Johnson,3576
Jones,7644
Lamar,4436
Lanier,10340
Laurens,1878
Lee,3334
Liberty,2913
Lincoln,11855
Long,3166
Lowndes,2506
Lumpkin,3916
McDuffie,3300
McIntosh,2868
Macon,14628
Madison,11562
Marion,12626
Meriwether,7221
Miller,3630
Mitchell,5561
Monroe,5035
Montgomery,3064
Morgan,4198
Murray,7014
Muscogee,1472
Newton,5342
Oconee,1725
Oglethorpe,17386
Paulding,8902
Peach,5691
Pickens,3533
Pierce,23250
Pike,10765
Polk,6161
Pulaski,2630
Putnam,4897
Quitman,1140
Rabun,2957
Randolph,5246
Richmond,1474
Rockdale,2592
Schley,1047
Screven,9300
Seminole,4987
Spalding,3016
Stephens,2487
Stewart,3557
Sumter,2168
Talbot,3125
Taliaferro,134
Tattnall,6440
Taylor,1340
Telfair,7172
Terrell,4306
Thomas,1509
Tift,1472
Toombs,1456
Towns,2739
Treutlen,3405
Troup,2980
Turner,9280
Twiggs,12268
Union,1867
Upson,2875
Walker,10372
Walton,5081
Ware,1905
Warren,3518
Washington,3416
Wayne,3727
Webster,108
Wheeler,11892
White,6206
Whitfield,2572
Wilcox,8800
Wilkes,12349
Wilkinson,5998
Worth,5677
Hawaii,3219
Honolulu,2600
Kalawao,7
Kauai,3510
Maui,3178
Ada,1711
Adams,5564
Bannock,2024
Bear Lake,2416
Benewah,2337
Bingham,4279
Blaine,3469
Boise,5554
Bonner,3911
Bonneville,3273
Boundary,4774
Butte,3908
Camas,1172
Canyon,4222
Caribou,5875
Cassia,2438
Clark,71
Clearwater,1950
Custer,535
Elmore,2464
Franklin,6145
Fremont,8754
Gem,3208
Gooding,4110
Idaho,3013
Jefferson,6740
Jerome,6056
Kootenai,2174
Latah,2887
Lemhi,3565
Lewis,3875
Lincoln,7105
Madison,2876
Minidoka,6058
Nez Perce,1907
Oneida,3112
Owyhee,13967
Payette,3107
Power,6389
Shoshone,4649
Teton,3334
Twin Falls,2313
Valley,2508
Washington,3718
Adams,1924
Alexander,8335
Bond,2798
Boone,7737
Brown,8901
Bureau,3512
Calhoun,4818
Carroll,10060
Cass,1533
Champaign,1781
Christian,4879
Clark,5371
Clay,7739
Clinton,4874
Coles,2081
Cook,2296
Crawford,3171
Cumberland,2702
DeKalb,5356
De Witt,5285
Douglas,4789
DuPage,1928
Edgar,3556
Edwards,1598
Effingham,1830
Fayette,9403
Ford,2433
Franklin,4492
Fulton,5026
Gallatin,7609
Greene,5695
Grundy,4376
Hamilton,2956
Hancock,6127
Hardin,2315
Henderson,6709
Henry,6939
Iroquois,4043
Jackson,1289
Jasper,11180
Jefferson,2613
Jersey,4424
Jo Daviess,5720
Johnson,14679
Kane,3855
Kankakee,3625
Kendall,5805
Knox,2860
Lake,2346
LaSalle,4462
Lawrence,7195
Lee,2990
Livingston,3266
Logan,5464
McDonough,3357
McHenry,3947
McLean,3029
Macon,1929
Macoupin,6101
Madison,3484
Marion,3813
Marshall,17497
Mason,6268
Massac,6792
Menard,14737
Mercer,8326
Monroe,4648
Montgomery,2743
Morgan,3958
Moultrie,8578
Ogle,4730
Peoria,1311
Perry,3447
Piatt,3878
Pike,3093
Pope,4212
Pulaski,0
Putnam,11467
Randolph,3600
Richland,4240
Rock Island,3052
St. Clair,2775
Saline,2404
Sangamon,1373
Schuyler,5245
Scott,4926
Shelby,6726
Stark,8148
Stephenson,4092
Tazewell,4436
Union,2149
Vermilion,3083
Wabash,3581
Warren,5291
Washington,5949
Wayne,3841
White,5437
Whiteside,2557
Will,3537
Williamson,1764
Winnebago,2315
Woodford,3859
Adams,4957
Allen,2093
Bartholomew,2817
Benton,4327
Blackford,4097
Boone,1499
Brown,5546
Carroll,7864
Cass,3599
Clark,3467
Clay,4563
Clinton,8969
Crawford,2640
Daviess,3254
Dearborn,6074
Decatur,3192
DeKalb,4201
Delaware,2075
Dubois,2512
Elkhart,3406
Fayette,3431
Floyd,2290
Fountain,8227
Franklin,4032
Fulton,4876
Gibson,4390
Grant,3246
Greene,6484
Hamilton,2032
Hancock,3199
Harrison,4907
Hendricks,3321
Henry,3674
Howard,2813
Huntington,3024
Jackson,2637
Jasper,5571
Jay,4403
Jefferson,2822
Jennings,4135
Johnson,2328
Knox,1857
Kosciusko,4765
LaGrange,6115
Lake,3072
LaPorte,4115
Lawrence,3921
Madison,3270
Marion,1910
Marshall,3770
Martin,7662
Miami,6815
Monroe,2789
Montgomery,4311
Morgan,4127
Newton,17633
Noble,7306
Ohio,8750
Orange,3715
Owen,12023
Parke,7607
Perry,4296
Pike,14433
Porter,3283
Posey,15614
Pulaski,3892
Putnam,4789
Randolph,6446
Ripley,29234
Rush,3885
St. Joseph,2186
Scott,4224
Shelby,4483
Spencer,5453
Starke,9166
Steuben,7458
Sullivan,4144
Switzerland,3572
Tippecanoe,2729
Tipton,8069
Union,9546
Vanderburgh,1825
Vermillion,3775
Vigo,1936
Wabash,5090
Warren,1180
Warrick,1494
Washington,6515
Wayne,2353
Wells,4689
White,5704
Whitley,5563
Adair,3528
Adams,4901
Allamakee,2993
Appanoose,3610
Audubon,2007
Benton,7632
Black Hawk,1805
Boone,4964
Bremer,2696
Buchanan,5654
Buena Vista,5073
Butler,8918
Calhoun,2138
Carroll,1985
Cass,2802
Cedar,6037
Cerro Gordo,1244
Cherokee,2325
Chickasaw,3709
Clarke,4471
Clay,1916
Clayton,4696
Clinton,3327
Crawford,6715
Dallas,6102
Davis,4496
Decatur,4961
Delaware,2719
Des Moines,2490
Dickinson,4182
Dubuque,2219
Emmet,6199
Fayette,3811
Floyd,4375
Franklin,4513
Fremont,7947
Greene,11226
Grundy,6162
Guthrie,3859
Hamilton,3810
Hancock,5120
Hardin,3818
Harrison,4240
Henry,3554
Howard,2867
Humboldt,6146
Ida,4193
Iowa,3078
Jackson,6653
Jasper,4012
Jefferson,3358
Johnson,909
Jones,3878
Keokuk,12198
Kossuth,4005
Lee,2976
Linn,2790
Louisa,13976
Lucas,2503
Lyon,4917
Madison,4100
Mahaska,2710
Marion,1989
Marshall,2943
Mills,3348
Mitchell,5054
Monona,1972
Monroe,3909
Montgomery,2459
Muscatine,3217
O'Brien,2398
Osceola,4533
Page,2539
Palo Alto,4519
Plymouth,4384
Pocahontas,5670
Polk,1783
Pottawattamie,3313
Poweshiek,2324
Ringgold,2495
Sac,3024
Scott,2225
Shelby,3592
Sioux,2763
Story,3261
Tama,6143
Taylor,8242
Union,2369
Van Buren,2025
Wapello,2416
Warren,4283
Washington,3188
Wayne,2259
Webster,2522
Winnebago,3870
Winneshiek,1872
Woodbury,2422
Worth,11188
Wright,3225
Allen,2395
Anderson,3924
Atchison,2667
Barber,3187
Barton,2637
Bourbon,2615
Brown,2564
Butler,3746
Chase,2629
Chautauqua,3731
Cherokee,4630
Cheyenne,3215
Clark,787
Clay,2129
Cloud,3994
Coffey,2547
Comanche,1478
Cowley,3432
Crawford,1777
Decatur,3842
Dickinson,3870
Doniphan,4497
Douglas,2649
Edwards,5742
Elk,5006
Ellis,2032
Ellsworth,2822
Finney,2629
Ford,3868
Franklin,5187
Geary,3204
Gove,1964
Graham,3741
Grant,3716
Gray,8975
Greeley,1556
Greenwood,3252
Hamilton,2607
Harper,2230
Harvey,2046
Haskell,5052
Hodgeman,1220
Jackson,2956
Jefferson,4483
Jewell,1421
Johnson,1685
Kearny,1758
Kingman,8025
Kiowa,3114
Labette,2548
Lane,2079
Leavenworth,3383
Lincoln,4051
Linn,6488
Logan,1980
Lyon,2783
McPherson,3151
Marion,4491
Marshall,3569
Meade,4821
Miami,3775
Mitchell,4096
Montgomery,3725
Morris,4579
Morton,1802
Nemaha,2281
Neosho,2327
Ness,2855
Norton,3624
Osage,2277
Osborne,2963
Ottawa,8734
Pawnee,1551
Phillips,3571
Pottawatomie,4529
Pratt,1779
Rawlins,836
Reno,2481
Republic,2106
Rice,4321
Riley,2282
Rooks,2512
Rush,3722
Russell,2420
Saline,2024
Scott,1808
Sedgwick,1839
Seward,3128
Shawnee,1877
Sheridan,3034
Sherman,3620
Smith,2413
Stafford,6296
Stanton,3054
Stevens,4659
Sumner,4811
Thomas,2072
Trego,3443
Wabaunsee,3437
Wallace,1566
Washington,3635
Wichita,2827
Wilson,2234
Woodson,132
Wyandotte,3106
Adair,3985
Allen,10498
Anderson,5646
Ballard,2660
Barren,2003
Bath,13754
Bell,2922
Boone,3160
Bourbon,4699
Boyd,1409
Boyle,1887
Bracken,5782
Breathitt,2679
Breckinridge,6287
Bullitt,8353
Butler,14656
Caldwell,3078
Calloway,2847
Campbell,2618
Carlisle,4013
Carroll,3654
Carter,5604
Casey,16972
Christian,1870
Clark,2851
Clay,3089
Clinton,4610
Crittenden,4500
Cumberland,2975
Daviess,2559
Edmonson,14272
Elliott,8774
Estill,4404
Fayette,1181
Fleming,3507
Floyd,2086
Franklin,4108
Fulton,5136
Gallatin,3666
Garrard,7017
Grant,7106
Graves,4715
Grayson,2900
Green,6914
Greenup,3147
Hancock,1251
Hardin,2254
Harlan,4116
Harrison,3242
Hart,3940
Henderson,2850
Henry,3791
Hickman,6731
Hopkins,1891
Jackson,6397
Jefferson,1598
Jessamine,2867
Johnson,2395
Kenton,1994
Knott,4739
Knox,5052
Larue,21359
Laurel,3165
Lawrence,3536
Lee,4457
Leslie,5701
Letcher,2548
Lewis,5651
Lincoln,4231
Livingston,3860
Logan,5182
Lyon,3584
McCracken,1382
McCreary,5091
McLean,4626
Madison,3009
Magoffin,3908
Marion,3079
Marshall,4249
Martin,4481
Mason,2117
Meade,7085
Menifee,2613
Mercer,5859
Metcalfe,7562
Monroe,3918
Montgomery,2667
Morgan,5879
Muhlenberg,3163
Nelson,3215
Nicholas,8324
Ohio,4723
Oldham,3409
Owen,6318
Owsley,745
Pendleton,7764
Perry,1039
Pike,1607
Powell,13411
Pulaski,2225
Robertson,88
Rockcastle,3267
Rowan,1729
Russell,4448
Scott,3245
Shelby,3818
Simpson,3469
Spencer,4401
Taylor,2410
Todd,7001
Trigg,6279
Trimble,12796
Union,6961
Warren,2303
Washington,4543
Wayne,2731
Webster,5158
Whitley,1683
Wolfe,7982
Woodford,3234
Acadia,6379
Allen,6288
Ascension,4290
Assumption,11226
Avoyelles,5343
Beauregard,4790
Bienville,8720
Bossier,4017
Caddo,1549
Calcasieu,2312
Caldwell,4562
Cameron,5198
Catahoula,10943
Claiborne,4256
Concordia,5486
De Soto,10955
East Baton Rouge,1682
East Carroll,4721
East Feliciana,3924
Evangeline,3125
Franklin,3505
Grant,15664
Iberia,3853
Iberville,4927
Jackson,6728
Jefferson,1886
Jefferson Davis,4222
Lafayette,1700
Lafourche,3673
La Salle,3151
Lincoln,2750
Livingston,8895
Madison,4689
Morehouse,4186
Natchitoches,3615
Orleans,2375
Ouachita,1822
Plaquemines,8438
Pointe Coupee,5375
Rapides,1855
Red River,5328
Richland,2206
Sabine,10409
St. Bernard,6845
St. Charles,5714
St. Helena,6208
St. James,6185
St. John the Baptist,5676
St. Landry,2622
St. Martin,9370
St. Mary,3469
St. Tammany,2364
Tangipahoa,3809
Tensas,892
Terrebonne,3437
Union,14077
Vermilion,5466
Vernon,3998
Washington,3912
Webster,3193
West Baton Rouge,8328
West Carroll,5229
West Feliciana,4490
Winn,3202
Androscoggin,1753
Aroostook,1739
Cumberland,1151
Franklin,1968
Hancock,1431
Kennebec,1306
Knox,2280
Lincoln,1828
Oxford,3129
Penobscot,1207
Piscataquis,2513
Sagadahoc,3915
Somerset,2687
Waldo,2577
Washington,2404
York,2751
Allegany,2536
Anne Arundel,2398
Baltimore,1904
Calvert,3675
Caroline,3914
Carroll,3564
Cecil,4316
Charles,3870
Dorchester,3751
Frederick,2653
Garrett,2685
Harford,2972
Howard,1598
Kent,2525
Montgomery,1870
Prince George's,3396
Queen Anne's,4950
St. Mary's,4590
Somerset,4485
Talbot,1697
Washington,2767
Wicomico,1948
Worcester,2207
Baltimore City,1422
Barnstable,2067
Berkshire,1741
Bristol,2959
Dukes,2596
Essex,2351
Franklin,2418
Hampden,2117
Hampshire,1703
Middlesex,1855
Nantucket,3020
Norfolk,1807
Plymouth,2815
Suffolk,995
Worcester,1738
Alcona,3452
Alger,2061
Allegan,7321
Alpena,2015
Antrim,3788
Arenac,3801
Baraga,1862
Barry,4451
Bay,3723
Benzie,2997
Berrien,2466
Branch,3849
Calhoun,2468
Cass,8582
Charlevoix,2776
Cheboygan,3385
Chippewa,2712
Clare,4347
Clinton,6587
Crawford,1842
Delta,2387
Dickinson,1623
Eaton,5141
Emmet,1274
Genesee,2336
Gladwin,9476
Gogebic,2040
Grand Traverse,1169
Gratiot,2863
Hillsdale,5729
Houghton,2643
Huron,2915
Ingham,1735
Ionia,5030
Iosco,2939
Iron,2402
Isabella,3239
Jackson,3171
Kalamazoo,1714
Kalkaska,5147
Kent,1642
Keweenaw,88
Lake,14389
Lapeer,5528
Leelanau,5816
Lenawee,5658
Livingston,4408
Luce,1366
Mackinac,2880
Macomb,3416
Manistee,2822
Marquette,1583
Mason,2486
Mecosta,3585
Menominee,5179
Midland,1839
Missaukee,12537
Monroe,5380
Montcalm,3444
Montmorency,1869
Muskegon,2404
Newaygo,3676
Oakland,1487
Oceana,3164
Ogemaw,3496
Ontonagon,8779
Osceola,4696
Oscoda,6213
Otsego,2038
Ottawa,3315
Presque Isle,7554
Roscommon,3345
Saginaw,2000
St. Clair,3471
St. Joseph,5355
Sanilac,5155
Schoolcraft,2159
Shiawassee,3725
Tuscola,4486
Van Buren,3555
Washtenaw,905
Wayne,2626
Wexford,2193
Aitkin,2543
Anoka,3546
Becker,2077
Beltrami,2094
Benton,15128
Big Stone,1431
Blue Earth,1557
Brown,2235
Carlton,2976
Carver,2986
Cass,4414
Chippewa,2689
Chisago,4169
Clay,7206
Clearwater,3321
Cook,5933
Cottonwood,2352
Crow Wing,1861
Dakota,3378
Dodge,1730
Douglas,2040
Faribault,3688
Fillmore,10016
Freeborn,2488
Goodhue,2748
Grant,3975
Hennepin,1470
Houston,3757
Hubbard,2756
Isanti,5316
Itasca,2294
Jackson,1652
Kanabec,2618
Kandiyohi,2278
Kittson,1062
Koochiching,4169
Lac qui Parle,1906
Lake,3834
Lake of the Woods,3751
Le Sueur,16526
Lincoln,3785
Lyon,2255
McLeod,2647
Mahnomen,6209
Marshall,12486
Martin,2183
Meeker,5636
Mille Lacs,2383
Morrison,3495
Mower,4067
Murray,9528
Nicollet,3540
Nobles,3199
Norman,1619
Olmsted,601
Otter Tail,3313
Pennington,3354
Pine,7324
Pipestone,4833
Polk,3244
Pope,1853
Ramsey,1667
Red Lake,3999
Redwood,3816
Renville,6583
Rice,3178
Rock,4087
Roseau,3431
St. Louis,1471
Scott,5515
Sherburne,4722
Sibley,10441
Stearns,1620
Steele,3531
Stevens,3642
Swift,3049
Todd,3820
Traverse,4973
Wabasha,2490
Wadena,1902
Waseca,6246
Washington,2131
Watonwan,4711
Wilkin,1564
Winona,3797
Wright,4186
Yellow Medicine,2321
Adams,1869
Alcorn,3521
Amite,5690
Attala,3466
Benton,2068
Bolivar,2919
Calhoun,9051
Carroll,8374
Chickasaw,3050
Choctaw,4415
Claiborne,3363
Clarke,4585
Clay,4118
Coahoma,2447
Copiah,5706
Covington,4099
DeSoto,4374
Forrest,1915
Franklin,3237
George,6043
Greene,1235
Grenada,2788
Hancock,4420
Harrison,2540
Hinds,1694
Holmes,2950
Humphreys,4845
Issaquena,110
Itawamba,6857
Jackson,3120
Jasper,9634
Jefferson,2831
Jefferson Davis,6905
Jones,2742
Kemper,12390
Lafayette,2663
Lamar,5192
Lauderdale,1644
Lawrence,5104
Leake,5741
Lee,1395
Leflore,2292
Lincoln,2845
Lowndes,2470
Madison,1814
Marion,4899
Marshall,10382
Monroe,3188
Montgomery,3367
Neshoba,2537
Newton,4871
Noxubee,958
Oktibbeha,3611
Panola,5352
Pearl River,4685
Perry,6934
Pike,2926
Pontotoc,7601
Prentiss,3862
Quitman,8444
Rankin,2565
Scott,6970
Sharkey,6595
Simpson,4883
Smith,18364
Stone,4959
Sunflower,4492
Tallahatchie,5874
Tate,6432
Tippah,6492
Tishomingo,4103
Tunica,1657
Union,2662
Walthall,5310
Warren,2925
Washington,3146
Wayne,5663
Webster,3867
Wilkinson,4400
Winston,3433
Yalobusha,14046
Yazoo,6038
Adair,2384
Andrew,14647
Atchison,3213
Audrain,3792
Barry,2521
Barton,5323
Bates,5897
Benton,5568
Bollinger,24475
Boone,1530
Buchanan,2440
Butler,1600
Caldwell,4554
Callaway,5455
Camden,2884
Cape Girardeau,1622
Carroll,4181
Carter,6926
Cass,6763
Cedar,5289
Chariton,8970
Christian,4423
Clark,6783
Clay,2869
Clinton,3234
Cole,2503
Cooper,5036
Crawford,2178
Dade,3410
Dallas,19068
Daviess,10024
DeKalb,16826
Dent,7366
Douglas,7679
Dunklin,3368
Franklin,3144
Gasconade,4205
Gentry,4659
Greene,1604
Grundy,5299
Harrison,4243
Henry,2486
Hickory,7908
Holt,5294
Howard,3983
Howell,1720
Iron,11498
Jackson,2044
Jasper,2350
Jefferson,6610
Johnson,3719
Knox,7924
Laclede,2981
Lafayette,5710
Lawrence,3251
Lewis,7448
Lincoln,16265
Linn,4159
Livingston,3157
McDonald,9707
Macon,4565
Madison,3668
Maries,11790
Marion,2245
Mercer,7319
Miller,7223
Mississippi,9460
Moniteau,11256
Monroe,5759
Montgomery,7161
Morgan,8429
New Madrid,20465
Newton,5080
Nodaway,3732
Oregon,2635
Osage,20545
Ozark,6847
Pemiscot,5063
Perry,3732
Pettis,3510
Phelps,1826
Pike,4518
Platte,3073
Polk,2278
Pulaski,3392
Putnam,6361
Ralls,5112
Randolph,3725
Ray,7434
Reynolds,3343
Ripley,4941
St. Charles,4302
St. Clair,3683
Ste. Genevieve,5210
St. Francois,2520
St. Louis,1825
Saline,3269
Schuyler,3036
Scotland,1448
Scott,2922
Shannon,4095
Shelby,2017
Stoddard,3838
Stone,5528
Sullivan,4152
Taney,2361
Texas,4686
Vernon,4021
Warren,10688
Washington,4791
Wayne,5511
Webster,5371
Worth,4097
Wright,7191
St. Louis City,1559
Beaverhead,1902
Big Horn,2437
Blaine,3379
Broadwater,6011
Carbon,4818
Carter,669
Cascade,2138
Chouteau,6723
Custer,1748
Daniels,509
Dawson,2906
Deer Lodge,1672
Fallon,2235
Fergus,3263
Flathead,1873
Gallatin,2198
Garfield,1321
Glacier,2297
Golden Valley,1648
Granite,5047
Hill,2357
Jefferson,4345
Judith Basin,163
Lake,2450
Lewis and Clark,1839
Liberty,3035
Lincoln,2121
McCone,1746
Madison,2142
Meagher,2792
Mineral,2847
Missoula,1639
Musselshell,2326
Park,1673
Petroleum,43
Phillips,4934
Pondera,2734
Powder River,1789
Powell,3093
Prairie,590
Ravalli,3179
Richland,3572
Roosevelt,3512
Rosebud,2605
Sanders,3670
Sheridan,2876
Silver Bow,2259
Stillwater,7094
Sweet Grass,2774
Teton,6855
Toole,3656
Treasure,56
Valley,2231
Wheatland,745
Wibaux,85
Yellowstone,1581
Adams,1847
Antelope,3026
Arthur,38
Banner,61
Blaine,39
Boone,1417
Box Butte,3524
Boyd,2614
Brown,1996
Buffalo,1767
Burt,3476
Butler,3693
Cass,7596
Cedar,10219
Chase,1326
Cherry,2278
Cheyenne,2544
Clay,5174
Colfax,1814
Cuming,4496
Custer,3365
Dakota,12603
Dawes,3449
Dawson,2942
Deuel,154
Dixon,5732
Dodge,3001
Douglas,1472
Dundy,2244
Fillmore,2317
Franklin,1927
Frontier,2608
Furnas,2267
Gage,2402
Garden,1976
Garfield,4003
Gosper,83
Grant,54
Greeley,98
Hall,2457
Hamilton,2570
Harlan,2282
Hayes,75
Hitchcock,2806
Holt,1463
Hooker,365
Howard,3070
Jefferson,2855
Johnson,3449
Kearney,3486
Keith,2682
Keya Paha,66
Kimball,1206
Knox,2883
Lancaster,2282
Lincoln,2606
Logan,63
Loup,51
McPherson,41
Madison,1984
Merrick,5874
Morrill,6008
Nance,883
Nemaha,8348
Nuckolls,1904
Otoe,2833
Pawnee,2198
Perkins,1554
Phelps,2194
Pierce,2210
Platte,3467
Polk,5303
Red Willow,2358
Richardson,3538
Rock,399
Saline,3368
Sarpy,3718
Saunders,5675
Scotts Bluff,1974
Seward,6046
Sheridan,3061
Sherman,126
Sioux,1252
Stanton,1990
Thayer,3529
Thomas,60
Thurston,2536
Valley,1226
Washington,3220
Wayne,6566
Webster,1470
Wheeler,67
York,2507
Churchill,3493
Clark,3201
Douglas,2827
Elko,4580
Esmeralda,884
Eureka,2629
Humboldt,5460
Lander,8481
Lincoln,3912
Lyon,9297
Mineral,4486
Nye,4506
Pershing,3333
Storey,0
Washoe,2392
White Pine,3968
Carson City,1987
Belknap,2756
Carroll,1979
Cheshire,2554
Coos,1710
Grafton,818
Hillsborough,1862
Merrimack,1547
Rockingham,2189
Strafford,2320
Sullivan,2834
Atlantic,2530
Bergen,2762
Burlington,2753
Camden,1979
Cape May,3297
Cumberland,4351
Essex,2566
Gloucester,3818
Hudson,5457
Hunterdon,2261
Mercer,2184
Middlesex,3008
Monmouth,2219
Morris,2235
Ocean,4320
Passaic,4217
Salem,6903
Somerset,2906
Sussex,5829
Union,3332
Warren,4046
Bernalillo,1714
Catron,4774
Chaves,2742
Cibola,2661
Colfax,3536
Curry,3344
De Baca,2720
Dona Ana,2831
Eddy,4113
Grant,2033
Guadalupe,2697
Harding,683
Hidalgo,1060
Lea,4178
Lincoln,2996
Los Alamos,1376
Luna,4273
McKinley,2954
Mora,1502
Otero,3544
Quay,3801
Rio Arriba,3561
Roosevelt,3678
Sandoval,3233
San Juan,2968
San Miguel,2838
Santa Fe,1841
Sierra,3623
Socorro,3687
Taos,1952
Torrance,17733
Union,5560
Valencia,4984
Albany,1522
Allegany,3635
Bronx,2642
Broome,1742
Cattaraugus,3263
Cayuga,4752
Chautauqua,2902
Chemung,2036
Chenango,3692
Clinton,2418
Columbia,3323
Cortland,3345
Delaware,4386
Dutchess,2423
Erie,1868
Essex,3753
Franklin,2586
Fulton,3731
Genesee,4498
Greene,3923
Hamilton,5594
Herkimer,5044
Jefferson,2509
Kings,2937
Lewis,2954
Livingston,4027
Madison,2880
Monroe,1442
Montgomery,2970
Nassau,1401
New York,1178
Niagara,4011
Oneida,2085
Onondaga,1532
Ontario,2121
Orange,2506
Orleans,16785
Oswego,3659
Otsego,1225
Putnam,3825
Queens,3070
Rensselaer,3238
Richmond,1941
Rockland,2779
St. Lawrence,2677
Saratoga,2636
Schenectady,1996
Schoharie,7383
Schuyler,3264
Seneca,6117
Steuben,2628
Suffolk,2411
Sullivan,4732
Tioga,4988
Tompkins,2020
Ulster,3076
Warren,1261
Washington,4881
Wayne,5488
Westchester,1931
Wyoming,4370
Yates,3649
Alamance,3507
Alexander,6811
Alleghany,2779
Anson,5193
Ashe,3537
Avery,5452
Beaufort,3433
Bertie,7767
Bladen,6111
Brunswick,3267
Buncombe,1122
Burke,2976
Cabarrus,1988
Caldwell,3425
Camden,5291
Carteret,2216
Caswell,6797
Catawba,2174
Chatham,3663
Cherokee,3901
Chowan,2734
Clay,2703
Cleveland,2654
Columbus,3777
Craven,2407
Cumberland,1860
Currituck,9176
Dare,2974
Davidson,5791
Davie,3921
Duplin,5618
Durham,1229
Edgecombe,4664
Forsyth,1299
Franklin,15532
Gaston,2620
Gates,1929
Graham,5685
Granville,3637
Greene,9106
Guilford,2067
Halifax,3134
Harnett,4808
Haywood,3151
Henderson,1941
Hertford,2404
Hoke,5951
Hyde,6409
Iredell,2128
Jackson,1958
Johnston,4994
Jones,3363
Lee,2918
Lenoir,3405
Lincoln,3486
McDowell,4422
Macon,2606
Madison,3849
Martin,3898
Mecklenburg,1716
Mitchell,2275
Montgomery,5623
Moore,1490
Nash,2732
New Hanover,1587
Northampton,23141
Onslow,4044
Orange,972
Pamlico,4227
Pasquotank,2180
Pender,5658
Perquimans,16830
Person,3566
Pitt,1519
Polk,3243
Randolph,3563
Richmond,5690
Robeson,3473
Rockingham,4564
Rowan,3427
Rutherford,3510
Sampson,4308
Scotland,2240
Stanly,3940
Stokes,6196
Surry,2601
Swain,1651
Transylvania,2887
Tyrrell,0
Union,3440
Vance,3620
Wake,2065
Warren,23844
Washington,4980
Watauga,2380
Wayne,3021
Wilkes,3673
Wilson,3251
Yadkin,4824
Yancey,2673
Adams,806
Barnes,2244
Benson,2321
Billings,77
Bottineau,4334
Bowman,769
Burke,87
Burleigh,1429
Cass,1520
Cavalier,5677
Dickey,1542
Divide,761
Dunn,866
Eddy,96
Emmons,3960
Foster,1729
Golden Valley,959
Grand Forks,1378
Grant,396
Griggs,2630
Hettinger,629
Kidder,2450
LaMoure,6118
Logan,1997
McHenry,1454
McIntosh,1626
McKenzie,14671
McLean,5479
Mercer,2002
Morton,5940
Mountrail,4061
Nelson,4372
Oliver,162
Pembina,4354
Pierce,1608
Ramsey,1867
Ransom,2348
Renville,98
Richland,3397
Rolette,3029
Sargent,161
Sheridan,731
Sioux,2179
Slope,63
Stark,2785
Steele,159
Stutsman,1993
Towner,365
Traill,5614
Walsh,3356
Ward,2195
Wells,5011
Williams,3267
Adams,3631
Allen,2076
Ashland,3599
Ashtabula,5010
Athens,2448
Auglaize,4724
Belmont,3776
Brown,6053
Butler,3296
Carroll,14504
Champaign,7135
Clark,3888
Clermont,3970
Clinton,2715
Columbiana,4244
Coshocton,5629
Crawford,3831
Cuyahoga,1507
Darke,5331
Defiance,2974
Delaware,2652
Erie,2578
Fairfield,2972
Fayette,4151
Franklin,1748
Fulton,4757
Gallia,1661
Geauga,4294
Greene,2460
Guernsey,3745
Hamilton,1586
Hancock,2830
Hardin,5104
Harrison,12659
Henry,8136
Highland,4725
Hocking,4062
Holmes,8385
Huron,3535
Jackson,3541
Jefferson,3048
Knox,4206
Lake,3868
Lawrence,3849
Licking,4626
Logan,3946
Lorain,3553
Lucas,1741
Madison,4955
Mahoning,2136
Marion,4351
Medina,3327
Meigs,13641
Mercer,3906
Miami,3497
Monroe,8943
Montgomery,1811
Morgan,29313
Morrow,12854
Muskingum,2241
Noble,6853
Ottawa,6789
Paulding,6896
Perry,6305
Pickaway,4284
Pike,5693
Portage,5368
Preble,8436
Putnam,5536
Richland,3066
Ross,2476
Sandusky,3441
Scioto,2239
Seneca,4447
Shelby,6039
Stark,2345
Summit,1974
Trumbull,5143
Tuscarawas,4477
Union,4020
Van Wert,3742
Vinton,13116
Warren,2792
Washington,1813
Wayne,3990
Williams,4089
Wood,3003
Wyandot,6600
Adair,4211
Alfalfa,5831
Atoka,11557
Beaver,6645
Beckham,2137
Blaine,4521
Bryan,4123
Caddo,7360
Canadian,4097
Carter,2630
Cherokee,2894
Choctaw,3699
Cimarron,89
Cleveland,3191
Coal,7482
Comanche,2368
Cotton,8711
Craig,3410
Creek,7331
Custer,3120
Delaware,3508
Dewey,7333
Ellis,5935
Garfield,3190
Garvin,4260
Grady,4102
Grant,1442
Greer,1455
Harmon,3222
Harper,5074
Haskell,4096
Hughes,4660
Jackson,3715
Jefferson,3967
Johnston,4331
Kay,4241
Kingfisher,3541
Kiowa,4419
Latimer,5774
Le Flore,5488
Lincoln,5568
Logan,49273
Love,5372
McClain,3785
McCurtain,3674
McIntosh,4528
Major,6386
Marshall,5688
Mayes,5890
Murray,6259
Muskogee,3052
Noble,8464
Nowata,7197
Okfuskee,1344
Oklahoma,1844
Okmulgee,4799
Osage,8186
Ottawa,3256
Pawnee,5939
Payne,3813
Pittsburg,3038
Pontotoc,1984
Pottawatomie,3754
Pushmataha,7184
Roger Mills,3686
Rogers,4734
Seminole,3717
Sequoyah,6012
Stephens,3008
Texas,5012
Tillman,5554
Tulsa,1753
Wagoner,7031
Washington,3385
Washita,14838
Woods,3289
Woodward,3490
Baker,2036
Benton,1736
Clackamas,2948
Clatsop,2677
Columbia,4986
Coos,2285
Crook,5445
Curry,2462
Deschutes,1871
Douglas,2661
Gilliam,551
Grant,2462
Harney,2374
Hood River,1496
Jackson,1844
Jefferson,3720
Josephine,2298
Klamath,2103
Lake,3149
Lane,2356
Lincoln,2679
Linn,3974
Malheur,4155
Marion,2885
Morrow,3740
Multnomah,1536
Polk,3638
Sherman,1781
Tillamook,2623
Umatilla,3663
Union,2158
Wallowa,2199
Wasco,2209
Washington,2568
Wheeler,398
Yamhill,3258
Adams,3235
Allegheny,1453
Armstrong,3519
Beaver,3658
Bedford,5135
Berks,2820
Blair,1779
Bradford,1515
Bucks,2717
Butler,2519
Cambria,1944
Cameron,5091
Carbon,3769
Centre,2237
Chester,2335
Clarion,3361
Clearfield,2503
Clinton,3025
Columbia,3442
Crawford,2511
Cumberland,1997
Dauphin,1366
Delaware,2088
Elk,2875
Erie,1885
Fayette,3584
Forest,3640
Franklin,2796
Fulton,5771
Greene,3684
Huntingdon,4401
Indiana,3317
Jefferson,3309
Juniata,5851
Lackawanna,2044
Lancaster,2506
Lawrence,3949
Lebanon,2824
Lehigh,1608
Luzerne,2179
Lycoming,1854
McKean,3120
Mercer,2628
Mifflin,3034
Monroe,3632
Montgomery,1752
Montour,258
Northampton,1820
Northumberland,4522
Perry,7742
Philadelphia,2168
Pike,7784
Potter,3039
Schuylkill,3384
Snyder,3541
Somerset,3890
Sullivan,2024
Susquehanna,4868
Tioga,3178
Union,1608
Venango,2528
Warren,3027
Washington,2431
Wayne,3056
Westmoreland,2527
Wyoming,3642
York,2570
Bristol,3732
Kent,2056
Newport,2767
Providence,1839
Washington,2454
Abbeville,3300
Aiken,4786
Allendale,2558
Anderson,3123
Bamberg,3896
Barnwell,7095
Beaufort,2620
Berkeley,5508
Calhoun,9741
Charleston,1306
Cherokee,4162
Chester,8069
Chesterfield,5973
Clarendon,4781
Colleton,3279
Darlington,3275
Dillon,3308
Dorchester,4321
Edgefield,4898
Fairfield,4549
Florence,1733
Georgetown,3259
Greenville,1678
Greenwood,2056
Hampton,4285
Horry,2757
Jasper,6479
Kershaw,3555
Lancaster,4191
Laurens,4384
Lee,8232
Lexington,2885
McCormick,5523
Marion,4131
Marlboro,8005
Newberry,3466
Oconee,2853
Orangeburg,3562
Pickens,3029
Richland,1984
Saluda,12509
Spartanburg,2543
Sumter,3077
Union,5244
Williamsburg,10053
York,3969
Aurora,4139
Beadle,2302
Bennett,347
Bon Homme,2381
Brookings,2928
Brown,2201
Brule,1245
Buffalo,762
Butte,6758
Campbell,114
Charles Mix,2120
Clark,3739
Clay,2490
Codington,2442
Corson,1041
Custer,4355
Davison,2506
Day,4137
Deuel,4310
Dewey,6229
Douglas,1955
Edmunds,2929
Fall River,2551
Faulk,2912
Grant,2438
Gregory,1936
Haakon,1051
Hamlin,9004
Hand,2183
Hanson,140
Harding,676
Hughes,1892
Hutchinson,1897
Hyde,695
Jackson,827
Jerauld,1695
Jones,967
Kingsbury,3023
Lake,4212
Lawrence,2041
Lincoln,1443
Lyman,4859
McCook,7348
McPherson,3620
Marshall,6508
Meade,2736
Mellette,2042
Miner,2966
Minnehaha,1561
Moody,4606
Oglala Lakota,4915
Pennington,1595
Perkins,1461
Potter,368
Roberts,2048
Sanborn,2429
Spink,4829
Stanley,4528
Sully,2799
Todd,5719
Tripp,1701
Turner,1404
Union,1976
Walworth,2040
Yankton,1877
Ziebach,114
Anderson,2640
Bedford,3852
Benton,6181
Bledsoe,16356
Blount,2495
Bradley,2673
Campbell,2747
Cannon,7149
Carroll,2691
Carter,4213
Cheatham,2844
Chester,4658
Claiborne,2312
Clay,3854
Cocke,2942
Coffee,2106
Crockett,1102
Cumberland,2488
Davidson,1516
Decatur,3588
DeKalb,4031
Dickson,3568
Dyer,3059
Fayette,5110
Fentress,3481
Franklin,2839
Gibson,3597
Giles,3656
Grainger,6733
Greene,2532
Grundy,1112
Hamblen,2168
Hamilton,1449
Hancock,7068
Hardeman,5817
Hardin,2746
Hawkins,4758
Haywood,4262
Henderson,4294
Henry,2486
Hickman,7251
Houston,5287
Humphreys,4852
Jackson,17597
Jefferson,3571
Johnson,3660
Knox,1357
Lake,926
Lauderdale,13867
Lawrence,3493
Lewis,7529
Lincoln,3358
Loudon,3111
McMinn,3100
McNairy,4611
Macon,7537
Madison,1253
Marion,3281
Marshall,7747
Maury,2604
Meigs,3549
Monroe,6029
Montgomery,3745
Moore,2137
Morgan,9174
Obion,2874
Overton,3777
Perry,4721
Pickett,3384
Polk,3366
Putnam,1981
Rhea,4196
Roane,3794
Robertson,3883
Rutherford,3325
Scott,3361
Sequatchie,4299
Sevier,3371
Shelby,1941
Smith,4449
Stewart,14398
Sullivan,1265
Sumner,3040
Tipton,4719
Trousdale,6266
Unicoi,3806
Union,7995
Van Buren,5765
Warren,2844
Washington,895
Wayne,4352
Weakley,2869
White,4400
Williamson,1455
Wilson,3985
Anderson,4760
Andrews,3480
Angelina,2970
Aransas,5004
Archer,0
Armstrong,1970
Atascosa,8410
Austin,6963
Bailey,3530
Bandera,6007
Bastrop,6584
Baylor,2507
Bee,6462
Bell,1819
Bexar,2375
Blanco,6226
Borden,55
Bosque,4169
Bowie,2166
Brazoria,3209
Brazos,2853
Brewster,2880
Briscoe,1579
Brooks,3557
Brown,3226
Burleson,4872
Burnet,3825
Caldwell,5494
Calhoun,3636
Callahan,15695
Cameron,3550
Camp,7686
Carson,858
Cass,5760
Castro,10398
Chambers,12206
Cherokee,4775
Childress,1618
Clay,7833
Cochran,5687
Coke,140
Coleman,3365
Collin,2446
Collingsworth,592
Colorado,5659
Comal,2985
Comanche,3954
Concho,4855
Cooke,4421
Coryell,6376
Cottle,115
Crane,9534
Crockett,7063
Crosby,4876
Culberson,1102
Dallam,2097
Dallas,2382
Dawson,6074
Deaf Smith,10356
Delta,7973
Denton,3123
DeWitt,3392
Dickens,4458
Dimmit,4078
Donley,4141
Duval,1869
Eastland,5686
Ector,2946
Edwards,161
Ellis,4292
El Paso,3357
Erath,4183
Falls,11195
Fannin,7273
Fayette,4920
Fisher,4840
Floyd,4383
Foard,1250
Fort Bend,2669
Franklin,8972
Freestone,5072
Frio,6551
Gaines,9353
Galveston,2493
Garza,6528
Gillespie,2647
Glasscock,114
Goliad,7584
Gonzales,4505
Gray,4053
Grayson,3455
Gregg,1894
Grimes,7258
Guadalupe,5940
Hale,5024
Hall,6099
Hamilton,2265
Hansford,4545
Hardeman,4921
Hardin,7394
Harris,2803
Harrison,5176
Hartley,0
Haskell,1915
Hays,4019
Hemphill,2919
Henderson,5409
Hidalgo,3458
Hill,7787
Hockley,4074
Hood,4208
Hopkins,5138
Houston,8651
Howard,4261
Hudspeth,0
Hunt,4747
Hutchinson,5704
Irion,126
Jack,6630
Jackson,16458
Jasper,4100
Jeff Davis,4532
Jefferson,2621
Jim Hogg,5202
Jim Wells,5124
Johnson,4056
Jones,6162
Karnes,9014
Kaufman,5490
Kendall,2110
Kenedy,35
Kent,62
Kerr,2314
Kimble,2342
King,23
Kinney,3767
Kleberg,4445
Knox,4319
Lamar,2998
Lamb,5865
Lampasas,5369
La Salle,837
Lavaca,3261
Lee,7153
Leon,3454
Liberty,6722
Limestone,4509
Lipscomb,3355
Live Oak,15216
Llano,4856
Loving,11
Lubbock,1908
Lynn,3422
McCulloch,4651
McLennan,2728
McMullen,781
Madison,8347
Marion,3309
Martin,5690
Mason,2140
Matagorda,4459
Maverick,6047
Medina,8668
Menard,4263
Midland,3940
Milam,14005
Mills,4101
Mitchell,6190
Montague,9789
Montgomery,3113
Moore,5791
Morris,9319
Motley,1285
Nacogdoches,2599
Navarro,4279
Newton,6873
Nolan,5168
Nueces,2270
Ochiltree,7492
Oldham,2131
Orange,7607
Palo Pinto,4306
Panola,6763
Parker,5086
Parmer,5818
Pecos,3439
Polk,3696
Potter,1865
Presidio,5894
Rains,18040
Randall,3685
Reagan,3726
Real,4588
Red River,10173
Reeves,5163
Refugio,5956
Roberts,76
Robertson,19672
Rockwall,2502
Runnels,2929
Rusk,8006
Sabine,6113
San Augustine,6185
San Jacinto,16603
San Patricio,5701
San Saba,4998
Schleicher,2895
Scurry,4705
Shackelford,6581
Shelby,6374
Sherman,3079
Smith,1704
Somervell,2601
Starr,6856
Stephens,4055
Sterling,709
Stonewall,1615
Sutton,2008
Swisher,10002
Tarrant,2960
Taylor,2104
Terrell,856
Terry,5227
Throckmorton,3042
Titus,2860
Tom Green,2568
Travis,2253
Trinity,8972
Tyler,7020
Upshur,11692
Upton,2750
Uvalde,3939
Val Verde,5053
Van Zandt,9253
Victoria,2337
Walker,5625
Waller,61677
Ward,5126
Washington,3341
Webb,5073
Wharton,4109
Wheeler,4409
Wichita,2275
Wilbarger,3958
Willacy,4353
Williamson,2932
Wilson,4337
Winkler,6360
Wise,3874
Wood,3566
Yoakum,5004
Young,3303
Zapata,19052
Zavala,7305
Beaver,2100
Box Elder,6433
Cache,3973
Carbon,2810
Daggett,1022
Davis,3939
Duchesne,3334
Emery,11746
Garfield,2963
Grand,2139
Iron,4639
Juab,5459
Kane,3177
Millard,5090
Morgan,3924
Piute,119
Rich,1232
Salt Lake,2131
San Juan,2254
Sanpete,3681
Sevier,4090
Summit,2189
Tooele,7029
Uintah,4789
Utah,3667
Wasatch,5582
Washington,2707
Wayne,3616
Weber,3389
Addison,2108
Bennington,1785
Caledonia,2002
Chittenden,1223
Essex,7793
Franklin,2715
Grand Isle,8840
Lamoille,2206
Orange,2391
Orleans,2960
Rutland,2178
Washington,1863
Windham,1903
Windsor,1741
Accomack,3655
Albemarle,1891
Alleghany,3817
Amelia,17358
Amherst,6949
Appomattox,10481
Arlington,2866
Augusta,3051
Bath,5728
Bedford,4043
Bland,524
Botetourt,3801
Brunswick,8168
Buchanan,4647
Buckingham,7666
Campbell,11609
Caroline,13785
Carroll,2164
Charles City,5816
Charlotte,4119
Chesterfield,2763
Clarke,6914
Craig,5062
Culpeper,3691
Cumberland,3270
Dickenson,4906
Dinwiddie,35581
Essex,7698
Fairfax,2080
Fauquier,3742
Floyd,5125
Fluvanna,7605
Franklin,5498
Frederick,8227
Giles,3936
Gloucester,3474
Goochland,5729
Grayson,6521
Greene,10515
Greensville,5243
Halifax,3367
Hanover,2658
Henrico,2074
Henry,8021
Highland,4422
Isle of Wight,6769
James City,1891
King and Queen,2334
King George,5660
King William,6059
Lancaster,2697
Lee,5137
Loudoun,2839
Louisa,11769
Lunenburg,7629
Madison,4113
Mathews,5129
Mecklenburg,2907
Middlesex,5355
Montgomery,2528
Nelson,2797
New Kent,6296
Northampton,1890
Northumberland,4060
Nottoway,3256
Orange,5736
Page,4163
Patrick,5497
Pittsylvania,16315
Powhatan,6213
Prince Edward,2897
Prince George,7422
Prince William,4231
Pulaski,4235
Rappahannock,2440
Richmond,1808
Roanoke,2215
Rockbridge,5629
Rockingham,7181
Russell,4651
Scott,4560
Shenandoah,4035
Smyth,2356
Southampton,8835
Spotsylvania,3046
Stafford,6110
Surry,3270
Sussex,9410
Tazewell,2451
Warren,4106
Washington,2270
Westmoreland,17805
Wise,2985
Wythe,2885
York,2421
Alexandria City,3029
Bristol City,3364
Buena Vista City,12564
Charlottesville City,560
Chesapeake City,2398
Colonial Heights City,1337
Covington City,2754
Danville City,1481
Emporia City,394
Fairfax City,6595
Falls Church City,856
Franklin City,1619
Fredericksburg City,899
Galax City,247
Hampton City,3534
Harrisonburg City,1205
Hopewell City,4019
Lexington City,420
Lynchburg City,1164
Manassas City,1515
Manassas Park City,0
Martinsville City,13473
Newport News City,2523
Norfolk City,1575
Norton City,854
Petersburg City,2115
Poquoson City,1507
Portsmouth City,2654
Radford City,2551
Richmond City,1537
Roanoke City,1501
Salem City,1191
Staunton City,2934
Suffolk City,2060
Virginia Beach City,2349
Waynesboro City,4834
Williamsburg City,29927
Winchester City,537
Adams,3329
Asotin,3241
Benton,2420
Chelan,1471
Clallam,1854
Clark,3002
Columbia,2364
Cowlitz,2765
Douglas,7925
Ferry,2284
Franklin,6002
Garfield,1480
Grant,3611
Grays Harbor,4011
Island,4480
Jefferson,2134
King,1834
Kitsap,2969
Kittitas,3344
Klickitat,2618
Lewis,3229
Lincoln,4435
Mason,6268
Okanogan,2038
Pacific,6328
Pend Oreille,2880
Pierce,2264
San Juan,3733
Skagit,2128
Skamania,3975
Snohomish,3570
Spokane,1807
Stevens,2857
Thurston,2162
Wahkiakum,1107
Walla Walla,1848
Whatcom,2357
Whitman,3247
Yakima,2500
Barbour,3390
Berkeley,3424
Boone,3709
Braxton,4721
Brooke,10040
Cabell,958
Calhoun,3095
Clay,9997
Doddridge,12686
Fayette,3103
Gilmer,4675
Grant,4852
Greenbrier,1453
Hampshire,5580
Hancock,2750
Hardy,7624
Harrison,1432
Jackson,4324
Jefferson,3429
Kanawha,1151
Lewis,2049
Lincoln,3687
Logan,2710
McDowell,4519
Marion,3098
Marshall,4109
Mason,4343
Mercer,2027
Mineral,5474
Mingo,5958
Monongalia,1036
Monroe,4893
Morgan,3992
Nicholas,2123
Ohio,943
Pendleton,3207
Pleasants,15019
Pocahontas,3797
Preston,4001
Putnam,2439
Raleigh,1566
Randolph,1685
Ritchie,6276
Roane,2916
Summers,3759
Taylor,4227
Tucker,3464
Tyler,6132
Upshur,3107
Wayne,2935
Webster,3151
Wetzel,4111
Wirt,6523
Wood,1942
Wyoming,6504
Adams,14057
Ashland,1538
Barron,1684
Bayfield,18044
Brown,2125
Buffalo,13147
Burnett,9075
Calumet,13361
Chippewa,2915
Clark,5295
Columbia,3477
Crawford,3103
Dane,1397
Dodge,3253
Door,2504
Douglas,6537
Dunn,2944
Eau Claire,1343
Florence,5778
Fond du Lac,2763
Forest,4274
Grant,3518
Green,2810
Green Lake,2824
Iowa,3463
Iron,4256
Jackson,2685
Jefferson,4999
Juneau,2418
Kenosha,3686
Kewaunee,3133
La Crosse,1177
Lafayette,7518
Langlade,2268
Lincoln,3176
Manitowoc,3359
Marathon,1947
Marinette,2614
Marquette,23025
Menominee,3861
Milwaukee,1925
Monroe,2620
Oconto,4530
Oneida,1575
Outagamie,2104
Ozaukee,1660
Pepin,4848
Pierce,7524
Polk,3022
Portage,2702
Price,5438
Racine,3586
Richland,2927
Rock,3474
Rusk,4598
St. Croix,4448
Sauk,2191
Sawyer,2547
Shawano,2740
Sheboygan,2791
Taylor,3875
Trempealeau,4816
Vernon,2581
Vilas,4291
Walworth,4820
Washburn,3319
Washington,3611
Waukesha,1642
Waupaca,2985
Waushara,4997
Winnebago,2058
Wood,1226
Albany,2361
Big Horn,7933
Campbell,3499
Carbon,2982
Converse,2882
Crook,4333
Fremont,2170
Goshen,2888
Hot Springs,2704
Johnson,2821
Laramie,2112
Lincoln,3249
Natrona,2020
Niobrara,3587
Park,1585
Platte,4567
Sheridan,2279
Sublette,3362
Sweetwater,4206
Teton,1785
Uinta,3838
Washakie,3987
Weston,3702
