County_Name,pct_unemployed
Autauga,3
Baldwin,3
Barbour,5
Bibb,3
Blount,3
Bullock,4
Butler,4
Calhoun,4
Chambers,3
Cherokee,3
Chilton,3
Choctaw,5
Clarke,7
Clay,3
Cleburne,4
Coffee,3
Colbert,4
Conecuh,5
Coosa,4
Covington,4
Crenshaw,4
Cullman,3
Dale,4
Dallas,6
DeKalb,3
Elmore,3
Escambia,4
Etowah,4
Fayette,4
Franklin,3
Geneva,3
Greene,6
Hale,5
Henry,4
Houston,4
Jackson,4
Jefferson,3
Lamar,3
Lauderdale,4
Lawrence,4
Lee,3
Limestone,3
Lowndes,7
Macon,5
Madison,3
Marengo,5
Marion,4
Marshall,3
Mobile,4
Monroe,6
Montgomery,3
Morgan,3
Perry,6
Pickens,4
Pike,4
Randolph,4
Russell,4
St. Clair,3
Shelby,2
Sumter,5
Talladega,4
Tallapoosa,4
Tuscaloosa,3
Walker,4
Washington,5
Wilcox,9
Winston,4
Aleutians East,2
Aleutians West,3
Anchorage,5
Bethel,12
Bristol Bay,6
Denali,7
Dillingham,8
Fairbanks North Star,5
Haines,9
Hoonah-Angoon,12
Juneau,4
Kenai Peninsula,7
Ketchikan Gateway,6
Kodiak Island,5
Kusilvak,19
Lake and Peninsula,11
Matanuska-Susitna,7
Nome,11
North Slope,7
Northwest Arctic,14
Petersburg,8
Prince of Wales-Hyder,10
Sitka,4
Skagway,9
Southeast Fairbanks,9
Valdez-Cordova,7
Wrangell,7
Yakutat,8
Yukon-Koyukuk,15
Apache,10
Cochise,5
Coconino,5
Gila,5
Graham,5
Greenlee,4
La Paz,6
Maricopa,4
Mohave,5
Navajo,7
Pima,4
Pinal,5
Santa Cruz,9
Yavapai,4
Yuma,17
Arkansas,3
Ashley,5
Baxter,4
Benton,2
Boone,3
Bradley,4
Calhoun,3
Carroll,3
Chicot,6
Clark,3
Clay,4
Cleburne,4
Cleveland,3
Columbia,4
Conway,4
Craighead,3
Crawford,3
Crittenden,4
Cross,4
Dallas,4
Desha,4
Drew,5
Faulkner,3
Franklin,3
Fulton,3
Garland,4
Grant,3
Greene,3
Hempstead,3
Hot Spring,3
Howard,3
Independence,4
Izard,5
Jackson,6
Jefferson,5
Johnson,4
Lafayette,5
Lawrence,3
Lee,4
Lincoln,4
Little River,5
Logan,4
Lonoke,3
Madison,2
Marion,4
Miller,4
Mississippi,5
Monroe,4
Montgomery,4
Nevada,3
Newton,3
Ouachita,4
Perry,4
Phillips,6
Pike,4
Poinsett,3
Polk,4
Pope,4
Prairie,3
Pulaski,3
Randolph,3
St. Francis,5
Saline,3
Scott,3
Searcy,4
Sebastian,3
Sevier,4
Sharp,4
Stone,4
Union,5
Van Buren,5
Washington,2
White,4
Woodruff,4
Yell,4
Alameda,2
Alpine,4
Amador,4
Butte,4
Calaveras,3
Colusa,12
Contra Costa,3
Del Norte,5
El Dorado,3
Fresno,7
Glenn,6
Humboldt,3
Imperial,18
Inyo,3
Kern,7
Kings,7
Lake,5
Lassen,4
Los Angeles,4
Madera,7
Marin,2
Mariposa,5
Mendocino,3
Merced,8
Modoc,7
Mono,3
Monterey,6
Napa,2
Nevada,3
Orange,2
Placer,3
Plumas,7
Riverside,4
Sacramento,3
San Benito,5
San Bernardino,4
San Diego,3
San Francisco,2
San Joaquin,5
San Luis Obispo,2
San Mateo,2
Santa Barbara,3
Santa Clara,2
Santa Cruz,4
Shasta,4
Sierra,6
Siskiyou,6
Solano,3
Sonoma,2
Stanislaus,6
Sutter,7
Tehama,5
Trinity,5
Tulare,9
Tuolumne,4
Ventura,3
Yolo,4
Yuba,6
Adams,3
Alamosa,4
Arapahoe,3
Archuleta,3
Baca,1
Bent,3
Boulder,2
Broomfield,2
Chaffee,2
Cheyenne,1
Clear Creek,3
Conejos,4
Costilla,4
Crowley,4
Custer,3
Delta,3
Denver,3
Dolores,2
Douglas,2
Eagle,2
Elbert,2
El Paso,3
Fremont,5
Garfield,3
Gilpin,2
Grand,2
Gunnison,2
Hinsdale,2
Huerfano,6
Jackson,2
Jefferson,3
Kiowa,1
Kit Carson,2
Lake,2
La Plata,3
Larimer,2
Las Animas,4
Lincoln,2
Logan,2
Mesa,4
Mineral,2
Moffat,3
Montezuma,4
Montrose,3
Morgan,2
Otero,4
Ouray,3
Park,2
Phillips,1
Pitkin,3
Prowers,3
Pueblo,4
Rio Blanco,4
Rio Grande,4
Routt,2
Saguache,4
San Juan,3
San Miguel,3
Sedgwick,2
Summit,2
Teller,3
Washington,2
Weld,3
Yuma,2
Fairfield,3
Hartford,4
Litchfield,3
Middlesex,3
New Haven,4
New London,3
Tolland,3
Windham,4
Kent,4
New Castle,3
Sussex,3
District of Columbia,5
Alachua,3
Baker,3
Bay,3
Bradford,3
Brevard,3
Broward,3
Calhoun,4
Charlotte,4
Citrus,5
Clay,3
Collier,3
Columbia,3
DeSoto,3
Dixie,4
Duval,3
Escambia,3
Flagler,4
Franklin,3
Gadsden,4
Gilchrist,3
Glades,3
Gulf,4
Hamilton,4
Hardee,5
Hendry,6
Hernando,4
Highlands,4
Hillsborough,3
Holmes,3
Indian River,4
Jackson,3
Jefferson,3
Lafayette,3
Lake,3
Lee,3
Leon,3
Levy,3
Liberty,3
Madison,3
Manatee,3
Marion,4
Martin,3
Miami-Dade,3
Monroe,2
Nassau,3
Okaloosa,2
Okeechobee,3
Orange,3
Osceola,3
Palm Beach,3
Pasco,3
Pinellas,3
Polk,4
Putnam,4
St. Johns,2
St. Lucie,4
Santa Rosa,3
Sarasota,3
Seminole,3
Sumter,5
Suwannee,3
Taylor,3
Union,3
Volusia,3
Wakulla,3
Walton,3
Washington,3
Appling,4
Atkinson,3
Bacon,3
Baker,5
Baldwin,5
Banks,3
Barrow,3
Bartow,3
Ben Hill,5
Berrien,4
Bibb,4
Bleckley,5
Brantley,4
Brooks,3
Bryan,3
Bulloch,4
Burke,5
Butts,4
Calhoun,4
Camden,4
Candler,3
Carroll,4
Catoosa,3
Charlton,4
Chatham,3
Chattahoochee,5
Chattooga,4
Cherokee,3
Clarke,3
Clay,7
Clayton,4
Clinch,4
Cobb,3
Coffee,4
Colquitt,3
Columbia,3
Cook,3
Coweta,3
Crawford,4
Crisp,4
Dade,3
Dawson,3
Decatur,4
DeKalb,4
Dodge,5
Dooly,4
Dougherty,5
Douglas,4
Early,4
Echols,3
Effingham,3
Elbert,4
Emanuel,5
Evans,3
Fannin,3
Fayette,3
Floyd,4
Forsyth,3
Franklin,3
Fulton,4
Gilmer,4
Glascock,4
Glynn,3
Gordon,3
Grady,3
Greene,4
Gwinnett,3
Habersham,3
Hall,3
Hancock,6
Haralson,3
Harris,3
Hart,3
Heard,3
Henry,4
Houston,3
Irwin,5
Jackson,2
Jasper,3
Jeff Davis,4
Jefferson,5
Jenkins,5
Johnson,3
Jones,3
Lamar,4
Lanier,4
Laurens,4
Lee,3
Liberty,4
Lincoln,4
Long,3
Lowndes,4
Lumpkin,3
McDuffie,5
McIntosh,3
Macon,6
Madison,3
Marion,5
Meriwether,4
Miller,3
Mitchell,5
Monroe,3
Montgomery,5
Morgan,3
Murray,5
Muscogee,5
Newton,4
Oconee,2
Oglethorpe,3
Paulding,3
Peach,5
Pickens,3
Pierce,3
Pike,3
Polk,4
Pulaski,4
Putnam,4
Quitman,5
Rabun,4
Randolph,5
Richmond,5
Rockdale,4
Schley,4
Screven,5
Seminole,5
Spalding,4
Stephens,4
Stewart,4
Sumter,5
Talbot,5
Taliaferro,5
Tattnall,4
Taylor,6
Telfair,6
Terrell,6
Thomas,4
Tift,4
Toombs,5
Towns,5
Treutlen,5
Troup,3
Turner,5
Twiggs,5
Union,3
Upson,4
Walker,3
Walton,3
Ware,3
Warren,4
Washington,5
Wayne,4
Webster,6
Wheeler,7
White,3
Whitfield,4
Wilcox,5
Wilkes,4
Wilkinson,4
Worth,4
Hawaii,2
Honolulu,2
Kalawao,
Kauai,2
Maui,2
Ada,2
Adams,5
Bannock,2
Bear Lake,2
Benewah,4
Bingham,2
Blaine,2
Boise,4
Bonner,4
Bonneville,2
Boundary,4
Butte,3
Camas,2
Canyon,3
Caribou,2
Cassia,2
Clark,2
Clearwater,6
Custer,4
Elmore,3
Franklin,2
Fremont,2
Gem,3
Gooding,2
Idaho,4
Jefferson,2
Jerome,2
Kootenai,3
Latah,2
Lemhi,4
Lewis,5
Lincoln,3
Madison,1
Minidoka,2
Nez Perce,2
Oneida,2
Owyhee,3
Payette,3
Power,2
Shoshone,5
Teton,2
Twin Falls,2
Valley,3
Washington,4
Adams,3
Alexander,7
Bond,4
Boone,5
Brown,2
Bureau,5
Calhoun,5
Carroll,4
Cass,4
Champaign,4
Christian,5
Clark,5
Clay,5
Clinton,3
Coles,4
Cook,4
Crawford,5
Cumberland,4
DeKalb,4
De Witt,5
Douglas,4
DuPage,3
Edgar,4
Edwards,4
Effingham,3
Fayette,5
Ford,4
Franklin,6
Fulton,6
Gallatin,5
Greene,4
Grundy,4
Hamilton,4
Hancock,4
Hardin,7
Henderson,4
Henry,5
Iroquois,4
Jackson,4
Jasper,4
Jefferson,5
Jersey,4
Jo Daviess,4
Johnson,7
Kane,4
Kankakee,5
Kendall,3
Knox,5
Lake,4
LaSalle,5
Lawrence,5
Lee,4
Livingston,4
Logan,4
McDonough,5
McHenry,3
McLean,4
Macon,5
Macoupin,4
Madison,4
Marion,4
Marshall,5
Mason,5
Massac,7
Menard,4
Mercer,5
Monroe,3
Montgomery,5
Morgan,4
Moultrie,3
Ogle,5
Peoria,5
Perry,5
Piatt,4
Pike,4
Pope,6
Pulaski,8
Putnam,5
Randolph,4
Richland,4
Rock Island,5
St. Clair,5
Saline,6
Sangamon,4
Schuyler,4
Scott,5
Shelby,4
Stark,6
Stephenson,4
Tazewell,4
Union,6
Vermilion,6
Wabash,4
Warren,4
Washington,3
Wayne,5
White,4
Whiteside,4
Will,4
Williamson,5
Winnebago,5
Woodford,4
Adams,2
Allen,3
Bartholomew,2
Benton,3
Blackford,3
Boone,2
Brown,3
Carroll,3
Cass,3
Clark,3
Clay,3
Clinton,2
Crawford,4
Daviess,2
Dearborn,3
Decatur,2
DeKalb,2
Delaware,4
Dubois,2
Elkhart,2
Fayette,4
Floyd,3
Fountain,3
Franklin,3
Fulton,3
Gibson,2
Grant,3
Greene,4
Hamilton,2
Hancock,3
Harrison,3
Hendricks,2
Henry,3
Howard,4
Huntington,3
Jackson,2
Jasper,3
Jay,3
Jefferson,3
Jennings,3
Johnson,2
Knox,3
Kosciusko,2
LaGrange,2
Lake,4
LaPorte,4
Lawrence,3
Madison,3
Marion,3
Marshall,3
Martin,2
Miami,4
Monroe,3
Montgomery,3
Morgan,3
Newton,4
Noble,2
Ohio,3
Orange,3
Owen,4
Parke,3
Perry,3
Pike,3
Porter,3
Posey,2
Pulaski,3
Putnam,3
Randolph,3
Ripley,3
Rush,2
St. Joseph,3
Scott,3
Shelby,3
Spencer,3
Starke,4
Steuben,2
Sullivan,4
Switzerland,3
Tippecanoe,3
Tipton,2
Union,3
Vanderburgh,3
Vermillion,5
Vigo,4
Wabash,3
Warren,3
Warrick,2
Washington,3
Wayne,3
Wells,2
White,3
Whitley,2
Adair,2
Adams,1
Allamakee,3
Appanoose,3
Audubon,2
Benton,2
Black Hawk,2
Boone,2
Bremer,2
Buchanan,2
Buena Vista,2
Butler,2
Calhoun,2
Carroll,1
Cass,2
Cedar,2
Cerro Gordo,2
Cherokee,2
Chickasaw,2
Clarke,2
Clay,3
Clayton,3
Clinton,3
Crawford,3
Dallas,1
Davis,2
Decatur,2
Delaware,2
Des Moines,3
Dickinson,3
Dubuque,2
Emmet,2
Fayette,2
Floyd,2
Franklin,2
Fremont,1
Greene,2
Grundy,2
Guthrie,2
Hamilton,2
Hancock,2
Hardin,2
Harrison,2
Henry,2
Howard,2
Humboldt,2
Ida,1
Iowa,2
Jackson,2
Jasper,2
Jefferson,2
Johnson,1
Jones,2
Keokuk,2
Kossuth,2
Lee,3
Linn,2
Louisa,2
Lucas,1
Lyon,1
Madison,3
Mahaska,2
Marion,2
Marshall,4
Mills,2
Mitchell,1
Monona,2
Monroe,2
Montgomery,2
Muscatine,2
O'Brien,1
Osceola,1
Page,2
Palo Alto,2
Plymouth,1
Pocahontas,1
Polk,2
Pottawattamie,2
Poweshiek,2
Ringgold,2
Sac,2
Scott,2
Shelby,1
Sioux,1
Story,1
Tama,2
Taylor,1
Union,3
Van Buren,2
Wapello,3
Warren,2
Washington,2
Wayne,2
Webster,3
Winnebago,2
Winneshiek,2
Woodbury,2
Worth,2
Wright,2
Allen,4
Anderson,3
Atchison,4
Barber,2
Barton,3
Bourbon,4
Brown,3
Butler,3
Chase,2
Chautauqua,4
Cherokee,3
Cheyenne,2
Clark,2
Clay,3
Cloud,3
Coffey,4
Comanche,2
Cowley,3
Crawford,4
Decatur,3
Dickinson,3
Doniphan,3
Douglas,3
Edwards,2
Elk,3
Ellis,2
Ellsworth,2
Finney,2
Ford,2
Franklin,3
Geary,4
Gove,2
Graham,3
Grant,2
Gray,1
Greeley,1
Greenwood,3
Hamilton,1
Harper,2
Harvey,3
Haskell,2
Hodgeman,2
Jackson,2
Jefferson,3
Jewell,2
Johnson,2
Kearny,2
Kingman,3
Kiowa,2
Labette,3
Lane,2
Leavenworth,3
Lincoln,2
Linn,5
Logan,2
Lyon,3
McPherson,2
Marion,3
Marshall,2
Meade,2
Miami,3
Mitchell,2
Montgomery,4
Morris,2
Morton,3
Nemaha,2
Neosho,4
Ness,2
Norton,2
Osage,3
Osborne,2
Ottawa,2
Pawnee,3
Phillips,2
Pottawatomie,2
Pratt,2
Rawlins,2
Reno,3
Republic,2
Rice,2
Riley,2
Rooks,3
Rush,2
Russell,2
Saline,3
Scott,1
Sedgwick,3
Seward,3
Shawnee,3
Sheridan,2
Sherman,2
Smith,2
Stafford,2
Stanton,2
Stevens,2
Sumner,3
Thomas,2
Trego,3
Wabaunsee,3
Wallace,2
Washington,2
Wichita,2
Wilson,4
Woodson,4
Wyandotte,4
Adair,5
Allen,3
Anderson,3
Ballard,6
Barren,4
Bath,6
Bell,6
Boone,3
Bourbon,3
Boyd,5
Boyle,4
Bracken,4
Breathitt,7
Breckinridge,5
Bullitt,4
Butler,4
Caldwell,4
Calloway,3
Campbell,3
Carlisle,4
Carroll,4
Carter,9
Casey,4
Christian,5
Clark,4
Clay,7
Clinton,5
Crittenden,5
Cumberland,4
Daviess,3
Edmonson,5
Elliott,9
Estill,5
Fayette,3
Fleming,5
Floyd,6
Franklin,3
Fulton,5
Gallatin,4
Garrard,4
Grant,4
Graves,5
Grayson,4
Green,4
Greenup,6
Hancock,4
Hardin,4
Harlan,7
Harrison,4
Hart,3
Henderson,3
Henry,3
Hickman,5
Hopkins,4
Jackson,6
Jefferson,4
Jessamine,3
Johnson,6
Kenton,3
Knott,6
Knox,6
Larue,4
Laurel,5
Lawrence,7
Lee,6
Leslie,7
Letcher,6
Lewis,8
Lincoln,5
Livingston,6
Logan,3
Lyon,5
McCracken,5
McCreary,6
McLean,4
Madison,3
Magoffin,13
Marion,3
Marshall,5
Martin,6
Mason,5
Meade,4
Menifee,7
Mercer,4
Metcalfe,4
Monroe,4
Montgomery,5
Morgan,6
Muhlenberg,6
Nelson,4
Nicholas,4
Ohio,5
Oldham,3
Owen,4
Owsley,7
Pendleton,4
Perry,6
Pike,5
Powell,5
Pulaski,5
Robertson,4
Rockcastle,4
Rowan,5
Russell,5
Scott,3
Shelby,3
Simpson,3
Spencer,3
Taylor,4
Todd,3
Trigg,4
Trimble,4
Union,4
Warren,3
Washington,3
Wayne,7
Webster,4
Whitley,5
Wolfe,7
Woodford,3
Acadia,5
Allen,5
Ascension,4
Assumption,6
Avoyelles,5
Beauregard,5
Bienville,5
Bossier,4
Caddo,5
Calcasieu,3
Caldwell,5
Cameron,3
Catahoula,6
Claiborne,5
Concordia,7
De Soto,5
East Baton Rouge,4
East Carroll,10
East Feliciana,4
Evangeline,5
Franklin,7
Grant,5
Iberia,5
Iberville,6
Jackson,4
Jefferson,4
Jefferson Davis,4
Lafayette,4
Lafourche,4
La Salle,4
Lincoln,5
Livingston,4
Madison,8
Morehouse,8
Natchitoches,5
Orleans,5
Ouachita,5
Plaquemines,4
Pointe Coupee,5
Rapides,5
Red River,4
Richland,6
Sabine,5
St. Bernard,5
St. Charles,4
St. Helena,6
St. James,6
St. John the Baptist,5
St. Landry,6
St. Martin,5
St. Mary,6
St. Tammany,4
Tangipahoa,5
Tensas,7
Terrebonne,5
Union,5
Vermilion,5
Vernon,6
Washington,5
Webster,6
West Baton Rouge,4
West Carroll,9
West Feliciana,3
Winn,6
Androscoggin,3
Aroostook,4
Cumberland,2
Franklin,4
Hancock,3
Kennebec,3
Knox,3
Lincoln,3
Oxford,3
Penobscot,3
Piscataquis,4
Sagadahoc,2
Somerset,4
Waldo,3
Washington,4
York,3
Allegany,5
Anne Arundel,3
Baltimore,4
Calvert,3
Caroline,3
Carroll,3
Cecil,4
Charles,3
Dorchester,5
Frederick,3
Garrett,4
Harford,3
Howard,3
Kent,4
Montgomery,3
Prince George's,4
Queen Anne's,3
St. Mary's,3
Somerset,6
Talbot,3
Washington,4
Wicomico,5
Worcester,8
Baltimore City,5
Barnstable,4
Berkshire,4
Bristol,4
Dukes,4
Essex,3
Franklin,3
Hampden,4
Hampshire,3
Middlesex,2
Nantucket,4
Norfolk,2
Plymouth,3
Suffolk,3
Worcester,3
Alcona,6
Alger,7
Allegan,3
Alpena,5
Antrim,5
Arenac,7
Baraga,6
Barry,3
Bay,4
Benzie,5
Berrien,4
Branch,3
Calhoun,4
Cass,4
Charlevoix,4
Cheboygan,9
Chippewa,6
Clare,6
Clinton,3
Crawford,6
Delta,5
Dickinson,3
Eaton,3
Emmet,5
Genesee,4
Gladwin,5
Gogebic,5
Grand Traverse,3
Gratiot,4
Hillsdale,4
Houghton,5
Huron,4
Ingham,3
Ionia,3
Iosco,6
Iron,5
Isabella,3
Jackson,3
Kalamazoo,3
Kalkaska,5
Kent,2
Keweenaw,6
Lake,6
Lapeer,5
Leelanau,4
Lenawee,4
Livingston,3
Luce,6
Mackinac,9
Macomb,4
Manistee,5
Marquette,4
Mason,4
Mecosta,4
Menominee,4
Midland,3
Missaukee,5
Monroe,4
Montcalm,4
Montmorency,8
Muskegon,4
Newaygo,4
Oakland,3
Oceana,6
Ogemaw,7
Ontonagon,7
Osceola,4
Oscoda,6
Otsego,5
Ottawa,2
Presque Isle,7
Roscommon,7
Saginaw,4
St. Clair,4
St. Joseph,3
Sanilac,5
Schoolcraft,7
Shiawassee,4
Tuscola,5
Van Buren,4
Washtenaw,3
Wayne,5
Wexford,4
Aitkin,5
Anoka,2
Becker,3
Beltrami,4
Benton,3
Big Stone,3
Blue Earth,2
Brown,3
Carlton,4
Carver,2
Cass,5
Chippewa,3
Chisago,3
Clay,2
Clearwater,8
Cook,3
Cottonwood,3
Crow Wing,3
Dakota,2
Dodge,2
Douglas,2
Faribault,3
Fillmore,3
Freeborn,3
Goodhue,2
Grant,3
Hennepin,2
Houston,2
Hubbard,4
Isanti,3
Itasca,5
Jackson,2
Kanabec,5
Kandiyohi,2
Kittson,2
Koochiching,6
Lac qui Parle,3
Lake,3
Lake of the Woods,3
Le Sueur,4
Lincoln,2
Lyon,2
McLeod,3
Mahnomen,4
Marshall,5
Martin,3
Meeker,3
Mille Lacs,4
Morrison,4
Mower,2
Murray,3
Nicollet,2
Nobles,2
Norman,4
Olmsted,2
Otter Tail,3
Pennington,4
Pine,4
Pipestone,2
Polk,3
Pope,2
Ramsey,2
Red Lake,5
Redwood,3
Renville,3
Rice,2
Rock,2
Roseau,3
St. Louis,3
Scott,2
Sherburne,3
Sibley,3
Stearns,2
Steele,2
Stevens,2
Swift,3
Todd,3
Traverse,3
Wabasha,2
Wadena,5
Waseca,4
Washington,2
Watonwan,3
Wilkin,3
Winona,2
Wright,2
Yellow Medicine,2
Adams,6
Alcorn,4
Amite,6
Attala,5
Benton,5
Bolivar,6
Calhoun,4
Carroll,5
Chickasaw,4
Choctaw,4
Claiborne,9
Clarke,5
Clay,6
Coahoma,6
Copiah,5
Covington,4
DeSoto,3
Forrest,4
Franklin,6
George,6
Greene,6
Grenada,4
Hancock,4
Harrison,4
Hinds,4
Holmes,8
Humphreys,8
Issaquena,8
Itawamba,4
Jackson,5
Jasper,5
Jefferson,13
Jefferson Davis,6
Jones,4
Kemper,7
Lafayette,3
Lamar,3
Lauderdale,5
Lawrence,5
Leake,4
Lee,3
Leflore,6
Lincoln,4
Lowndes,4
Madison,3
Marion,5
Marshall,5
Monroe,4
Montgomery,5
Neshoba,4
Newton,4
Noxubee,6
Oktibbeha,4
Panola,5
Pearl River,4
Perry,5
Pike,5
Pontotoc,3
Prentiss,4
Quitman,7
Rankin,3
Scott,3
Sharkey,6
Simpson,4
Smith,4
Stone,5
Sunflower,7
Tallahatchie,5
Tate,4
Tippah,4
Tishomingo,4
Tunica,5
Union,3
Walthall,6
Warren,5
Washington,7
Wayne,5
Webster,4
Wilkinson,8
Winston,5
Yalobusha,4
Yazoo,5
Adair,3
Andrew,2
Atchison,2
Audrain,3
Barry,2
Barton,3
Bates,3
Benton,4
Bollinger,3
Boone,2
Buchanan,2
Butler,4
Caldwell,3
Callaway,2
Camden,4
Cape Girardeau,2
Carroll,3
Carter,5
Cass,3
Cedar,3
Chariton,2
Christian,2
Clark,3
Clay,2
Clinton,3
Cole,2
Cooper,3
Crawford,3
Dade,2
Dallas,3
Daviess,3
DeKalb,3
Dent,3
Douglas,4
Dunklin,5
Franklin,3
Gasconade,2
Gentry,2
Greene,2
Grundy,3
Harrison,3
Henry,3
Hickory,4
Holt,2
Howard,2
Howell,3
Iron,5
Jackson,3
Jasper,2
Jefferson,3
Johnson,3
Knox,2
Laclede,3
Lafayette,3
Lawrence,3
Lewis,2
Lincoln,3
Linn,4
Livingston,2
McDonald,3
Macon,2
Madison,3
Maries,3
Marion,3
Mercer,3
Miller,3
Mississippi,3
Moniteau,2
Monroe,3
Montgomery,2
Morgan,4
New Madrid,4
Newton,3
Nodaway,2
Oregon,3
Osage,2
Ozark,5
Pemiscot,5
Perry,2
Pettis,4
Phelps,3
Pike,3
Platte,2
Polk,3
Pulaski,3
Putnam,3
Ralls,2
Randolph,3
Ray,3
Reynolds,3
Ripley,5
St. Charles,2
St. Clair,4
Ste. Genevieve,2
St. Francois,3
St. Louis,3
Saline,3
Schuyler,4
Scotland,2
Scott,3
Shannon,4
Shelby,3
Stoddard,4
Stone,4
Sullivan,3
Taney,5
Texas,4
Vernon,3
Warren,2
Washington,4
Wayne,4
Webster,3
Worth,2
Wright,4
St. Louis City,3
Beaverhead,3
Big Horn,9
Blaine,4
Broadwater,3
Carbon,3
Carter,2
Cascade,3
Chouteau,3
Custer,3
Daniels,2
Dawson,2
Deer Lodge,3
Fallon,1
Fergus,3
Flathead,4
Gallatin,2
Garfield,2
Glacier,7
Golden Valley,4
Granite,5
Hill,3
Jefferson,3
Judith Basin,3
Lake,4
Lewis and Clark,3
Liberty,2
Lincoln,7
McCone,1
Madison,3
Meagher,3
Mineral,7
Missoula,3
Musselshell,4
Park,3
Petroleum,4
Phillips,4
Pondera,4
Powder River,2
Powell,4
Prairie,3
Ravalli,4
Richland,3
Roosevelt,4
Rosebud,5
Sanders,6
Sheridan,2
Silver Bow,4
Stillwater,3
Sweet Grass,3
Teton,3
Toole,2
Treasure,2
Valley,3
Wheatland,4
Wibaux,3
Yellowstone,3
Adams,2
Antelope,2
Arthur,5
Banner,3
Blaine,4
Boone,2
Box Butte,2
Boyd,2
Brown,3
Buffalo,2
Burt,3
Butler,2
Cass,2
Cedar,2
Chase,2
Cherry,2
Cheyenne,2
Clay,3
Colfax,2
Cuming,2
Custer,2
Dakota,3
Dawes,2
Dawson,2
Deuel,2
Dixon,2
Dodge,2
Douglas,3
Dundy,2
Fillmore,2
Franklin,2
Frontier,2
Furnas,2
Gage,3
Garden,2
Garfield,2
Gosper,2
Grant,2
Greeley,2
Hall,3
Hamilton,2
Harlan,2
Hayes,2
Hitchcock,3
Holt,2
Hooker,3
Howard,3
Jefferson,2
Johnson,3
Kearney,2
Keith,2
Keya Paha,2
Kimball,2
Knox,3
Lancaster,2
Lincoln,2
Logan,2
Loup,3
McPherson,2
Madison,2
Merrick,2
Morrill,2
Nance,2
Nemaha,3
Nuckolls,2
Otoe,2
Pawnee,2
Perkins,1
Phelps,2
Pierce,2
Platte,2
Polk,2
Red Willow,2
Richardson,2
Rock,2
Saline,3
Sarpy,2
Saunders,2
Scotts Bluff,3
Seward,2
Sheridan,2
Sherman,2
Sioux,2
Stanton,2
Thayer,2
Thomas,2
Thurston,4
Valley,2
Washington,2
Wayne,2
Webster,2
Wheeler,2
York,2
Churchill,3
Clark,4
Douglas,4
Elko,3
Esmeralda,4
Eureka,2
Humboldt,3
Lander,3
Lincoln,4
Lyon,5
Mineral,5
Nye,5
Pershing,4
Storey,4
Washoe,3
White Pine,3
Carson City,4
Belknap,2
Carroll,2
Cheshire,2
Coos,3
Grafton,2
Hillsborough,2
Merrimack,2
Rockingham,2
Strafford,2
Sullivan,2
Atlantic,5
Bergen,3
Burlington,3
Camden,4
Cape May,8
Cumberland,6
Essex,5
Gloucester,4
Hudson,3
Hunterdon,3
Mercer,3
Middlesex,3
Monmouth,3
Morris,3
Ocean,4
Passaic,5
Salem,5
Somerset,3
Sussex,3
Union,4
Warren,3
Bernalillo,4
Catron,6
Chaves,4
Cibola,6
Colfax,4
Curry,4
De Baca,4
Dona Ana,5
Eddy,3
Grant,4
Guadalupe,5
Harding,5
Hidalgo,3
Lea,4
Lincoln,4
Los Alamos,3
Luna,11
McKinley,7
Mora,6
Otero,4
Quay,4
Rio Arriba,5
Roosevelt,4
Sandoval,4
San Juan,5
San Miguel,5
Santa Fe,4
Sierra,7
Socorro,5
Taos,6
Torrance,7
Union,3
Valencia,5
Albany,3
Allegany,5
Bronx,5
Broome,4
Cattaraugus,5
Cayuga,4
Chautauqua,5
Chemung,4
Chenango,4
Clinton,4
Columbia,3
Cortland,5
Delaware,4
Dutchess,3
Erie,4
Essex,4
Franklin,5
Fulton,5
Genesee,4
Greene,4
Hamilton,6
Herkimer,4
Jefferson,5
Kings,4
Lewis,5
Livingston,4
Madison,4
Monroe,4
Montgomery,5
Nassau,3
New York,3
Niagara,5
Oneida,4
Onondaga,3
Ontario,3
Orange,3
Orleans,4
Oswego,5
Otsego,4
Putnam,3
Queens,3
Rensselaer,3
Richmond,4
Rockland,3
St. Lawrence,5
Saratoga,3
Schenectady,4
Schoharie,4
Schuyler,5
Seneca,3
Steuben,4
Suffolk,3
Sullivan,4
Tioga,4
Tompkins,3
Ulster,3
Warren,4
Washington,4
Wayne,4
Westchester,3
Wyoming,4
Yates,3
Alamance,3
Alexander,3
Alleghany,4
Anson,4
Ashe,3
Avery,3
Beaufort,4
Bertie,4
Bladen,5
Brunswick,5
Buncombe,2
Burke,3
Cabarrus,3
Caldwell,3
Camden,3
Carteret,4
Caswell,4
Catawba,3
Chatham,3
Cherokee,4
Chowan,4
Clay,4
Cleveland,3
Columbus,4
Craven,4
Cumberland,5
Currituck,3
Dare,5
Davidson,3
Davie,3
Duplin,4
Durham,3
Edgecombe,6
Forsyth,3
Franklin,3
Gaston,3
Gates,3
Graham,5
Granville,3
Greene,3
Guilford,4
Halifax,6
Harnett,4
Haywood,3
Henderson,3
Hertford,5
Hoke,5
Hyde,8
Iredell,3
Jackson,4
Johnston,3
Jones,4
Lee,4
Lenoir,3
Lincoln,3
McDowell,3
Macon,3
Madison,3
Martin,4
Mecklenburg,3
Mitchell,4
Montgomery,3
Moore,3
Nash,5
New Hanover,3
Northampton,5
Onslow,4
Orange,3
Pamlico,4
Pasquotank,4
Pender,4
Perquimans,4
Person,4
Pitt,4
Polk,3
Randolph,3
Richmond,5
Robeson,5
Rockingham,4
Rowan,3
Rutherford,5
Sampson,3
Scotland,7
Stanly,3
Stokes,3
Surry,3
Swain,4
Transylvania,3
Tyrrell,6
Union,3
Vance,5
Wake,3
Warren,5
Washington,5
Watauga,3
Wayne,4
Wilkes,3
Wilson,6
Yadkin,3
Yancey,3
Adams,2
Barnes,2
Benson,3
Billings,2
Bottineau,3
Bowman,1
Burke,2
Burleigh,2
Cass,2
Cavalier,2
Dickey,1
Divide,1
Dunn,1
Eddy,4
Emmons,4
Foster,2
Golden Valley,2
Grand Forks,2
Grant,2
Griggs,2
Hettinger,2
Kidder,4
LaMoure,1
Logan,2
McHenry,3
McIntosh,2
McKenzie,1
McLean,3
Mercer,4
Morton,3
Mountrail,1
Nelson,3
Oliver,4
Pembina,3
Pierce,3
Ramsey,2
Ransom,1
Renville,2
Richland,2
Rolette,9
Sargent,1
Sheridan,4
Sioux,4
Slope,2
Stark,2
Steele,1
Stutsman,2
Towner,2
Traill,2
Walsh,3
Ward,2
Wells,3
Williams,1
Adams,7
Allen,4
Ashland,4
Ashtabula,5
Athens,5
Auglaize,3
Belmont,5
Brown,5
Butler,4
Carroll,5
Champaign,3
Clark,4
Clermont,4
Clinton,5
Columbiana,5
Coshocton,6
Crawford,5
Cuyahoga,5
Darke,3
Defiance,4
Delaware,3
Erie,5
Fairfield,4
Fayette,4
Franklin,3
Fulton,4
Gallia,6
Geauga,4
Greene,4
Guernsey,5
Hamilton,4
Hancock,3
Hardin,4
Harrison,5
Henry,4
Highland,5
Hocking,5
Holmes,3
Huron,5
Jackson,6
Jefferson,6
Knox,4
Lake,4
Lawrence,5
Licking,3
Logan,3
Lorain,5
Lucas,5
Madison,3
Mahoning,5
Marion,4
Medina,4
Meigs,7
Mercer,2
Miami,3
Monroe,7
Montgomery,4
Morgan,6
Morrow,4
Muskingum,5
Noble,6
Ottawa,6
Paulding,4
Perry,5
Pickaway,4
Pike,6
Portage,4
Preble,4
Putnam,3
Richland,4
Ross,4
Sandusky,4
Scioto,6
Seneca,4
Shelby,3
Stark,4
Summit,4
Trumbull,6
Tuscarawas,4
Union,3
Van Wert,3
Vinton,6
Warren,3
Washington,5
Wayne,3
Williams,3
Wood,4
Wyandot,3
Adair,4
Alfalfa,2
Atoka,4
Beaver,2
Beckham,2
Blaine,2
Bryan,3
Caddo,3
Canadian,2
Carter,3
Cherokee,4
Choctaw,4
Cimarron,1
Cleveland,2
Coal,3
Comanche,3
Cotton,3
Craig,3
Creek,3
Custer,2
Delaware,3
Dewey,1
Ellis,2
Garfield,3
Garvin,3
Grady,3
Grant,2
Greer,3
Harmon,2
Harper,2
Haskell,5
Hughes,4
Jackson,3
Jefferson,3
Johnston,2
Kay,4
Kingfisher,2
Kiowa,4
Latimer,5
Le Flore,4
Lincoln,3
Logan,3
Love,2
McClain,2
McCurtain,5
McIntosh,5
Major,2
Marshall,3
Mayes,3
Murray,2
Muskogee,4
Noble,2
Nowata,4
Okfuskee,4
Oklahoma,3
Okmulgee,4
Osage,4
Ottawa,3
Pawnee,4
Payne,2
Pittsburg,3
Pontotoc,3
Pottawatomie,3
Pushmataha,5
Roger Mills,2
Rogers,3
Seminole,4
Sequoyah,4
Stephens,3
Texas,2
Tillman,3
Tulsa,3
Wagoner,3
Washington,3
Washita,3
Woods,2
Woodward,2
Baker,5
Benton,3
Clackamas,3
Clatsop,4
Columbia,5
Coos,5
Crook,5
Curry,6
Deschutes,4
Douglas,5
Gilliam,3
Grant,7
Harney,6
Hood River,3
Jackson,4
Jefferson,5
Josephine,5
Klamath,6
Lake,5
Lane,4
Lincoln,4
Linn,4
Malheur,4
Marion,4
Morrow,4
Multnomah,3
Polk,4
Sherman,4
Tillamook,4
Umatilla,4
Union,5
Wallowa,6
Wasco,4
Washington,3
Wheeler,3
Yamhill,3
Adams,3
Allegheny,4
Armstrong,5
Beaver,4
Bedford,4
Berks,4
Blair,4
Bradford,4
Bucks,3
Butler,3
Cambria,5
Cameron,5
Carbon,5
Centre,3
Chester,3
Clarion,4
Clearfield,4
Clinton,5
Columbia,4
Crawford,4
Cumberland,3
Dauphin,3
Delaware,4
Elk,3
Erie,4
Fayette,5
Forest,6
Franklin,3
Fulton,3
Greene,4
Huntingdon,5
Indiana,4
Jefferson,4
Juniata,4
Lackawanna,4
Lancaster,3
Lawrence,5
Lebanon,3
Lehigh,4
Luzerne,5
Lycoming,4
McKean,4
Mercer,4
Mifflin,4
Monroe,5
Montgomery,3
Montour,3
Northampton,4
Northumberland,5
Perry,3
Philadelphia,5
Pike,5
Potter,5
Schuylkill,5
Snyder,3
Somerset,5
Sullivan,4
Susquehanna,4
Tioga,5
Union,3
Venango,4
Warren,4
Washington,4
Wayne,4
Westmoreland,4
Wyoming,4
York,3
Bristol,3
Kent,3
Newport,3
Providence,4
Washington,3
Abbeville,3
Aiken,3
Allendale,5
Anderson,3
Bamberg,6
Barnwell,4
Beaufort,3
Berkeley,3
Calhoun,4
Charleston,2
Cherokee,3
Chester,4
Chesterfield,3
Clarendon,4
Colleton,4
Darlington,4
Dillon,4
Dorchester,3
Edgefield,3
Fairfield,6
Florence,3
Georgetown,4
Greenville,2
Greenwood,3
Hampton,3
Horry,4
Jasper,3
Kershaw,3
Lancaster,3
Laurens,3
Lee,4
Lexington,2
McCormick,3
Marion,5
Marlboro,5
Newberry,3
Oconee,3
Orangeburg,5
Pickens,3
Richland,3
Saluda,3
Spartanburg,3
Sumter,4
Union,4
Williamsburg,5
York,3
Aurora,2
Beadle,2
Bennett,4
Bon Homme,2
Brookings,2
Brown,2
Brule,2
Buffalo,5
Butte,3
Campbell,3
Charles Mix,3
Clark,3
Clay,2
Codington,3
Corson,4
Custer,4
Davison,2
Day,4
Deuel,4
Dewey,8
Douglas,2
Edmunds,2
Fall River,3
Faulk,3
Grant,3
Gregory,3
Haakon,2
Hamlin,3
Hand,2
Hanson,4
Harding,2
Hughes,2
Hutchinson,2
Hyde,3
Jackson,4
Jerauld,2
Jones,2
Kingsbury,2
Lake,3
Lawrence,2
Lincoln,2
Lyman,4
McCook,2
McPherson,3
Marshall,3
Meade,3
Mellette,4
Miner,2
Minnehaha,2
Moody,3
Oglala Lakota,10
Pennington,3
Perkins,2
Potter,3
Roberts,4
Sanborn,2
Spink,3
Stanley,2
Sully,2
Todd,6
Tripp,2
Turner,2
Union,3
Walworth,4
Yankton,2
Ziebach,5
Anderson,3
Bedford,3
Benton,4
Bledsoe,5
Blount,3
Bradley,3
Campbell,4
Cannon,3
Carroll,4
Carter,4
Cheatham,2
Chester,3
Claiborne,4
Clay,4
Cocke,4
Coffee,3
Crockett,3
Cumberland,4
Davidson,2
Decatur,4
DeKalb,4
Dickson,3
Dyer,4
Fayette,3
Fentress,4
Franklin,3
Gibson,4
Giles,3
Grainger,3
Greene,4
Grundy,4
Hamblen,3
Hamilton,3
Hancock,5
Hardeman,4
Hardin,4
Hawkins,3
Haywood,5
Henderson,4
Henry,4
Hickman,3
Houston,5
Humphreys,4
Jackson,4
Jefferson,3
Johnson,3
Knox,2
Lake,5
Lauderdale,5
Lawrence,4
Lewis,4
Lincoln,3
Loudon,3
McMinn,4
McNairy,5
Macon,3
Madison,3
Marion,4
Marshall,3
Maury,3
Meigs,4
Monroe,3
Montgomery,3
Moore,3
Morgan,4
Obion,4
Overton,3
Perry,4
Pickett,3
Polk,4
Putnam,3
Rhea,5
Roane,4
Robertson,3
Rutherford,2
Scott,4
Sequatchie,4
Sevier,3
Shelby,4
Smith,3
Stewart,5
Sullivan,3
Sumner,2
Tipton,4
Trousdale,3
Unicoi,4
Union,4
Van Buren,4
Warren,3
Washington,3
Wayne,4
Weakley,4
White,3
Williamson,2
Wilson,2
Anderson,3
Andrews,2
Angelina,4
Aransas,5
Archer,3
Armstrong,2
Atascosa,3
Austin,3
Bailey,4
Bandera,3
Bastrop,3
Baylor,3
Bee,5
Bell,4
Bexar,3
Blanco,2
Borden,3
Bosque,3
Bowie,4
Brazoria,4
Brazos,2
Brewster,3
Briscoe,3
Brooks,6
Brown,3
Burleson,3
Burnet,2
Caldwell,3
Calhoun,4
Callahan,3
Cameron,6
Camp,4
Carson,2
Cass,5
Castro,2
Chambers,5
Cherokee,4
Childress,2
Clay,3
Cochran,4
Coke,3
Coleman,3
Collin,3
Collingsworth,3
Colorado,3
Comal,3
Comanche,3
Concho,3
Cooke,3
Coryell,4
Cottle,4
Crane,3
Crockett,2
Crosby,4
Culberson,3
Dallam,2
Dallas,3
Dawson,4
Deaf Smith,2
Delta,3
Denton,3
DeWitt,3
Dickens,4
Dimmit,3
Donley,3
Duval,5
Eastland,3
Ector,2
Edwards,2
Ellis,3
El Paso,4
Erath,3
Falls,3
Fannin,3
Fayette,2
Fisher,3
Floyd,5
Foard,2
Fort Bend,3
Franklin,4
Freestone,5
Frio,2
Gaines,2
Galveston,4
Garza,2
Gillespie,2
Glasscock,1
Goliad,3
Gonzales,3
Gray,3
Grayson,3
Gregg,4
Grimes,4
Guadalupe,3
Hale,4
Hall,4
Hamilton,3
Hansford,2
Hardeman,3
Hardin,5
Harris,4
Harrison,4
Hartley,1
Haskell,3
Hays,2
Hemphill,2
Henderson,3
Hidalgo,6
Hill,3
Hockley,3
Hood,3
Hopkins,3
Houston,3
Howard,3
Hudspeth,4
Hunt,3
Hutchinson,4
Irion,3
Jack,2
Jackson,3
Jasper,6
Jeff Davis,2
Jefferson,6
Jim Hogg,5
Jim Wells,5
Johnson,3
Jones,4
Karnes,2
Kaufman,3
Kendall,2
Kenedy,3
Kent,2
Kerr,3
Kimble,3
King,2
Kinney,4
Kleberg,4
Knox,3
Lamar,3
Lamb,4
Lampasas,3
La Salle,2
Lavaca,3
Lee,3
Leon,5
Liberty,5
Limestone,4
Lipscomb,2
Live Oak,3
Llano,3
Loving,3
Lubbock,3
Lynn,3
McCulloch,3
McLennan,3
McMullen,1
Madison,4
Marion,4
Martin,2
Mason,3
Matagorda,6
Maverick,8
Medina,3
Menard,4
Midland,2
Milam,5
Mills,3
Mitchell,4
Montague,3
Montgomery,3
Moore,2
Morris,6
Motley,3
Nacogdoches,3
Navarro,3
Newton,6
Nolan,3
Nueces,4
Ochiltree,2
Oldham,2
Orange,5
Palo Pinto,3
Panola,4
Parker,3
Parmer,2
Pecos,3
Polk,5
Potter,2
Presidio,6
Rains,3
Randall,2
Reagan,2
Real,5
Red River,5
Reeves,2
Refugio,4
Roberts,2
Robertson,4
Rockwall,3
Runnels,3
Rusk,4
Sabine,7
San Augustine,6
San Jacinto,4
San Patricio,6
San Saba,3
Schleicher,2
Scurry,3
Shackelford,2
Shelby,4
Sherman,2
Smith,3
Somervell,4
Starr,10
Stephens,3
Sterling,3
Stonewall,3
Sutton,3
Swisher,4
Tarrant,3
Taylor,3
Terrell,3
Terry,4
Throckmorton,3
Titus,5
Tom Green,3
Travis,2
Trinity,5
Tyler,6
Upshur,4
Upton,3
Uvalde,4
Val Verde,4
Van Zandt,3
Victoria,3
Walker,4
Waller,4
Ward,2
Washington,3
Webb,3
Wharton,3
Wheeler,3
Wichita,3
Wilbarger,4
Willacy,9
Williamson,3
Wilson,3
Winkler,2
Wise,3
Wood,4
Yoakum,2
Young,3
Zapata,5
Zavala,9
Beaver,3
Box Elder,3
Cache,2
Carbon,4
Daggett,4
Davis,2
Duchesne,4
Emery,4
Garfield,7
Grand,4
Iron,3
Juab,2
Kane,3
Millard,3
Morgan,2
Piute,5
Rich,3
Salt Lake,3
San Juan,6
Sanpete,3
Sevier,3
Summit,3
Tooele,3
Uintah,4
Utah,2
Wasatch,3
Washington,3
Wayne,5
Weber,3
Addison,2
Bennington,3
Caledonia,3
Chittenden,2
Essex,3
Franklin,2
Grand Isle,3
Lamoille,3
Orange,2
Orleans,4
Rutland,3
Washington,2
Windham,2
Windsor,2
Accomack,3
Albemarle,2
Alleghany,3
Amelia,3
Amherst,3
Appomattox,3
Arlington,1
Augusta,2
Bath,2
Bedford,3
Bland,3
Botetourt,2
Brunswick,4
Buchanan,5
Buckingham,4
Campbell,3
Caroline,3
Carroll,3
Charles City,3
Charlotte,3
Chesterfield,2
Clarke,2
Craig,3
Culpeper,2
Cumberland,3
Dickenson,5
Dinwiddie,3
Essex,3
Fairfax,2
Fauquier,2
Floyd,2
Fluvanna,2
Franklin,3
Frederick,2
Giles,3
Gloucester,2
Goochland,2
Grayson,3
Greene,2
Greensville,3
Halifax,4
Hanover,2
Henrico,2
Henry,3
Highland,2
Isle of Wight,2
James City,2
King and Queen,3
King George,2
King William,2
Lancaster,4
Lee,4
Loudoun,2
Louisa,2
Lunenburg,3
Madison,2
Mathews,3
Mecklenburg,4
Middlesex,2
Montgomery,2
Nelson,3
New Kent,2
Northampton,5
Northumberland,4
Nottoway,3
Orange,2
Page,4
Patrick,3
Pittsylvania,3
Powhatan,2
Prince Edward,3
Prince George,3
Prince William,2
Pulaski,3
Rappahannock,2
Richmond,3
Roanoke,2
Rockbridge,2
Rockingham,2
Russell,4
Scott,3
Shenandoah,2
Smyth,3
Southampton,2
Spotsylvania,3
Stafford,2
Surry,3
Sussex,4
Tazewell,4
Warren,3
Washington,3
Westmoreland,3
Wise,4
Wythe,3
York,2
Alexandria City,2
Bristol City,3
Buena Vista City,3
Charlottesville City,2
Chesapeake City,3
Colonial Heights City,3
Covington City,4
Danville City,5
Emporia City,4
Fairfax City,2
Falls Church City,2
Franklin City,4
Fredericksburg City,3
Galax City,3
Hampton City,4
Harrisonburg City,3
Hopewell City,4
Lexington City,4
Lynchburg City,3
Manassas City,2
Manassas Park City,2
Martinsville City,4
Newport News City,3
Norfolk City,3
Norton City,3
Petersburg City,6
Poquoson City,2
Portsmouth City,4
Radford City,3
Richmond City,3
Roanoke City,3
Salem City,2
Staunton City,2
Suffolk City,3
Virginia Beach City,2
Waynesboro City,3
Williamsburg City,4
Winchester City,2
Adams,5
Asotin,4
Benton,5
Chelan,4
Clallam,6
Clark,4
Columbia,5
Cowlitz,5
Douglas,5
Ferry,11
Franklin,6
Garfield,5
Grant,6
Grays Harbor,6
Island,5
Jefferson,5
King,3
Kitsap,4
Kittitas,5
Klickitat,5
Lewis,6
Lincoln,4
Mason,6
Okanogan,6
Pacific,6
Pend Oreille,7
Pierce,5
San Juan,3
Skagit,5
Skamania,5
Snohomish,3
Spokane,5
Stevens,7
Thurston,4
Wahkiakum,6
Walla Walla,4
Whatcom,4
Whitman,4
Yakima,6
Barbour,6
Berkeley,4
Boone,6
Braxton,7
Brooke,6
Cabell,4
Calhoun,10
Clay,8
Doddridge,3
Fayette,6
Gilmer,6
Grant,5
Greenbrier,5
Hampshire,4
Hancock,5
Hardy,5
Harrison,4
Jackson,3
Jefferson,3
Kanawha,5
Lewis,5
Lincoln,6
Logan,7
McDowell,9
Marion,5
Marshall,5
Mason,7
Mercer,6
Mineral,5
Mingo,7
Monongalia,4
Monroe,4
Morgan,4
Nicholas,6
Ohio,4
Pendleton,3
Pleasants,6
Pocahontas,6
Preston,5
Putnam,4
Raleigh,5
Randolph,5
Ritchie,5
Roane,7
Summers,6
Taylor,4
Tucker,5
Tyler,7
Upshur,5
Wayne,6
Webster,6
Wetzel,7
Wirt,7
Wood,5
Wyoming,7
Adams,4
Ashland,4
Barron,3
Bayfield,4
Brown,2
Buffalo,3
Burnett,4
Calumet,2
Chippewa,3
Clark,2
Columbia,2
Crawford,3
Dane,2
Dodge,2
Door,3
Douglas,3
Dunn,3
Eau Claire,2
Florence,3
Fond du Lac,2
Forest,4
Grant,2
Green,2
Green Lake,3
Iowa,2
Iron,5
Jackson,3
Jefferson,2
Juneau,3
Kenosha,3
Kewaunee,2
La Crosse,2
Lafayette,2
Langlade,3
Lincoln,3
Manitowoc,3
Marathon,2
Marinette,4
Marquette,3
Menominee,5
Milwaukee,3
Monroe,2
Oconto,3
Oneida,3
Outagamie,2
Ozaukee,2
Pepin,3
Pierce,3
Polk,3
Portage,3
Price,3
Racine,3
Richland,2
Rock,3
Rusk,3
St. Croix,3
Sauk,2
Sawyer,4
Shawano,3
Sheboygan,2
Taylor,3
Trempealeau,2
Vernon,2
Vilas,3
Walworth,2
Washburn,3
Washington,2
Waukesha,2
Waupaca,2
Waushara,3
Winnebago,2
Wood,3
Albany,3
Big Horn,4
Campbell,4
Carbon,3
Converse,3
Crook,3
Fremont,5
Goshen,3
Hot Springs,3
Johnson,3
Laramie,3
Lincoln,3
Natrona,4
Niobrara,2
Park,4
Platte,3
Sheridan,4
Sublette,4
Sweetwater,4
Teton,3
Uinta,4
Washakie,4
Weston,3
